Command line:
   ./network_proc_full_tb_isim_beh.exe
     -intstyle  ise
     -ipchost  localhost
     -ipcport  1036

Sat Mar 07 23:44:51 2026

Total Line Count : 2079

 Elaboration Time: 0.109375 sec

 Current Memory Usage: 144.945 Meg

 Total Signals          : 654
 Total Nets             : 4413
 Total Signal Drivers   : 397
 Total Blocks           : 58
 Total Primitive Blocks : 25
 Total Processes        : 547
 Total Traceable Variables  : 753
 Total Scalar Nets and Variables : 251560
ntrace select -o on -n /network_proc_full_tb/out_data 
ntrace select -o on -n /network_proc_full_tb/out_ctrl 
ntrace select -o on -n /network_proc_full_tb/out_wr 
ntrace select -o on -n /network_proc_full_tb/in_rdy 
ntrace select -o on -n /network_proc_full_tb/debug_instr_out 
ntrace select -o on -n /network_proc_full_tb/PC_END 
ntrace select -o on -n /network_proc_full_tb/DATA_WIDTH 
ntrace select -o on -n /network_proc_full_tb/CTRL_WIDTH 
ntrace select -o on -n /network_proc_full_tb/FIFO_DEPTH_WORDS 
ntrace select -o on -n /network_proc_full_tb/CLK_PERIOD 
ntrace select -o on -n /network_proc_full_tb/i 
ntrace select -o on -n /network_proc_full_tb/clk 
ntrace select -o on -n /network_proc_full_tb/fifo_reset 
ntrace select -o on -n /network_proc_full_tb/reset_cpu 
ntrace select -o on -n /network_proc_full_tb/reset_gpu 
ntrace select -o on -n /network_proc_full_tb/memory_port_master 
ntrace select -o on -n /network_proc_full_tb/out_rdy 
ntrace select -o on -n /network_proc_full_tb/in_data 
ntrace select -o on -n /network_proc_full_tb/in_ctrl 
ntrace select -o on -n /network_proc_full_tb/in_wr 
ntrace select -o on -n /network_proc_full_tb/sent_packet_data 
ntrace select -o on -n /network_proc_full_tb/sent_packet_ctrl 
ntrace select -o on -n /network_proc_full_tb/sent_word_count 
ntrace select -o on -n /network_proc_full_tb/received_word_count 
ntrace select -o on -n /network_proc_full_tb/errors 
ntrace select -o on -n /network_proc_full_tb/last_cpu_addr 
ntrace select -o on -n /network_proc_full_tb/cpu_activity_detected 
ntrace select -o on -n /network_proc_full_tb/debug_pc 
ntrace select -o on -n /network_proc_full_tb/debug_enable 
ntrace select -o on -n /network_proc_full_tb/debug_instr_in 
ntrace select -o on -n /network_proc_full_tb/debug_instr_write_en 
ntrace start 
isimrun 1000 ns 
Simulator is doing circuit initialization process.
Finished circuit initialization process.
WARNING:Simulator:29 - at 100.000 ns: Warning: Timing violation in
   /network_proc_full_tb/uut/fifo_instance/ram_inst/inst/  $recovery(
   CLKB:100.000 ns, CLKA:100.000 ns,1.000 ns)

WARNING:Simulator:29 - at 100.000 ns: Warning: Timing violation in
   /network_proc_full_tb/uut/fifo_instance/ram_inst/inst/  $recovery(
   CLKA:100.000 ns, CLKB:100.000 ns,1.000 ns)

WARNING:Simulator:29 - at 100.000 ns: Warning: Timing violation in
   /network_proc_full_tb/uut/gpu_instance/ICache/inst/  $recovery( CLKB:100.000
   ns, CLKA:100.000 ns,1.000 ns)

WARNING:Simulator:29 - at 100.000 ns: Warning: Timing violation in
   /network_proc_full_tb/uut/gpu_instance/ICache/inst/  $recovery( CLKA:100.000
   ns, CLKB:100.000 ns,1.000 ns)

WARNING:Simulator:29 - at 200.000 ns: Warning: Timing violation in
   /network_proc_full_tb/uut/fifo_instance/ram_inst/inst/  $recovery(
   CLKB:200.000 ns, CLKA:200.000 ns,1.000 ns)

WARNING:Simulator:29 - at 200.000 ns: Warning: Timing violation in
   /network_proc_full_tb/uut/fifo_instance/ram_inst/inst/  $recovery(
   CLKA:200.000 ns, CLKB:200.000 ns,1.000 ns)

WARNING:Simulator:29 - at 200.000 ns: Warning: Timing violation in
   /network_proc_full_tb/uut/gpu_instance/ICache/inst/  $recovery( CLKB:200.000
   ns, CLKA:200.000 ns,1.000 ns)

WARNING:Simulator:29 - at 200.000 ns: Warning: Timing violation in
   /network_proc_full_tb/uut/gpu_instance/ICache/inst/  $recovery( CLKA:200.000
   ns, CLKB:200.000 ns,1.000 ns)

WARNING:Simulator:29 - at 300.000 ns: Warning: Timing violation in
   /network_proc_full_tb/uut/fifo_instance/ram_inst/inst/  $recovery(
   CLKB:300.000 ns, CLKA:300.000 ns,1.000 ns)

WARNING:Simulator:29 - at 300.000 ns: Warning: Timing violation in
   /network_proc_full_tb/uut/fifo_instance/ram_inst/inst/  $recovery(
   CLKA:300.000 ns, CLKB:300.000 ns,1.000 ns)

WARNING:Simulator:29 - at 300.000 ns: Warning: Timing violation in
   /network_proc_full_tb/uut/gpu_instance/ICache/inst/  $recovery( CLKB:300.000
   ns, CLKA:300.000 ns,1.000 ns)

WARNING:Simulator:29 - at 300.000 ns: Warning: Timing violation in
   /network_proc_full_tb/uut/gpu_instance/ICache/inst/  $recovery( CLKA:300.000
   ns, CLKB:300.000 ns,1.000 ns)

WARNING:Simulator:29 - at 400.000 ns: Warning: Timing violation in
   /network_proc_full_tb/uut/fifo_instance/ram_inst/inst/  $recovery(
   CLKB:400.000 ns, CLKA:400.000 ns,1.000 ns)

WARNING:Simulator:29 - at 400.000 ns: Warning: Timing violation in
   /network_proc_full_tb/uut/fifo_instance/ram_inst/inst/  $recovery(
   CLKA:400.000 ns, CLKB:400.000 ns,1.000 ns)

WARNING:Simulator:29 - at 400.000 ns: Warning: Timing violation in
   /network_proc_full_tb/uut/gpu_instance/ICache/inst/  $recovery( CLKB:400.000
   ns, CLKA:400.000 ns,1.000 ns)

WARNING:Simulator:29 - at 400.000 ns: Warning: Timing violation in
   /network_proc_full_tb/uut/gpu_instance/ICache/inst/  $recovery( CLKA:400.000
   ns, CLKB:400.000 ns,1.000 ns)

WARNING:Simulator:29 - at 500.000 ns: Warning: Timing violation in
   /network_proc_full_tb/uut/fifo_instance/ram_inst/inst/  $recovery(
   CLKB:500.000 ns, CLKA:500.000 ns,1.000 ns)

WARNING:Simulator:29 - at 500.000 ns: Warning: Timing violation in
   /network_proc_full_tb/uut/fifo_instance/ram_inst/inst/  $recovery(
   CLKA:500.000 ns, CLKB:500.000 ns,1.000 ns)

WARNING:Simulator:29 - at 500.000 ns: Warning: Timing violation in
   /network_proc_full_tb/uut/gpu_instance/ICache/inst/  $recovery( CLKB:500.000
   ns, CLKA:500.000 ns,1.000 ns)

WARNING:Simulator:29 - at 500.000 ns: Warning: Timing violation in
   /network_proc_full_tb/uut/gpu_instance/ICache/inst/  $recovery( CLKA:500.000
   ns, CLKB:500.000 ns,1.000 ns)

WARNING:Simulator:29 - at 600.000 ns: Warning: Timing violation in
   /network_proc_full_tb/uut/fifo_instance/ram_inst/inst/  $recovery(
   CLKB:600.000 ns, CLKA:600.000 ns,1.000 ns)

WARNING:Simulator:29 - at 600.000 ns: Warning: Timing violation in
   /network_proc_full_tb/uut/fifo_instance/ram_inst/inst/  $recovery(
   CLKA:600.000 ns, CLKB:600.000 ns,1.000 ns)

WARNING:Simulator:29 - at 600.000 ns: Warning: Timing violation in
   /network_proc_full_tb/uut/gpu_instance/ICache/inst/  $recovery( CLKB:600.000
   ns, CLKA:600.000 ns,1.000 ns)

WARNING:Simulator:29 - at 600.000 ns: Warning: Timing violation in
   /network_proc_full_tb/uut/gpu_instance/ICache/inst/  $recovery( CLKA:600.000
   ns, CLKB:600.000 ns,1.000 ns)

WARNING:Simulator:29 - at 700.000 ns: Warning: Timing violation in
   /network_proc_full_tb/uut/fifo_instance/ram_inst/inst/  $recovery(
   CLKB:700.000 ns, CLKA:700.000 ns,1.000 ns)

WARNING:Simulator:29 - at 700.000 ns: Warning: Timing violation in
   /network_proc_full_tb/uut/fifo_instance/ram_inst/inst/  $recovery(
   CLKA:700.000 ns, CLKB:700.000 ns,1.000 ns)

WARNING:Simulator:29 - at 700.000 ns: Warning: Timing violation in
   /network_proc_full_tb/uut/gpu_instance/ICache/inst/  $recovery( CLKB:700.000
   ns, CLKA:700.000 ns,1.000 ns)

WARNING:Simulator:29 - at 700.000 ns: Warning: Timing violation in
   /network_proc_full_tb/uut/gpu_instance/ICache/inst/  $recovery( CLKA:700.000
   ns, CLKB:700.000 ns,1.000 ns)

WARNING:Simulator:29 - at 800.000 ns: Warning: Timing violation in
   /network_proc_full_tb/uut/fifo_instance/ram_inst/inst/  $recovery(
   CLKB:800.000 ns, CLKA:800.000 ns,1.000 ns)

WARNING:Simulator:29 - at 800.000 ns: Warning: Timing violation in
   /network_proc_full_tb/uut/fifo_instance/ram_inst/inst/  $recovery(
   CLKA:800.000 ns, CLKB:800.000 ns,1.000 ns)

WARNING:Simulator:29 - at 800.000 ns: Warning: Timing violation in
   /network_proc_full_tb/uut/gpu_instance/ICache/inst/  $recovery( CLKB:800.000
   ns, CLKA:800.000 ns,1.000 ns)

WARNING:Simulator:29 - at 800.000 ns: Warning: Timing violation in
   /network_proc_full_tb/uut/gpu_instance/ICache/inst/  $recovery( CLKA:800.000
   ns, CLKB:800.000 ns,1.000 ns)

WARNING:Simulator:29 - at 900.000 ns: Warning: Timing violation in
   /network_proc_full_tb/uut/fifo_instance/ram_inst/inst/  $recovery(
   CLKB:900.000 ns, CLKA:900.000 ns,1.000 ns)

WARNING:Simulator:29 - at 900.000 ns: Warning: Timing violation in
   /network_proc_full_tb/uut/fifo_instance/ram_inst/inst/  $recovery(
   CLKA:900.000 ns, CLKB:900.000 ns,1.000 ns)

WARNING:Simulator:29 - at 900.000 ns: Warning: Timing violation in
   /network_proc_full_tb/uut/gpu_instance/ICache/inst/  $recovery( CLKB:900.000
   ns, CLKA:900.000 ns,1.000 ns)

WARNING:Simulator:29 - at 900.000 ns: Warning: Timing violation in
   /network_proc_full_tb/uut/gpu_instance/ICache/inst/  $recovery( CLKA:900.000
   ns, CLKB:900.000 ns,1.000 ns)

WARNING:Simulator:29 - at 1.000 us: Warning: Timing violation in
   /network_proc_full_tb/uut/fifo_instance/ram_inst/inst/  $recovery( CLKB:1.000
   us, CLKA:1.000 us,1.000 ns)

WARNING:Simulator:29 - at 1.000 us: Warning: Timing violation in
   /network_proc_full_tb/uut/fifo_instance/ram_inst/inst/  $recovery( CLKA:1.000
   us, CLKB:1.000 us,1.000 ns)

WARNING:Simulator:29 - at 1.000 us: Warning: Timing violation in
   /network_proc_full_tb/uut/gpu_instance/ICache/inst/  $recovery( CLKB:1.000
   us, CLKA:1.000 us,1.000 ns)

WARNING:Simulator:29 - at 1.000 us: Warning: Timing violation in
   /network_proc_full_tb/uut/gpu_instance/ICache/inst/  $recovery( CLKA:1.000
   us, CLKB:1.000 us,1.000 ns)

isimrun 2000 us 
WARNING:Simulator:29 - at 1.100 us: Warning: Timing violation in
   /network_proc_full_tb/uut/fifo_instance/ram_inst/inst/  $recovery( CLKB:1.100
   us, CLKA:1.100 us,1.000 ns)

WARNING:Simulator:29 - at 1.100 us: Warning: Timing violation in
   /network_proc_full_tb/uut/fifo_instance/ram_inst/inst/  $recovery( CLKA:1.100
   us, CLKB:1.100 us,1.000 ns)

WARNING:Simulator:29 - at 1.100 us: Warning: Timing violation in
   /network_proc_full_tb/uut/gpu_instance/ICache/inst/  $recovery( CLKB:1.100
   us, CLKA:1.100 us,1.000 ns)

WARNING:Simulator:29 - at 1.100 us: Warning: Timing violation in
   /network_proc_full_tb/uut/gpu_instance/ICache/inst/  $recovery( CLKA:1.100
   us, CLKB:1.100 us,1.000 ns)

WARNING:Simulator:29 - at 1.200 us: Warning: Timing violation in
   /network_proc_full_tb/uut/fifo_instance/ram_inst/inst/  $recovery( CLKB:1.200
   us, CLKA:1.200 us,1.000 ns)

WARNING:Simulator:29 - at 1.200 us: Warning: Timing violation in
   /network_proc_full_tb/uut/fifo_instance/ram_inst/inst/  $recovery( CLKA:1.200
   us, CLKB:1.200 us,1.000 ns)

WARNING:Simulator:29 - at 1.200 us: Warning: Timing violation in
   /network_proc_full_tb/uut/gpu_instance/ICache/inst/  $recovery( CLKB:1.200
   us, CLKA:1.200 us,1.000 ns)

WARNING:Simulator:29 - at 1.200 us: Warning: Timing violation in
   /network_proc_full_tb/uut/gpu_instance/ICache/inst/  $recovery( CLKA:1.200
   us, CLKB:1.200 us,1.000 ns)

WARNING:Simulator:29 - at 1.300 us: Warning: Timing violation in
   /network_proc_full_tb/uut/fifo_instance/ram_inst/inst/  $recovery( CLKB:1.300
   us, CLKA:1.300 us,1.000 ns)

WARNING:Simulator:29 - at 1.300 us: Warning: Timing violation in
   /network_proc_full_tb/uut/fifo_instance/ram_inst/inst/  $recovery( CLKA:1.300
   us, CLKB:1.300 us,1.000 ns)

WARNING:Simulator:29 - at 1.300 us: Warning: Timing violation in
   /network_proc_full_tb/uut/gpu_instance/ICache/inst/  $recovery( CLKB:1.300
   us, CLKA:1.300 us,1.000 ns)

WARNING:Simulator:29 - at 1.300 us: Warning: Timing violation in
   /network_proc_full_tb/uut/gpu_instance/ICache/inst/  $recovery( CLKA:1.300
   us, CLKB:1.300 us,1.000 ns)

WARNING:Simulator:29 - at 1.400 us: Warning: Timing violation in
   /network_proc_full_tb/uut/fifo_instance/ram_inst/inst/  $recovery( CLKB:1.400
   us, CLKA:1.400 us,1.000 ns)

WARNING:Simulator:29 - at 1.400 us: Warning: Timing violation in
   /network_proc_full_tb/uut/fifo_instance/ram_inst/inst/  $recovery( CLKA:1.400
   us, CLKB:1.400 us,1.000 ns)

WARNING:Simulator:29 - at 1.400 us: Warning: Timing violation in
   /network_proc_full_tb/uut/gpu_instance/ICache/inst/  $recovery( CLKB:1.400
   us, CLKA:1.400 us,1.000 ns)

WARNING:Simulator:29 - at 1.400 us: Warning: Timing violation in
   /network_proc_full_tb/uut/gpu_instance/ICache/inst/  $recovery( CLKA:1.400
   us, CLKB:1.400 us,1.000 ns)

WARNING:Simulator:29 - at 1.500 us: Warning: Timing violation in
   /network_proc_full_tb/uut/fifo_instance/ram_inst/inst/  $recovery( CLKB:1.500
   us, CLKA:1.500 us,1.000 ns)

WARNING:Simulator:29 - at 1.500 us: Warning: Timing violation in
   /network_proc_full_tb/uut/fifo_instance/ram_inst/inst/  $recovery( CLKA:1.500
   us, CLKB:1.500 us,1.000 ns)

WARNING:Simulator:29 - at 1.500 us: Warning: Timing violation in
   /network_proc_full_tb/uut/gpu_instance/ICache/inst/  $recovery( CLKB:1.500
   us, CLKA:1.500 us,1.000 ns)

WARNING:Simulator:29 - at 1.500 us: Warning: Timing violation in
   /network_proc_full_tb/uut/gpu_instance/ICache/inst/  $recovery( CLKA:1.500
   us, CLKB:1.500 us,1.000 ns)

WARNING:Simulator:29 - at 1.600 us: Warning: Timing violation in
   /network_proc_full_tb/uut/fifo_instance/ram_inst/inst/  $recovery( CLKB:1.600
   us, CLKA:1.600 us,1.000 ns)

WARNING:Simulator:29 - at 1.600 us: Warning: Timing violation in
   /network_proc_full_tb/uut/fifo_instance/ram_inst/inst/  $recovery( CLKA:1.600
   us, CLKB:1.600 us,1.000 ns)

WARNING:Simulator:29 - at 1.600 us: Warning: Timing violation in
   /network_proc_full_tb/uut/gpu_instance/ICache/inst/  $recovery( CLKB:1.600
   us, CLKA:1.600 us,1.000 ns)

WARNING:Simulator:29 - at 1.600 us: Warning: Timing violation in
   /network_proc_full_tb/uut/gpu_instance/ICache/inst/  $recovery( CLKA:1.600
   us, CLKB:1.600 us,1.000 ns)

WARNING:Simulator:29 - at 1.700 us: Warning: Timing violation in
   /network_proc_full_tb/uut/fifo_instance/ram_inst/inst/  $recovery( CLKB:1.700
   us, CLKA:1.700 us,1.000 ns)

WARNING:Simulator:29 - at 1.700 us: Warning: Timing violation in
   /network_proc_full_tb/uut/fifo_instance/ram_inst/inst/  $recovery( CLKA:1.700
   us, CLKB:1.700 us,1.000 ns)

WARNING:Simulator:29 - at 1.700 us: Warning: Timing violation in
   /network_proc_full_tb/uut/gpu_instance/ICache/inst/  $recovery( CLKB:1.700
   us, CLKA:1.700 us,1.000 ns)

WARNING:Simulator:29 - at 1.700 us: Warning: Timing violation in
   /network_proc_full_tb/uut/gpu_instance/ICache/inst/  $recovery( CLKA:1.700
   us, CLKB:1.700 us,1.000 ns)

WARNING:Simulator:29 - at 1.800 us: Warning: Timing violation in
   /network_proc_full_tb/uut/fifo_instance/ram_inst/inst/  $recovery( CLKB:1.800
   us, CLKA:1.800 us,1.000 ns)

WARNING:Simulator:29 - at 1.800 us: Warning: Timing violation in
   /network_proc_full_tb/uut/fifo_instance/ram_inst/inst/  $recovery( CLKA:1.800
   us, CLKB:1.800 us,1.000 ns)

WARNING:Simulator:29 - at 1.800 us: Warning: Timing violation in
   /network_proc_full_tb/uut/gpu_instance/ICache/inst/  $recovery( CLKB:1.800
   us, CLKA:1.800 us,1.000 ns)

WARNING:Simulator:29 - at 1.800 us: Warning: Timing violation in
   /network_proc_full_tb/uut/gpu_instance/ICache/inst/  $recovery( CLKA:1.800
   us, CLKB:1.800 us,1.000 ns)

WARNING:Simulator:29 - at 1.900 us: Warning: Timing violation in
   /network_proc_full_tb/uut/fifo_instance/ram_inst/inst/  $recovery( CLKB:1.900
   us, CLKA:1.900 us,1.000 ns)

WARNING:Simulator:29 - at 1.900 us: Warning: Timing violation in
   /network_proc_full_tb/uut/fifo_instance/ram_inst/inst/  $recovery( CLKA:1.900
   us, CLKB:1.900 us,1.000 ns)

WARNING:Simulator:29 - at 1.900 us: Warning: Timing violation in
   /network_proc_full_tb/uut/gpu_instance/ICache/inst/  $recovery( CLKB:1.900
   us, CLKA:1.900 us,1.000 ns)

WARNING:Simulator:29 - at 1.900 us: Warning: Timing violation in
   /network_proc_full_tb/uut/gpu_instance/ICache/inst/  $recovery( CLKA:1.900
   us, CLKB:1.900 us,1.000 ns)

WARNING:Simulator:29 - at 2.000 us: Warning: Timing violation in
   /network_proc_full_tb/uut/fifo_instance/ram_inst/inst/  $recovery( CLKB:2.000
   us, CLKA:2.000 us,1.000 ns)

WARNING:Simulator:29 - at 2.000 us: Warning: Timing violation in
   /network_proc_full_tb/uut/fifo_instance/ram_inst/inst/  $recovery( CLKA:2.000
   us, CLKB:2.000 us,1.000 ns)

WARNING:Simulator:29 - at 2.000 us: Warning: Timing violation in
   /network_proc_full_tb/uut/gpu_instance/ICache/inst/  $recovery( CLKB:2.000
   us, CLKA:2.000 us,1.000 ns)

WARNING:Simulator:29 - at 2.000 us: Warning: Timing violation in
   /network_proc_full_tb/uut/gpu_instance/ICache/inst/  $recovery( CLKA:2.000
   us, CLKB:2.000 us,1.000 ns)

WARNING:Simulator:29 - at 2.100 us: Warning: Timing violation in
   /network_proc_full_tb/uut/fifo_instance/ram_inst/inst/  $recovery( CLKB:2.100
   us, CLKA:2.100 us,1.000 ns)

WARNING:Simulator:29 - at 2.100 us: Warning: Timing violation in
   /network_proc_full_tb/uut/fifo_instance/ram_inst/inst/  $recovery( CLKA:2.100
   us, CLKB:2.100 us,1.000 ns)

WARNING:Simulator:29 - at 2.100 us: Warning: Timing violation in
   /network_proc_full_tb/uut/gpu_instance/ICache/inst/  $recovery( CLKB:2.100
   us, CLKA:2.100 us,1.000 ns)

WARNING:Simulator:29 - at 2.100 us: Warning: Timing violation in
   /network_proc_full_tb/uut/gpu_instance/ICache/inst/  $recovery( CLKA:2.100
   us, CLKB:2.100 us,1.000 ns)

WARNING:Simulator:29 - at 2.200 us: Warning: Timing violation in
   /network_proc_full_tb/uut/fifo_instance/ram_inst/inst/  $recovery( CLKB:2.200
   us, CLKA:2.200 us,1.000 ns)

WARNING:Simulator:29 - at 2.200 us: Warning: Timing violation in
   /network_proc_full_tb/uut/fifo_instance/ram_inst/inst/  $recovery( CLKA:2.200
   us, CLKB:2.200 us,1.000 ns)

WARNING:Simulator:29 - at 2.200 us: Warning: Timing violation in
   /network_proc_full_tb/uut/gpu_instance/ICache/inst/  $recovery( CLKB:2.200
   us, CLKA:2.200 us,1.000 ns)

WARNING:Simulator:29 - at 2.200 us: Warning: Timing violation in
   /network_proc_full_tb/uut/gpu_instance/ICache/inst/  $recovery( CLKA:2.200
   us, CLKB:2.200 us,1.000 ns)

WARNING:Simulator:29 - at 2.300 us: Warning: Timing violation in
   /network_proc_full_tb/uut/fifo_instance/ram_inst/inst/  $recovery( CLKB:2.300
   us, CLKA:2.300 us,1.000 ns)

WARNING:Simulator:29 - at 2.300 us: Warning: Timing violation in
   /network_proc_full_tb/uut/fifo_instance/ram_inst/inst/  $recovery( CLKA:2.300
   us, CLKB:2.300 us,1.000 ns)

WARNING:Simulator:29 - at 2.300 us: Warning: Timing violation in
   /network_proc_full_tb/uut/gpu_instance/ICache/inst/  $recovery( CLKB:2.300
   us, CLKA:2.300 us,1.000 ns)

WARNING:Simulator:29 - at 2.300 us: Warning: Timing violation in
   /network_proc_full_tb/uut/gpu_instance/ICache/inst/  $recovery( CLKA:2.300
   us, CLKB:2.300 us,1.000 ns)

WARNING:Simulator:29 - at 2.400 us: Warning: Timing violation in
   /network_proc_full_tb/uut/fifo_instance/ram_inst/inst/  $recovery( CLKB:2.400
   us, CLKA:2.400 us,1.000 ns)

WARNING:Simulator:29 - at 2.400 us: Warning: Timing violation in
   /network_proc_full_tb/uut/fifo_instance/ram_inst/inst/  $recovery( CLKA:2.400
   us, CLKB:2.400 us,1.000 ns)

WARNING:Simulator:29 - at 2.400 us: Warning: Timing violation in
   /network_proc_full_tb/uut/gpu_instance/ICache/inst/  $recovery( CLKB:2.400
   us, CLKA:2.400 us,1.000 ns)

WARNING:Simulator:29 - at 2.400 us: Warning: Timing violation in
   /network_proc_full_tb/uut/gpu_instance/ICache/inst/  $recovery( CLKA:2.400
   us, CLKB:2.400 us,1.000 ns)

WARNING:Simulator:29 - at 2.500 us: Warning: Timing violation in
   /network_proc_full_tb/uut/fifo_instance/ram_inst/inst/  $recovery( CLKB:2.500
   us, CLKA:2.500 us,1.000 ns)

WARNING:Simulator:29 - at 2.500 us: Warning: Timing violation in
   /network_proc_full_tb/uut/fifo_instance/ram_inst/inst/  $recovery( CLKA:2.500
   us, CLKB:2.500 us,1.000 ns)

WARNING:Simulator:29 - at 2.500 us: Warning: Timing violation in
   /network_proc_full_tb/uut/gpu_instance/ICache/inst/  $recovery( CLKB:2.500
   us, CLKA:2.500 us,1.000 ns)

WARNING:Simulator:29 - at 2.500 us: Warning: Timing violation in
   /network_proc_full_tb/uut/gpu_instance/ICache/inst/  $recovery( CLKA:2.500
   us, CLKB:2.500 us,1.000 ns)

WARNING:Simulator:29 - at 2.600 us: Warning: Timing violation in
   /network_proc_full_tb/uut/fifo_instance/ram_inst/inst/  $recovery( CLKB:2.600
   us, CLKA:2.600 us,1.000 ns)

WARNING:Simulator:29 - at 2.600 us: Warning: Timing violation in
   /network_proc_full_tb/uut/fifo_instance/ram_inst/inst/  $recovery( CLKA:2.600
   us, CLKB:2.600 us,1.000 ns)

WARNING:Simulator:29 - at 2.600 us: Warning: Timing violation in
   /network_proc_full_tb/uut/gpu_instance/ICache/inst/  $recovery( CLKB:2.600
   us, CLKA:2.600 us,1.000 ns)

WARNING:Simulator:29 - at 2.600 us: Warning: Timing violation in
   /network_proc_full_tb/uut/gpu_instance/ICache/inst/  $recovery( CLKA:2.600
   us, CLKB:2.600 us,1.000 ns)

WARNING:Simulator:29 - at 2.700 us: Warning: Timing violation in
   /network_proc_full_tb/uut/fifo_instance/ram_inst/inst/  $recovery( CLKB:2.700
   us, CLKA:2.700 us,1.000 ns)

WARNING:Simulator:29 - at 2.700 us: Warning: Timing violation in
   /network_proc_full_tb/uut/fifo_instance/ram_inst/inst/  $recovery( CLKA:2.700
   us, CLKB:2.700 us,1.000 ns)

WARNING:Simulator:29 - at 2.700 us: Warning: Timing violation in
   /network_proc_full_tb/uut/gpu_instance/ICache/inst/  $recovery( CLKB:2.700
   us, CLKA:2.700 us,1.000 ns)

WARNING:Simulator:29 - at 2.700 us: Warning: Timing violation in
   /network_proc_full_tb/uut/gpu_instance/ICache/inst/  $recovery( CLKA:2.700
   us, CLKB:2.700 us,1.000 ns)

WARNING:Simulator:29 - at 2.800 us: Warning: Timing violation in
   /network_proc_full_tb/uut/fifo_instance/ram_inst/inst/  $recovery( CLKB:2.800
   us, CLKA:2.800 us,1.000 ns)

WARNING:Simulator:29 - at 2.800 us: Warning: Timing violation in
   /network_proc_full_tb/uut/fifo_instance/ram_inst/inst/  $recovery( CLKA:2.800
   us, CLKB:2.800 us,1.000 ns)

WARNING:Simulator:29 - at 2.800 us: Warning: Timing violation in
   /network_proc_full_tb/uut/gpu_instance/ICache/inst/  $recovery( CLKB:2.800
   us, CLKA:2.800 us,1.000 ns)

WARNING:Simulator:29 - at 2.800 us: Warning: Timing violation in
   /network_proc_full_tb/uut/gpu_instance/ICache/inst/  $recovery( CLKA:2.800
   us, CLKB:2.800 us,1.000 ns)

WARNING:Simulator:29 - at 2.900 us: Warning: Timing violation in
   /network_proc_full_tb/uut/fifo_instance/ram_inst/inst/  $recovery( CLKB:2.900
   us, CLKA:2.900 us,1.000 ns)

WARNING:Simulator:29 - at 2.900 us: Warning: Timing violation in
   /network_proc_full_tb/uut/fifo_instance/ram_inst/inst/  $recovery( CLKA:2.900
   us, CLKB:2.900 us,1.000 ns)

WARNING:Simulator:29 - at 2.900 us: Warning: Timing violation in
   /network_proc_full_tb/uut/gpu_instance/ICache/inst/  $recovery( CLKB:2.900
   us, CLKA:2.900 us,1.000 ns)

WARNING:Simulator:29 - at 2.900 us: Warning: Timing violation in
   /network_proc_full_tb/uut/gpu_instance/ICache/inst/  $recovery( CLKA:2.900
   us, CLKB:2.900 us,1.000 ns)

WARNING:Simulator:29 - at 3.000 us: Warning: Timing violation in
   /network_proc_full_tb/uut/fifo_instance/ram_inst/inst/  $recovery( CLKB:3.000
   us, CLKA:3.000 us,1.000 ns)

WARNING:Simulator:29 - at 3.000 us: Warning: Timing violation in
   /network_proc_full_tb/uut/fifo_instance/ram_inst/inst/  $recovery( CLKA:3.000
   us, CLKB:3.000 us,1.000 ns)

WARNING:Simulator:29 - at 3.000 us: Warning: Timing violation in
   /network_proc_full_tb/uut/gpu_instance/ICache/inst/  $recovery( CLKB:3.000
   us, CLKA:3.000 us,1.000 ns)

WARNING:Simulator:29 - at 3.000 us: Warning: Timing violation in
   /network_proc_full_tb/uut/gpu_instance/ICache/inst/  $recovery( CLKA:3.000
   us, CLKB:3.000 us,1.000 ns)

WARNING:Simulator:29 - at 3.100 us: Warning: Timing violation in
   /network_proc_full_tb/uut/fifo_instance/ram_inst/inst/  $recovery( CLKB:3.100
   us, CLKA:3.100 us,1.000 ns)

WARNING:Simulator:29 - at 3.100 us: Warning: Timing violation in
   /network_proc_full_tb/uut/fifo_instance/ram_inst/inst/  $recovery( CLKA:3.100
   us, CLKB:3.100 us,1.000 ns)

WARNING:Simulator:29 - at 3.100 us: Warning: Timing violation in
   /network_proc_full_tb/uut/gpu_instance/ICache/inst/  $recovery( CLKB:3.100
   us, CLKA:3.100 us,1.000 ns)

WARNING:Simulator:29 - at 3.100 us: Warning: Timing violation in
   /network_proc_full_tb/uut/gpu_instance/ICache/inst/  $recovery( CLKA:3.100
   us, CLKB:3.100 us,1.000 ns)

WARNING:Simulator:29 - at 3.200 us: Warning: Timing violation in
   /network_proc_full_tb/uut/fifo_instance/ram_inst/inst/  $recovery( CLKB:3.200
   us, CLKA:3.200 us,1.000 ns)

WARNING:Simulator:29 - at 3.200 us: Warning: Timing violation in
   /network_proc_full_tb/uut/fifo_instance/ram_inst/inst/  $recovery( CLKA:3.200
   us, CLKB:3.200 us,1.000 ns)

WARNING:Simulator:29 - at 3.200 us: Warning: Timing violation in
   /network_proc_full_tb/uut/gpu_instance/ICache/inst/  $recovery( CLKB:3.200
   us, CLKA:3.200 us,1.000 ns)

WARNING:Simulator:29 - at 3.200 us: Warning: Timing violation in
   /network_proc_full_tb/uut/gpu_instance/ICache/inst/  $recovery( CLKA:3.200
   us, CLKB:3.200 us,1.000 ns)

WARNING:Simulator:29 - at 3.300 us: Warning: Timing violation in
   /network_proc_full_tb/uut/fifo_instance/ram_inst/inst/  $recovery( CLKB:3.300
   us, CLKA:3.300 us,1.000 ns)

WARNING:Simulator:29 - at 3.300 us: Warning: Timing violation in
   /network_proc_full_tb/uut/fifo_instance/ram_inst/inst/  $recovery( CLKA:3.300
   us, CLKB:3.300 us,1.000 ns)

WARNING:Simulator:29 - at 3.300 us: Warning: Timing violation in
   /network_proc_full_tb/uut/gpu_instance/ICache/inst/  $recovery( CLKB:3.300
   us, CLKA:3.300 us,1.000 ns)

WARNING:Simulator:29 - at 3.300 us: Warning: Timing violation in
   /network_proc_full_tb/uut/gpu_instance/ICache/inst/  $recovery( CLKA:3.300
   us, CLKB:3.300 us,1.000 ns)

WARNING:Simulator:29 - at 3.400 us: Warning: Timing violation in
   /network_proc_full_tb/uut/fifo_instance/ram_inst/inst/  $recovery( CLKB:3.400
   us, CLKA:3.400 us,1.000 ns)

WARNING:Simulator:29 - at 3.400 us: Warning: Timing violation in
   /network_proc_full_tb/uut/fifo_instance/ram_inst/inst/  $recovery( CLKA:3.400
   us, CLKB:3.400 us,1.000 ns)

WARNING:Simulator:29 - at 3.400 us: Warning: Timing violation in
   /network_proc_full_tb/uut/gpu_instance/ICache/inst/  $recovery( CLKB:3.400
   us, CLKA:3.400 us,1.000 ns)

WARNING:Simulator:29 - at 3.400 us: Warning: Timing violation in
   /network_proc_full_tb/uut/gpu_instance/ICache/inst/  $recovery( CLKA:3.400
   us, CLKB:3.400 us,1.000 ns)

WARNING:Simulator:29 - at 3.500 us: Warning: Timing violation in
   /network_proc_full_tb/uut/fifo_instance/ram_inst/inst/  $recovery( CLKB:3.500
   us, CLKA:3.500 us,1.000 ns)

WARNING:Simulator:29 - at 3.500 us: Warning: Timing violation in
   /network_proc_full_tb/uut/fifo_instance/ram_inst/inst/  $recovery( CLKA:3.500
   us, CLKB:3.500 us,1.000 ns)

WARNING:Simulator:29 - at 3.500 us: Warning: Timing violation in
   /network_proc_full_tb/uut/gpu_instance/ICache/inst/  $recovery( CLKB:3.500
   us, CLKA:3.500 us,1.000 ns)

WARNING:Simulator:29 - at 3.500 us: Warning: Timing violation in
   /network_proc_full_tb/uut/gpu_instance/ICache/inst/  $recovery( CLKA:3.500
   us, CLKB:3.500 us,1.000 ns)

WARNING:Simulator:29 - at 3.600 us: Warning: Timing violation in
   /network_proc_full_tb/uut/fifo_instance/ram_inst/inst/  $recovery( CLKB:3.600
   us, CLKA:3.600 us,1.000 ns)

WARNING:Simulator:29 - at 3.600 us: Warning: Timing violation in
   /network_proc_full_tb/uut/fifo_instance/ram_inst/inst/  $recovery( CLKA:3.600
   us, CLKB:3.600 us,1.000 ns)

WARNING:Simulator:29 - at 3.600 us: Warning: Timing violation in
   /network_proc_full_tb/uut/gpu_instance/ICache/inst/  $recovery( CLKB:3.600
   us, CLKA:3.600 us,1.000 ns)

WARNING:Simulator:29 - at 3.600 us: Warning: Timing violation in
   /network_proc_full_tb/uut/gpu_instance/ICache/inst/  $recovery( CLKA:3.600
   us, CLKB:3.600 us,1.000 ns)

WARNING:Simulator:29 - at 3.700 us: Warning: Timing violation in
   /network_proc_full_tb/uut/fifo_instance/ram_inst/inst/  $recovery( CLKB:3.700
   us, CLKA:3.700 us,1.000 ns)

WARNING:Simulator:29 - at 3.700 us: Warning: Timing violation in
   /network_proc_full_tb/uut/fifo_instance/ram_inst/inst/  $recovery( CLKA:3.700
   us, CLKB:3.700 us,1.000 ns)

WARNING:Simulator:29 - at 3.700 us: Warning: Timing violation in
   /network_proc_full_tb/uut/gpu_instance/ICache/inst/  $recovery( CLKB:3.700
   us, CLKA:3.700 us,1.000 ns)

WARNING:Simulator:29 - at 3.700 us: Warning: Timing violation in
   /network_proc_full_tb/uut/gpu_instance/ICache/inst/  $recovery( CLKA:3.700
   us, CLKB:3.700 us,1.000 ns)

WARNING:Simulator:29 - at 3.800 us: Warning: Timing violation in
   /network_proc_full_tb/uut/fifo_instance/ram_inst/inst/  $recovery( CLKB:3.800
   us, CLKA:3.800 us,1.000 ns)

WARNING:Simulator:29 - at 3.800 us: Warning: Timing violation in
   /network_proc_full_tb/uut/fifo_instance/ram_inst/inst/  $recovery( CLKA:3.800
   us, CLKB:3.800 us,1.000 ns)

WARNING:Simulator:29 - at 3.800 us: Warning: Timing violation in
   /network_proc_full_tb/uut/gpu_instance/ICache/inst/  $recovery( CLKB:3.800
   us, CLKA:3.800 us,1.000 ns)

WARNING:Simulator:29 - at 3.800 us: Warning: Timing violation in
   /network_proc_full_tb/uut/gpu_instance/ICache/inst/  $recovery( CLKA:3.800
   us, CLKB:3.800 us,1.000 ns)

WARNING:Simulator:29 - at 3.900 us: Warning: Timing violation in
   /network_proc_full_tb/uut/fifo_instance/ram_inst/inst/  $recovery( CLKB:3.900
   us, CLKA:3.900 us,1.000 ns)

WARNING:Simulator:29 - at 3.900 us: Warning: Timing violation in
   /network_proc_full_tb/uut/fifo_instance/ram_inst/inst/  $recovery( CLKA:3.900
   us, CLKB:3.900 us,1.000 ns)

WARNING:Simulator:29 - at 3.900 us: Warning: Timing violation in
   /network_proc_full_tb/uut/gpu_instance/ICache/inst/  $recovery( CLKB:3.900
   us, CLKA:3.900 us,1.000 ns)

WARNING:Simulator:29 - at 3.900 us: Warning: Timing violation in
   /network_proc_full_tb/uut/gpu_instance/ICache/inst/  $recovery( CLKA:3.900
   us, CLKB:3.900 us,1.000 ns)

WARNING:Simulator:29 - at 4.000 us: Warning: Timing violation in
   /network_proc_full_tb/uut/fifo_instance/ram_inst/inst/  $recovery( CLKB:4.000
   us, CLKA:4.000 us,1.000 ns)

WARNING:Simulator:29 - at 4.000 us: Warning: Timing violation in
   /network_proc_full_tb/uut/fifo_instance/ram_inst/inst/  $recovery( CLKA:4.000
   us, CLKB:4.000 us,1.000 ns)

WARNING:Simulator:29 - at 4.000 us: Warning: Timing violation in
   /network_proc_full_tb/uut/gpu_instance/ICache/inst/  $recovery( CLKB:4.000
   us, CLKA:4.000 us,1.000 ns)

WARNING:Simulator:29 - at 4.000 us: Warning: Timing violation in
   /network_proc_full_tb/uut/gpu_instance/ICache/inst/  $recovery( CLKA:4.000
   us, CLKB:4.000 us,1.000 ns)

WARNING:Simulator:29 - at 4.100 us: Warning: Timing violation in
   /network_proc_full_tb/uut/fifo_instance/ram_inst/inst/  $recovery( CLKB:4.100
   us, CLKA:4.100 us,1.000 ns)

WARNING:Simulator:29 - at 4.100 us: Warning: Timing violation in
   /network_proc_full_tb/uut/fifo_instance/ram_inst/inst/  $recovery( CLKA:4.100
   us, CLKB:4.100 us,1.000 ns)

WARNING:Simulator:29 - at 4.100 us: Warning: Timing violation in
   /network_proc_full_tb/uut/gpu_instance/ICache/inst/  $recovery( CLKB:4.100
   us, CLKA:4.100 us,1.000 ns)

WARNING:Simulator:29 - at 4.100 us: Warning: Timing violation in
   /network_proc_full_tb/uut/gpu_instance/ICache/inst/  $recovery( CLKA:4.100
   us, CLKB:4.100 us,1.000 ns)

WARNING:Simulator:29 - at 4.200 us: Warning: Timing violation in
   /network_proc_full_tb/uut/fifo_instance/ram_inst/inst/  $recovery( CLKB:4.200
   us, CLKA:4.200 us,1.000 ns)

WARNING:Simulator:29 - at 4.200 us: Warning: Timing violation in
   /network_proc_full_tb/uut/fifo_instance/ram_inst/inst/  $recovery( CLKA:4.200
   us, CLKB:4.200 us,1.000 ns)

WARNING:Simulator:29 - at 4.200 us: Warning: Timing violation in
   /network_proc_full_tb/uut/gpu_instance/ICache/inst/  $recovery( CLKB:4.200
   us, CLKA:4.200 us,1.000 ns)

WARNING:Simulator:29 - at 4.200 us: Warning: Timing violation in
   /network_proc_full_tb/uut/gpu_instance/ICache/inst/  $recovery( CLKA:4.200
   us, CLKB:4.200 us,1.000 ns)

WARNING:Simulator:29 - at 4.300 us: Warning: Timing violation in
   /network_proc_full_tb/uut/fifo_instance/ram_inst/inst/  $recovery( CLKB:4.300
   us, CLKA:4.300 us,1.000 ns)

WARNING:Simulator:29 - at 4.300 us: Warning: Timing violation in
   /network_proc_full_tb/uut/fifo_instance/ram_inst/inst/  $recovery( CLKA:4.300
   us, CLKB:4.300 us,1.000 ns)

WARNING:Simulator:29 - at 4.300 us: Warning: Timing violation in
   /network_proc_full_tb/uut/gpu_instance/ICache/inst/  $recovery( CLKB:4.300
   us, CLKA:4.300 us,1.000 ns)

WARNING:Simulator:29 - at 4.300 us: Warning: Timing violation in
   /network_proc_full_tb/uut/gpu_instance/ICache/inst/  $recovery( CLKA:4.300
   us, CLKB:4.300 us,1.000 ns)

WARNING:Simulator:29 - at 4.400 us: Warning: Timing violation in
   /network_proc_full_tb/uut/fifo_instance/ram_inst/inst/  $recovery( CLKB:4.400
   us, CLKA:4.400 us,1.000 ns)

WARNING:Simulator:29 - at 4.400 us: Warning: Timing violation in
   /network_proc_full_tb/uut/fifo_instance/ram_inst/inst/  $recovery( CLKA:4.400
   us, CLKB:4.400 us,1.000 ns)

WARNING:Simulator:29 - at 4.400 us: Warning: Timing violation in
   /network_proc_full_tb/uut/gpu_instance/ICache/inst/  $recovery( CLKB:4.400
   us, CLKA:4.400 us,1.000 ns)

WARNING:Simulator:29 - at 4.400 us: Warning: Timing violation in
   /network_proc_full_tb/uut/gpu_instance/ICache/inst/  $recovery( CLKA:4.400
   us, CLKB:4.400 us,1.000 ns)

WARNING:Simulator:29 - at 4.500 us: Warning: Timing violation in
   /network_proc_full_tb/uut/fifo_instance/ram_inst/inst/  $recovery( CLKB:4.500
   us, CLKA:4.500 us,1.000 ns)

WARNING:Simulator:29 - at 4.500 us: Warning: Timing violation in
   /network_proc_full_tb/uut/fifo_instance/ram_inst/inst/  $recovery( CLKA:4.500
   us, CLKB:4.500 us,1.000 ns)

WARNING:Simulator:29 - at 4.500 us: Warning: Timing violation in
   /network_proc_full_tb/uut/gpu_instance/ICache/inst/  $recovery( CLKB:4.500
   us, CLKA:4.500 us,1.000 ns)

WARNING:Simulator:29 - at 4.500 us: Warning: Timing violation in
   /network_proc_full_tb/uut/gpu_instance/ICache/inst/  $recovery( CLKA:4.500
   us, CLKB:4.500 us,1.000 ns)

WARNING:Simulator:29 - at 4.600 us: Warning: Timing violation in
   /network_proc_full_tb/uut/fifo_instance/ram_inst/inst/  $recovery( CLKB:4.600
   us, CLKA:4.600 us,1.000 ns)

WARNING:Simulator:29 - at 4.600 us: Warning: Timing violation in
   /network_proc_full_tb/uut/fifo_instance/ram_inst/inst/  $recovery( CLKA:4.600
   us, CLKB:4.600 us,1.000 ns)

WARNING:Simulator:29 - at 4.600 us: Warning: Timing violation in
   /network_proc_full_tb/uut/gpu_instance/ICache/inst/  $recovery( CLKB:4.600
   us, CLKA:4.600 us,1.000 ns)

WARNING:Simulator:29 - at 4.600 us: Warning: Timing violation in
   /network_proc_full_tb/uut/gpu_instance/ICache/inst/  $recovery( CLKA:4.600
   us, CLKB:4.600 us,1.000 ns)

WARNING:Simulator:29 - at 4.700 us: Warning: Timing violation in
   /network_proc_full_tb/uut/fifo_instance/ram_inst/inst/  $recovery( CLKB:4.700
   us, CLKA:4.700 us,1.000 ns)

WARNING:Simulator:29 - at 4.700 us: Warning: Timing violation in
   /network_proc_full_tb/uut/fifo_instance/ram_inst/inst/  $recovery( CLKA:4.700
   us, CLKB:4.700 us,1.000 ns)

WARNING:Simulator:29 - at 4.700 us: Warning: Timing violation in
   /network_proc_full_tb/uut/gpu_instance/ICache/inst/  $recovery( CLKB:4.700
   us, CLKA:4.700 us,1.000 ns)

WARNING:Simulator:29 - at 4.700 us: Warning: Timing violation in
   /network_proc_full_tb/uut/gpu_instance/ICache/inst/  $recovery( CLKA:4.700
   us, CLKB:4.700 us,1.000 ns)

WARNING:Simulator:29 - at 4.800 us: Warning: Timing violation in
   /network_proc_full_tb/uut/fifo_instance/ram_inst/inst/  $recovery( CLKB:4.800
   us, CLKA:4.800 us,1.000 ns)

WARNING:Simulator:29 - at 4.800 us: Warning: Timing violation in
   /network_proc_full_tb/uut/fifo_instance/ram_inst/inst/  $recovery( CLKA:4.800
   us, CLKB:4.800 us,1.000 ns)

WARNING:Simulator:29 - at 4.800 us: Warning: Timing violation in
   /network_proc_full_tb/uut/gpu_instance/ICache/inst/  $recovery( CLKB:4.800
   us, CLKA:4.800 us,1.000 ns)

WARNING:Simulator:29 - at 4.800 us: Warning: Timing violation in
   /network_proc_full_tb/uut/gpu_instance/ICache/inst/  $recovery( CLKA:4.800
   us, CLKB:4.800 us,1.000 ns)

WARNING:Simulator:29 - at 4.900 us: Warning: Timing violation in
   /network_proc_full_tb/uut/fifo_instance/ram_inst/inst/  $recovery( CLKB:4.900
   us, CLKA:4.900 us,1.000 ns)

WARNING:Simulator:29 - at 4.900 us: Warning: Timing violation in
   /network_proc_full_tb/uut/fifo_instance/ram_inst/inst/  $recovery( CLKA:4.900
   us, CLKB:4.900 us,1.000 ns)

WARNING:Simulator:29 - at 4.900 us: Warning: Timing violation in
   /network_proc_full_tb/uut/gpu_instance/ICache/inst/  $recovery( CLKB:4.900
   us, CLKA:4.900 us,1.000 ns)

WARNING:Simulator:29 - at 4.900 us: Warning: Timing violation in
   /network_proc_full_tb/uut/gpu_instance/ICache/inst/  $recovery( CLKA:4.900
   us, CLKB:4.900 us,1.000 ns)

WARNING:Simulator:29 - at 5.000 us: Warning: Timing violation in
   /network_proc_full_tb/uut/fifo_instance/ram_inst/inst/  $recovery( CLKB:5.000
   us, CLKA:5.000 us,1.000 ns)

WARNING:Simulator:29 - at 5.000 us: Warning: Timing violation in
   /network_proc_full_tb/uut/fifo_instance/ram_inst/inst/  $recovery( CLKA:5.000
   us, CLKB:5.000 us,1.000 ns)

WARNING:Simulator:29 - at 5.000 us: Warning: Timing violation in
   /network_proc_full_tb/uut/gpu_instance/ICache/inst/  $recovery( CLKB:5.000
   us, CLKA:5.000 us,1.000 ns)

WARNING:Simulator:29 - at 5.000 us: Warning: Timing violation in
   /network_proc_full_tb/uut/gpu_instance/ICache/inst/  $recovery( CLKA:5.000
   us, CLKB:5.000 us,1.000 ns)

WARNING:Simulator:29 - at 5.100 us: Warning: Timing violation in
   /network_proc_full_tb/uut/fifo_instance/ram_inst/inst/  $recovery( CLKB:5.100
   us, CLKA:5.100 us,1.000 ns)

WARNING:Simulator:29 - at 5.100 us: Warning: Timing violation in
   /network_proc_full_tb/uut/fifo_instance/ram_inst/inst/  $recovery( CLKA:5.100
   us, CLKB:5.100 us,1.000 ns)

WARNING:Simulator:29 - at 5.100 us: Warning: Timing violation in
   /network_proc_full_tb/uut/gpu_instance/ICache/inst/  $recovery( CLKB:5.100
   us, CLKA:5.100 us,1.000 ns)

WARNING:Simulator:29 - at 5.100 us: Warning: Timing violation in
   /network_proc_full_tb/uut/gpu_instance/ICache/inst/  $recovery( CLKA:5.100
   us, CLKB:5.100 us,1.000 ns)

WARNING:Simulator:29 - at 5.200 us: Warning: Timing violation in
   /network_proc_full_tb/uut/fifo_instance/ram_inst/inst/  $recovery( CLKB:5.200
   us, CLKA:5.200 us,1.000 ns)

WARNING:Simulator:29 - at 5.200 us: Warning: Timing violation in
   /network_proc_full_tb/uut/fifo_instance/ram_inst/inst/  $recovery( CLKA:5.200
   us, CLKB:5.200 us,1.000 ns)

WARNING:Simulator:29 - at 5.200 us: Warning: Timing violation in
   /network_proc_full_tb/uut/gpu_instance/ICache/inst/  $recovery( CLKB:5.200
   us, CLKA:5.200 us,1.000 ns)

WARNING:Simulator:29 - at 5.200 us: Warning: Timing violation in
   /network_proc_full_tb/uut/gpu_instance/ICache/inst/  $recovery( CLKA:5.200
   us, CLKB:5.200 us,1.000 ns)

WARNING:Simulator:29 - at 5.300 us: Warning: Timing violation in
   /network_proc_full_tb/uut/fifo_instance/ram_inst/inst/  $recovery( CLKB:5.300
   us, CLKA:5.300 us,1.000 ns)

WARNING:Simulator:29 - at 5.300 us: Warning: Timing violation in
   /network_proc_full_tb/uut/fifo_instance/ram_inst/inst/  $recovery( CLKA:5.300
   us, CLKB:5.300 us,1.000 ns)

WARNING:Simulator:29 - at 5.300 us: Warning: Timing violation in
   /network_proc_full_tb/uut/gpu_instance/ICache/inst/  $recovery( CLKB:5.300
   us, CLKA:5.300 us,1.000 ns)

WARNING:Simulator:29 - at 5.300 us: Warning: Timing violation in
   /network_proc_full_tb/uut/gpu_instance/ICache/inst/  $recovery( CLKA:5.300
   us, CLKB:5.300 us,1.000 ns)

WARNING:Simulator:29 - at 5.400 us: Warning: Timing violation in
   /network_proc_full_tb/uut/fifo_instance/ram_inst/inst/  $recovery( CLKB:5.400
   us, CLKA:5.400 us,1.000 ns)

WARNING:Simulator:29 - at 5.400 us: Warning: Timing violation in
   /network_proc_full_tb/uut/fifo_instance/ram_inst/inst/  $recovery( CLKA:5.400
   us, CLKB:5.400 us,1.000 ns)

WARNING:Simulator:29 - at 5.400 us: Warning: Timing violation in
   /network_proc_full_tb/uut/gpu_instance/ICache/inst/  $recovery( CLKB:5.400
   us, CLKA:5.400 us,1.000 ns)

WARNING:Simulator:29 - at 5.400 us: Warning: Timing violation in
   /network_proc_full_tb/uut/gpu_instance/ICache/inst/  $recovery( CLKA:5.400
   us, CLKB:5.400 us,1.000 ns)

WARNING:Simulator:29 - at 5.500 us: Warning: Timing violation in
   /network_proc_full_tb/uut/fifo_instance/ram_inst/inst/  $recovery( CLKB:5.500
   us, CLKA:5.500 us,1.000 ns)

WARNING:Simulator:29 - at 5.500 us: Warning: Timing violation in
   /network_proc_full_tb/uut/fifo_instance/ram_inst/inst/  $recovery( CLKA:5.500
   us, CLKB:5.500 us,1.000 ns)

WARNING:Simulator:29 - at 5.500 us: Warning: Timing violation in
   /network_proc_full_tb/uut/gpu_instance/ICache/inst/  $recovery( CLKB:5.500
   us, CLKA:5.500 us,1.000 ns)

WARNING:Simulator:29 - at 5.500 us: Warning: Timing violation in
   /network_proc_full_tb/uut/gpu_instance/ICache/inst/  $recovery( CLKA:5.500
   us, CLKB:5.500 us,1.000 ns)

WARNING:Simulator:29 - at 5.600 us: Warning: Timing violation in
   /network_proc_full_tb/uut/fifo_instance/ram_inst/inst/  $recovery( CLKB:5.600
   us, CLKA:5.600 us,1.000 ns)

WARNING:Simulator:29 - at 5.600 us: Warning: Timing violation in
   /network_proc_full_tb/uut/fifo_instance/ram_inst/inst/  $recovery( CLKA:5.600
   us, CLKB:5.600 us,1.000 ns)

WARNING:Simulator:29 - at 5.600 us: Warning: Timing violation in
   /network_proc_full_tb/uut/gpu_instance/ICache/inst/  $recovery( CLKB:5.600
   us, CLKA:5.600 us,1.000 ns)

WARNING:Simulator:29 - at 5.600 us: Warning: Timing violation in
   /network_proc_full_tb/uut/gpu_instance/ICache/inst/  $recovery( CLKA:5.600
   us, CLKB:5.600 us,1.000 ns)

WARNING:Simulator:29 - at 5.700 us: Warning: Timing violation in
   /network_proc_full_tb/uut/fifo_instance/ram_inst/inst/  $recovery( CLKB:5.700
   us, CLKA:5.700 us,1.000 ns)

WARNING:Simulator:29 - at 5.700 us: Warning: Timing violation in
   /network_proc_full_tb/uut/fifo_instance/ram_inst/inst/  $recovery( CLKA:5.700
   us, CLKB:5.700 us,1.000 ns)

WARNING:Simulator:29 - at 5.700 us: Warning: Timing violation in
   /network_proc_full_tb/uut/gpu_instance/ICache/inst/  $recovery( CLKB:5.700
   us, CLKA:5.700 us,1.000 ns)

WARNING:Simulator:29 - at 5.700 us: Warning: Timing violation in
   /network_proc_full_tb/uut/gpu_instance/ICache/inst/  $recovery( CLKA:5.700
   us, CLKB:5.700 us,1.000 ns)

WARNING:Simulator:29 - at 5.800 us: Warning: Timing violation in
   /network_proc_full_tb/uut/fifo_instance/ram_inst/inst/  $recovery( CLKB:5.800
   us, CLKA:5.800 us,1.000 ns)

WARNING:Simulator:29 - at 5.800 us: Warning: Timing violation in
   /network_proc_full_tb/uut/fifo_instance/ram_inst/inst/  $recovery( CLKA:5.800
   us, CLKB:5.800 us,1.000 ns)

WARNING:Simulator:29 - at 5.800 us: Warning: Timing violation in
   /network_proc_full_tb/uut/gpu_instance/ICache/inst/  $recovery( CLKB:5.800
   us, CLKA:5.800 us,1.000 ns)

WARNING:Simulator:29 - at 5.800 us: Warning: Timing violation in
   /network_proc_full_tb/uut/gpu_instance/ICache/inst/  $recovery( CLKA:5.800
   us, CLKB:5.800 us,1.000 ns)

WARNING:Simulator:29 - at 5.900 us: Warning: Timing violation in
   /network_proc_full_tb/uut/fifo_instance/ram_inst/inst/  $recovery( CLKB:5.900
   us, CLKA:5.900 us,1.000 ns)

WARNING:Simulator:29 - at 5.900 us: Warning: Timing violation in
   /network_proc_full_tb/uut/fifo_instance/ram_inst/inst/  $recovery( CLKA:5.900
   us, CLKB:5.900 us,1.000 ns)

WARNING:Simulator:29 - at 5.900 us: Warning: Timing violation in
   /network_proc_full_tb/uut/gpu_instance/ICache/inst/  $recovery( CLKB:5.900
   us, CLKA:5.900 us,1.000 ns)

WARNING:Simulator:29 - at 5.900 us: Warning: Timing violation in
   /network_proc_full_tb/uut/gpu_instance/ICache/inst/  $recovery( CLKA:5.900
   us, CLKB:5.900 us,1.000 ns)

WARNING:Simulator:29 - at 6.000 us: Warning: Timing violation in
   /network_proc_full_tb/uut/fifo_instance/ram_inst/inst/  $recovery( CLKB:6.000
   us, CLKA:6.000 us,1.000 ns)

WARNING:Simulator:29 - at 6.000 us: Warning: Timing violation in
   /network_proc_full_tb/uut/fifo_instance/ram_inst/inst/  $recovery( CLKA:6.000
   us, CLKB:6.000 us,1.000 ns)

WARNING:Simulator:29 - at 6.000 us: Warning: Timing violation in
   /network_proc_full_tb/uut/gpu_instance/ICache/inst/  $recovery( CLKB:6.000
   us, CLKA:6.000 us,1.000 ns)

WARNING:Simulator:29 - at 6.000 us: Warning: Timing violation in
   /network_proc_full_tb/uut/gpu_instance/ICache/inst/  $recovery( CLKA:6.000
   us, CLKB:6.000 us,1.000 ns)

WARNING:Simulator:29 - at 6.100 us: Warning: Timing violation in
   /network_proc_full_tb/uut/fifo_instance/ram_inst/inst/  $recovery( CLKB:6.100
   us, CLKA:6.100 us,1.000 ns)

WARNING:Simulator:29 - at 6.100 us: Warning: Timing violation in
   /network_proc_full_tb/uut/fifo_instance/ram_inst/inst/  $recovery( CLKA:6.100
   us, CLKB:6.100 us,1.000 ns)

WARNING:Simulator:29 - at 6.100 us: Warning: Timing violation in
   /network_proc_full_tb/uut/gpu_instance/ICache/inst/  $recovery( CLKB:6.100
   us, CLKA:6.100 us,1.000 ns)

WARNING:Simulator:29 - at 6.100 us: Warning: Timing violation in
   /network_proc_full_tb/uut/gpu_instance/ICache/inst/  $recovery( CLKA:6.100
   us, CLKB:6.100 us,1.000 ns)

WARNING:Simulator:29 - at 6.200 us: Warning: Timing violation in
   /network_proc_full_tb/uut/fifo_instance/ram_inst/inst/  $recovery( CLKB:6.200
   us, CLKA:6.200 us,1.000 ns)

WARNING:Simulator:29 - at 6.200 us: Warning: Timing violation in
   /network_proc_full_tb/uut/fifo_instance/ram_inst/inst/  $recovery( CLKA:6.200
   us, CLKB:6.200 us,1.000 ns)

WARNING:Simulator:29 - at 6.200 us: Warning: Timing violation in
   /network_proc_full_tb/uut/gpu_instance/ICache/inst/  $recovery( CLKB:6.200
   us, CLKA:6.200 us,1.000 ns)

WARNING:Simulator:29 - at 6.200 us: Warning: Timing violation in
   /network_proc_full_tb/uut/gpu_instance/ICache/inst/  $recovery( CLKA:6.200
   us, CLKB:6.200 us,1.000 ns)

WARNING:Simulator:29 - at 6.300 us: Warning: Timing violation in
   /network_proc_full_tb/uut/fifo_instance/ram_inst/inst/  $recovery( CLKB:6.300
   us, CLKA:6.300 us,1.000 ns)

WARNING:Simulator:29 - at 6.300 us: Warning: Timing violation in
   /network_proc_full_tb/uut/fifo_instance/ram_inst/inst/  $recovery( CLKA:6.300
   us, CLKB:6.300 us,1.000 ns)

WARNING:Simulator:29 - at 6.300 us: Warning: Timing violation in
   /network_proc_full_tb/uut/gpu_instance/ICache/inst/  $recovery( CLKB:6.300
   us, CLKA:6.300 us,1.000 ns)

WARNING:Simulator:29 - at 6.300 us: Warning: Timing violation in
   /network_proc_full_tb/uut/gpu_instance/ICache/inst/  $recovery( CLKA:6.300
   us, CLKB:6.300 us,1.000 ns)

WARNING:Simulator:29 - at 6.400 us: Warning: Timing violation in
   /network_proc_full_tb/uut/fifo_instance/ram_inst/inst/  $recovery( CLKB:6.400
   us, CLKA:6.400 us,1.000 ns)

WARNING:Simulator:29 - at 6.400 us: Warning: Timing violation in
   /network_proc_full_tb/uut/fifo_instance/ram_inst/inst/  $recovery( CLKA:6.400
   us, CLKB:6.400 us,1.000 ns)

WARNING:Simulator:29 - at 6.400 us: Warning: Timing violation in
   /network_proc_full_tb/uut/gpu_instance/ICache/inst/  $recovery( CLKB:6.400
   us, CLKA:6.400 us,1.000 ns)

WARNING:Simulator:29 - at 6.400 us: Warning: Timing violation in
   /network_proc_full_tb/uut/gpu_instance/ICache/inst/  $recovery( CLKA:6.400
   us, CLKB:6.400 us,1.000 ns)

WARNING:Simulator:29 - at 6.500 us: Warning: Timing violation in
   /network_proc_full_tb/uut/fifo_instance/ram_inst/inst/  $recovery( CLKB:6.500
   us, CLKA:6.500 us,1.000 ns)

WARNING:Simulator:29 - at 6.500 us: Warning: Timing violation in
   /network_proc_full_tb/uut/fifo_instance/ram_inst/inst/  $recovery( CLKA:6.500
   us, CLKB:6.500 us,1.000 ns)

WARNING:Simulator:29 - at 6.500 us: Warning: Timing violation in
   /network_proc_full_tb/uut/gpu_instance/ICache/inst/  $recovery( CLKB:6.500
   us, CLKA:6.500 us,1.000 ns)

WARNING:Simulator:29 - at 6.500 us: Warning: Timing violation in
   /network_proc_full_tb/uut/gpu_instance/ICache/inst/  $recovery( CLKA:6.500
   us, CLKB:6.500 us,1.000 ns)

WARNING:Simulator:29 - at 6.600 us: Warning: Timing violation in
   /network_proc_full_tb/uut/fifo_instance/ram_inst/inst/  $recovery( CLKB:6.600
   us, CLKA:6.600 us,1.000 ns)

WARNING:Simulator:29 - at 6.600 us: Warning: Timing violation in
   /network_proc_full_tb/uut/fifo_instance/ram_inst/inst/  $recovery( CLKA:6.600
   us, CLKB:6.600 us,1.000 ns)

WARNING:Simulator:29 - at 6.600 us: Warning: Timing violation in
   /network_proc_full_tb/uut/gpu_instance/ICache/inst/  $recovery( CLKB:6.600
   us, CLKA:6.600 us,1.000 ns)

WARNING:Simulator:29 - at 6.600 us: Warning: Timing violation in
   /network_proc_full_tb/uut/gpu_instance/ICache/inst/  $recovery( CLKA:6.600
   us, CLKB:6.600 us,1.000 ns)

WARNING:Simulator:29 - at 6.700 us: Warning: Timing violation in
   /network_proc_full_tb/uut/fifo_instance/ram_inst/inst/  $recovery( CLKB:6.700
   us, CLKA:6.700 us,1.000 ns)

WARNING:Simulator:29 - at 6.700 us: Warning: Timing violation in
   /network_proc_full_tb/uut/fifo_instance/ram_inst/inst/  $recovery( CLKA:6.700
   us, CLKB:6.700 us,1.000 ns)

WARNING:Simulator:29 - at 6.700 us: Warning: Timing violation in
   /network_proc_full_tb/uut/gpu_instance/ICache/inst/  $recovery( CLKB:6.700
   us, CLKA:6.700 us,1.000 ns)

WARNING:Simulator:29 - at 6.700 us: Warning: Timing violation in
   /network_proc_full_tb/uut/gpu_instance/ICache/inst/  $recovery( CLKA:6.700
   us, CLKB:6.700 us,1.000 ns)

WARNING:Simulator:29 - at 6.800 us: Warning: Timing violation in
   /network_proc_full_tb/uut/fifo_instance/ram_inst/inst/  $recovery( CLKB:6.800
   us, CLKA:6.800 us,1.000 ns)

WARNING:Simulator:29 - at 6.800 us: Warning: Timing violation in
   /network_proc_full_tb/uut/fifo_instance/ram_inst/inst/  $recovery( CLKA:6.800
   us, CLKB:6.800 us,1.000 ns)

WARNING:Simulator:29 - at 6.800 us: Warning: Timing violation in
   /network_proc_full_tb/uut/gpu_instance/ICache/inst/  $recovery( CLKB:6.800
   us, CLKA:6.800 us,1.000 ns)

WARNING:Simulator:29 - at 6.800 us: Warning: Timing violation in
   /network_proc_full_tb/uut/gpu_instance/ICache/inst/  $recovery( CLKA:6.800
   us, CLKB:6.800 us,1.000 ns)

WARNING:Simulator:29 - at 6.900 us: Warning: Timing violation in
   /network_proc_full_tb/uut/fifo_instance/ram_inst/inst/  $recovery( CLKB:6.900
   us, CLKA:6.900 us,1.000 ns)

WARNING:Simulator:29 - at 6.900 us: Warning: Timing violation in
   /network_proc_full_tb/uut/fifo_instance/ram_inst/inst/  $recovery( CLKA:6.900
   us, CLKB:6.900 us,1.000 ns)

WARNING:Simulator:29 - at 6.900 us: Warning: Timing violation in
   /network_proc_full_tb/uut/gpu_instance/ICache/inst/  $recovery( CLKB:6.900
   us, CLKA:6.900 us,1.000 ns)

WARNING:Simulator:29 - at 6.900 us: Warning: Timing violation in
   /network_proc_full_tb/uut/gpu_instance/ICache/inst/  $recovery( CLKA:6.900
   us, CLKB:6.900 us,1.000 ns)

WARNING:Simulator:29 - at 7.000 us: Warning: Timing violation in
   /network_proc_full_tb/uut/fifo_instance/ram_inst/inst/  $recovery( CLKB:7.000
   us, CLKA:7.000 us,1.000 ns)

WARNING:Simulator:29 - at 7.000 us: Warning: Timing violation in
   /network_proc_full_tb/uut/fifo_instance/ram_inst/inst/  $recovery( CLKA:7.000
   us, CLKB:7.000 us,1.000 ns)

WARNING:Simulator:29 - at 7.000 us: Warning: Timing violation in
   /network_proc_full_tb/uut/gpu_instance/ICache/inst/  $recovery( CLKB:7.000
   us, CLKA:7.000 us,1.000 ns)

WARNING:Simulator:29 - at 7.000 us: Warning: Timing violation in
   /network_proc_full_tb/uut/gpu_instance/ICache/inst/  $recovery( CLKA:7.000
   us, CLKB:7.000 us,1.000 ns)

WARNING:Simulator:29 - at 7.100 us: Warning: Timing violation in
   /network_proc_full_tb/uut/fifo_instance/ram_inst/inst/  $recovery( CLKB:7.100
   us, CLKA:7.100 us,1.000 ns)

WARNING:Simulator:29 - at 7.100 us: Warning: Timing violation in
   /network_proc_full_tb/uut/fifo_instance/ram_inst/inst/  $recovery( CLKA:7.100
   us, CLKB:7.100 us,1.000 ns)

WARNING:Simulator:29 - at 7.100 us: Warning: Timing violation in
   /network_proc_full_tb/uut/gpu_instance/ICache/inst/  $recovery( CLKB:7.100
   us, CLKA:7.100 us,1.000 ns)

WARNING:Simulator:29 - at 7.100 us: Warning: Timing violation in
   /network_proc_full_tb/uut/gpu_instance/ICache/inst/  $recovery( CLKA:7.100
   us, CLKB:7.100 us,1.000 ns)

WARNING:Simulator:29 - at 7.200 us: Warning: Timing violation in
   /network_proc_full_tb/uut/fifo_instance/ram_inst/inst/  $recovery( CLKB:7.200
   us, CLKA:7.200 us,1.000 ns)

WARNING:Simulator:29 - at 7.200 us: Warning: Timing violation in
   /network_proc_full_tb/uut/fifo_instance/ram_inst/inst/  $recovery( CLKA:7.200
   us, CLKB:7.200 us,1.000 ns)

WARNING:Simulator:29 - at 7.200 us: Warning: Timing violation in
   /network_proc_full_tb/uut/gpu_instance/ICache/inst/  $recovery( CLKB:7.200
   us, CLKA:7.200 us,1.000 ns)

WARNING:Simulator:29 - at 7.200 us: Warning: Timing violation in
   /network_proc_full_tb/uut/gpu_instance/ICache/inst/  $recovery( CLKA:7.200
   us, CLKB:7.200 us,1.000 ns)

WARNING:Simulator:29 - at 7.300 us: Warning: Timing violation in
   /network_proc_full_tb/uut/fifo_instance/ram_inst/inst/  $recovery( CLKB:7.300
   us, CLKA:7.300 us,1.000 ns)

WARNING:Simulator:29 - at 7.300 us: Warning: Timing violation in
   /network_proc_full_tb/uut/fifo_instance/ram_inst/inst/  $recovery( CLKA:7.300
   us, CLKB:7.300 us,1.000 ns)

WARNING:Simulator:29 - at 7.300 us: Warning: Timing violation in
   /network_proc_full_tb/uut/gpu_instance/ICache/inst/  $recovery( CLKB:7.300
   us, CLKA:7.300 us,1.000 ns)

WARNING:Simulator:29 - at 7.300 us: Warning: Timing violation in
   /network_proc_full_tb/uut/gpu_instance/ICache/inst/  $recovery( CLKA:7.300
   us, CLKB:7.300 us,1.000 ns)

WARNING:Simulator:29 - at 7.400 us: Warning: Timing violation in
   /network_proc_full_tb/uut/fifo_instance/ram_inst/inst/  $recovery( CLKB:7.400
   us, CLKA:7.400 us,1.000 ns)

WARNING:Simulator:29 - at 7.400 us: Warning: Timing violation in
   /network_proc_full_tb/uut/fifo_instance/ram_inst/inst/  $recovery( CLKA:7.400
   us, CLKB:7.400 us,1.000 ns)

WARNING:Simulator:29 - at 7.400 us: Warning: Timing violation in
   /network_proc_full_tb/uut/gpu_instance/ICache/inst/  $recovery( CLKB:7.400
   us, CLKA:7.400 us,1.000 ns)

WARNING:Simulator:29 - at 7.400 us: Warning: Timing violation in
   /network_proc_full_tb/uut/gpu_instance/ICache/inst/  $recovery( CLKA:7.400
   us, CLKB:7.400 us,1.000 ns)

WARNING:Simulator:29 - at 7.500 us: Warning: Timing violation in
   /network_proc_full_tb/uut/fifo_instance/ram_inst/inst/  $recovery( CLKB:7.500
   us, CLKA:7.500 us,1.000 ns)

WARNING:Simulator:29 - at 7.500 us: Warning: Timing violation in
   /network_proc_full_tb/uut/fifo_instance/ram_inst/inst/  $recovery( CLKA:7.500
   us, CLKB:7.500 us,1.000 ns)

WARNING:Simulator:29 - at 7.500 us: Warning: Timing violation in
   /network_proc_full_tb/uut/gpu_instance/ICache/inst/  $recovery( CLKB:7.500
   us, CLKA:7.500 us,1.000 ns)

WARNING:Simulator:29 - at 7.500 us: Warning: Timing violation in
   /network_proc_full_tb/uut/gpu_instance/ICache/inst/  $recovery( CLKA:7.500
   us, CLKB:7.500 us,1.000 ns)

WARNING:Simulator:29 - at 7.600 us: Warning: Timing violation in
   /network_proc_full_tb/uut/fifo_instance/ram_inst/inst/  $recovery( CLKB:7.600
   us, CLKA:7.600 us,1.000 ns)

WARNING:Simulator:29 - at 7.600 us: Warning: Timing violation in
   /network_proc_full_tb/uut/fifo_instance/ram_inst/inst/  $recovery( CLKA:7.600
   us, CLKB:7.600 us,1.000 ns)

WARNING:Simulator:29 - at 7.600 us: Warning: Timing violation in
   /network_proc_full_tb/uut/gpu_instance/ICache/inst/  $recovery( CLKB:7.600
   us, CLKA:7.600 us,1.000 ns)

WARNING:Simulator:29 - at 7.600 us: Warning: Timing violation in
   /network_proc_full_tb/uut/gpu_instance/ICache/inst/  $recovery( CLKA:7.600
   us, CLKB:7.600 us,1.000 ns)

WARNING:Simulator:29 - at 7.700 us: Warning: Timing violation in
   /network_proc_full_tb/uut/fifo_instance/ram_inst/inst/  $recovery( CLKB:7.700
   us, CLKA:7.700 us,1.000 ns)

WARNING:Simulator:29 - at 7.700 us: Warning: Timing violation in
   /network_proc_full_tb/uut/fifo_instance/ram_inst/inst/  $recovery( CLKA:7.700
   us, CLKB:7.700 us,1.000 ns)

WARNING:Simulator:29 - at 7.700 us: Warning: Timing violation in
   /network_proc_full_tb/uut/gpu_instance/ICache/inst/  $recovery( CLKB:7.700
   us, CLKA:7.700 us,1.000 ns)

WARNING:Simulator:29 - at 7.700 us: Warning: Timing violation in
   /network_proc_full_tb/uut/gpu_instance/ICache/inst/  $recovery( CLKA:7.700
   us, CLKB:7.700 us,1.000 ns)

WARNING:Simulator:29 - at 7.800 us: Warning: Timing violation in
   /network_proc_full_tb/uut/fifo_instance/ram_inst/inst/  $recovery( CLKB:7.800
   us, CLKA:7.800 us,1.000 ns)

WARNING:Simulator:29 - at 7.800 us: Warning: Timing violation in
   /network_proc_full_tb/uut/fifo_instance/ram_inst/inst/  $recovery( CLKA:7.800
   us, CLKB:7.800 us,1.000 ns)

WARNING:Simulator:29 - at 7.800 us: Warning: Timing violation in
   /network_proc_full_tb/uut/gpu_instance/ICache/inst/  $recovery( CLKB:7.800
   us, CLKA:7.800 us,1.000 ns)

WARNING:Simulator:29 - at 7.800 us: Warning: Timing violation in
   /network_proc_full_tb/uut/gpu_instance/ICache/inst/  $recovery( CLKA:7.800
   us, CLKB:7.800 us,1.000 ns)

WARNING:Simulator:29 - at 7.900 us: Warning: Timing violation in
   /network_proc_full_tb/uut/fifo_instance/ram_inst/inst/  $recovery( CLKB:7.900
   us, CLKA:7.900 us,1.000 ns)

WARNING:Simulator:29 - at 7.900 us: Warning: Timing violation in
   /network_proc_full_tb/uut/fifo_instance/ram_inst/inst/  $recovery( CLKA:7.900
   us, CLKB:7.900 us,1.000 ns)

WARNING:Simulator:29 - at 7.900 us: Warning: Timing violation in
   /network_proc_full_tb/uut/gpu_instance/ICache/inst/  $recovery( CLKB:7.900
   us, CLKA:7.900 us,1.000 ns)

WARNING:Simulator:29 - at 7.900 us: Warning: Timing violation in
   /network_proc_full_tb/uut/gpu_instance/ICache/inst/  $recovery( CLKA:7.900
   us, CLKB:7.900 us,1.000 ns)

WARNING:Simulator:29 - at 8.000 us: Warning: Timing violation in
   /network_proc_full_tb/uut/fifo_instance/ram_inst/inst/  $recovery( CLKB:8.000
   us, CLKA:8.000 us,1.000 ns)

WARNING:Simulator:29 - at 8.000 us: Warning: Timing violation in
   /network_proc_full_tb/uut/fifo_instance/ram_inst/inst/  $recovery( CLKA:8.000
   us, CLKB:8.000 us,1.000 ns)

WARNING:Simulator:29 - at 8.000 us: Warning: Timing violation in
   /network_proc_full_tb/uut/gpu_instance/ICache/inst/  $recovery( CLKB:8.000
   us, CLKA:8.000 us,1.000 ns)

WARNING:Simulator:29 - at 8.000 us: Warning: Timing violation in
   /network_proc_full_tb/uut/gpu_instance/ICache/inst/  $recovery( CLKA:8.000
   us, CLKB:8.000 us,1.000 ns)

WARNING:Simulator:29 - at 8.100 us: Warning: Timing violation in
   /network_proc_full_tb/uut/fifo_instance/ram_inst/inst/  $recovery( CLKB:8.100
   us, CLKA:8.100 us,1.000 ns)

WARNING:Simulator:29 - at 8.100 us: Warning: Timing violation in
   /network_proc_full_tb/uut/fifo_instance/ram_inst/inst/  $recovery( CLKA:8.100
   us, CLKB:8.100 us,1.000 ns)

WARNING:Simulator:29 - at 8.100 us: Warning: Timing violation in
   /network_proc_full_tb/uut/gpu_instance/ICache/inst/  $recovery( CLKB:8.100
   us, CLKA:8.100 us,1.000 ns)

WARNING:Simulator:29 - at 8.100 us: Warning: Timing violation in
   /network_proc_full_tb/uut/gpu_instance/ICache/inst/  $recovery( CLKA:8.100
   us, CLKB:8.100 us,1.000 ns)

WARNING:Simulator:29 - at 8.200 us: Warning: Timing violation in
   /network_proc_full_tb/uut/fifo_instance/ram_inst/inst/  $recovery( CLKB:8.200
   us, CLKA:8.200 us,1.000 ns)

WARNING:Simulator:29 - at 8.200 us: Warning: Timing violation in
   /network_proc_full_tb/uut/fifo_instance/ram_inst/inst/  $recovery( CLKA:8.200
   us, CLKB:8.200 us,1.000 ns)

WARNING:Simulator:29 - at 8.200 us: Warning: Timing violation in
   /network_proc_full_tb/uut/gpu_instance/ICache/inst/  $recovery( CLKB:8.200
   us, CLKA:8.200 us,1.000 ns)

WARNING:Simulator:29 - at 8.200 us: Warning: Timing violation in
   /network_proc_full_tb/uut/gpu_instance/ICache/inst/  $recovery( CLKA:8.200
   us, CLKB:8.200 us,1.000 ns)

WARNING:Simulator:29 - at 8.300 us: Warning: Timing violation in
   /network_proc_full_tb/uut/fifo_instance/ram_inst/inst/  $recovery( CLKB:8.300
   us, CLKA:8.300 us,1.000 ns)

WARNING:Simulator:29 - at 8.300 us: Warning: Timing violation in
   /network_proc_full_tb/uut/fifo_instance/ram_inst/inst/  $recovery( CLKA:8.300
   us, CLKB:8.300 us,1.000 ns)

WARNING:Simulator:29 - at 8.300 us: Warning: Timing violation in
   /network_proc_full_tb/uut/gpu_instance/ICache/inst/  $recovery( CLKB:8.300
   us, CLKA:8.300 us,1.000 ns)

WARNING:Simulator:29 - at 8.300 us: Warning: Timing violation in
   /network_proc_full_tb/uut/gpu_instance/ICache/inst/  $recovery( CLKA:8.300
   us, CLKB:8.300 us,1.000 ns)

WARNING:Simulator:29 - at 8.400 us: Warning: Timing violation in
   /network_proc_full_tb/uut/fifo_instance/ram_inst/inst/  $recovery( CLKB:8.400
   us, CLKA:8.400 us,1.000 ns)

WARNING:Simulator:29 - at 8.400 us: Warning: Timing violation in
   /network_proc_full_tb/uut/fifo_instance/ram_inst/inst/  $recovery( CLKA:8.400
   us, CLKB:8.400 us,1.000 ns)

WARNING:Simulator:29 - at 8.400 us: Warning: Timing violation in
   /network_proc_full_tb/uut/gpu_instance/ICache/inst/  $recovery( CLKB:8.400
   us, CLKA:8.400 us,1.000 ns)

WARNING:Simulator:29 - at 8.400 us: Warning: Timing violation in
   /network_proc_full_tb/uut/gpu_instance/ICache/inst/  $recovery( CLKA:8.400
   us, CLKB:8.400 us,1.000 ns)

WARNING:Simulator:29 - at 8.500 us: Warning: Timing violation in
   /network_proc_full_tb/uut/fifo_instance/ram_inst/inst/  $recovery( CLKB:8.500
   us, CLKA:8.500 us,1.000 ns)

WARNING:Simulator:29 - at 8.500 us: Warning: Timing violation in
   /network_proc_full_tb/uut/fifo_instance/ram_inst/inst/  $recovery( CLKA:8.500
   us, CLKB:8.500 us,1.000 ns)

WARNING:Simulator:29 - at 8.500 us: Warning: Timing violation in
   /network_proc_full_tb/uut/gpu_instance/ICache/inst/  $recovery( CLKB:8.500
   us, CLKA:8.500 us,1.000 ns)

WARNING:Simulator:29 - at 8.500 us: Warning: Timing violation in
   /network_proc_full_tb/uut/gpu_instance/ICache/inst/  $recovery( CLKA:8.500
   us, CLKB:8.500 us,1.000 ns)

WARNING:Simulator:29 - at 8.600 us: Warning: Timing violation in
   /network_proc_full_tb/uut/fifo_instance/ram_inst/inst/  $recovery( CLKB:8.600
   us, CLKA:8.600 us,1.000 ns)

WARNING:Simulator:29 - at 8.600 us: Warning: Timing violation in
   /network_proc_full_tb/uut/fifo_instance/ram_inst/inst/  $recovery( CLKA:8.600
   us, CLKB:8.600 us,1.000 ns)

WARNING:Simulator:29 - at 8.600 us: Warning: Timing violation in
   /network_proc_full_tb/uut/gpu_instance/ICache/inst/  $recovery( CLKB:8.600
   us, CLKA:8.600 us,1.000 ns)

WARNING:Simulator:29 - at 8.600 us: Warning: Timing violation in
   /network_proc_full_tb/uut/gpu_instance/ICache/inst/  $recovery( CLKA:8.600
   us, CLKB:8.600 us,1.000 ns)

WARNING:Simulator:29 - at 8.700 us: Warning: Timing violation in
   /network_proc_full_tb/uut/fifo_instance/ram_inst/inst/  $recovery( CLKB:8.700
   us, CLKA:8.700 us,1.000 ns)

WARNING:Simulator:29 - at 8.700 us: Warning: Timing violation in
   /network_proc_full_tb/uut/fifo_instance/ram_inst/inst/  $recovery( CLKA:8.700
   us, CLKB:8.700 us,1.000 ns)

WARNING:Simulator:29 - at 8.700 us: Warning: Timing violation in
   /network_proc_full_tb/uut/gpu_instance/ICache/inst/  $recovery( CLKB:8.700
   us, CLKA:8.700 us,1.000 ns)

WARNING:Simulator:29 - at 8.700 us: Warning: Timing violation in
   /network_proc_full_tb/uut/gpu_instance/ICache/inst/  $recovery( CLKA:8.700
   us, CLKB:8.700 us,1.000 ns)

WARNING:Simulator:29 - at 8.800 us: Warning: Timing violation in
   /network_proc_full_tb/uut/fifo_instance/ram_inst/inst/  $recovery( CLKB:8.800
   us, CLKA:8.800 us,1.000 ns)

WARNING:Simulator:29 - at 8.800 us: Warning: Timing violation in
   /network_proc_full_tb/uut/fifo_instance/ram_inst/inst/  $recovery( CLKA:8.800
   us, CLKB:8.800 us,1.000 ns)

WARNING:Simulator:29 - at 8.800 us: Warning: Timing violation in
   /network_proc_full_tb/uut/gpu_instance/ICache/inst/  $recovery( CLKB:8.800
   us, CLKA:8.800 us,1.000 ns)

WARNING:Simulator:29 - at 8.800 us: Warning: Timing violation in
   /network_proc_full_tb/uut/gpu_instance/ICache/inst/  $recovery( CLKA:8.800
   us, CLKB:8.800 us,1.000 ns)

WARNING:Simulator:29 - at 8.900 us: Warning: Timing violation in
   /network_proc_full_tb/uut/fifo_instance/ram_inst/inst/  $recovery( CLKB:8.900
   us, CLKA:8.900 us,1.000 ns)

WARNING:Simulator:29 - at 8.900 us: Warning: Timing violation in
   /network_proc_full_tb/uut/fifo_instance/ram_inst/inst/  $recovery( CLKA:8.900
   us, CLKB:8.900 us,1.000 ns)

WARNING:Simulator:29 - at 8.900 us: Warning: Timing violation in
   /network_proc_full_tb/uut/gpu_instance/ICache/inst/  $recovery( CLKB:8.900
   us, CLKA:8.900 us,1.000 ns)

WARNING:Simulator:29 - at 8.900 us: Warning: Timing violation in
   /network_proc_full_tb/uut/gpu_instance/ICache/inst/  $recovery( CLKA:8.900
   us, CLKB:8.900 us,1.000 ns)

WARNING:Simulator:29 - at 9.000 us: Warning: Timing violation in
   /network_proc_full_tb/uut/fifo_instance/ram_inst/inst/  $recovery( CLKB:9.000
   us, CLKA:9.000 us,1.000 ns)

WARNING:Simulator:29 - at 9.000 us: Warning: Timing violation in
   /network_proc_full_tb/uut/fifo_instance/ram_inst/inst/  $recovery( CLKA:9.000
   us, CLKB:9.000 us,1.000 ns)

WARNING:Simulator:29 - at 9.000 us: Warning: Timing violation in
   /network_proc_full_tb/uut/gpu_instance/ICache/inst/  $recovery( CLKB:9.000
   us, CLKA:9.000 us,1.000 ns)

WARNING:Simulator:29 - at 9.000 us: Warning: Timing violation in
   /network_proc_full_tb/uut/gpu_instance/ICache/inst/  $recovery( CLKA:9.000
   us, CLKB:9.000 us,1.000 ns)

WARNING:Simulator:29 - at 9.100 us: Warning: Timing violation in
   /network_proc_full_tb/uut/fifo_instance/ram_inst/inst/  $recovery( CLKB:9.100
   us, CLKA:9.100 us,1.000 ns)

WARNING:Simulator:29 - at 9.100 us: Warning: Timing violation in
   /network_proc_full_tb/uut/fifo_instance/ram_inst/inst/  $recovery( CLKA:9.100
   us, CLKB:9.100 us,1.000 ns)

WARNING:Simulator:29 - at 9.100 us: Warning: Timing violation in
   /network_proc_full_tb/uut/gpu_instance/ICache/inst/  $recovery( CLKB:9.100
   us, CLKA:9.100 us,1.000 ns)

WARNING:Simulator:29 - at 9.100 us: Warning: Timing violation in
   /network_proc_full_tb/uut/gpu_instance/ICache/inst/  $recovery( CLKA:9.100
   us, CLKB:9.100 us,1.000 ns)

WARNING:Simulator:29 - at 9.200 us: Warning: Timing violation in
   /network_proc_full_tb/uut/fifo_instance/ram_inst/inst/  $recovery( CLKB:9.200
   us, CLKA:9.200 us,1.000 ns)

WARNING:Simulator:29 - at 9.200 us: Warning: Timing violation in
   /network_proc_full_tb/uut/fifo_instance/ram_inst/inst/  $recovery( CLKA:9.200
   us, CLKB:9.200 us,1.000 ns)

WARNING:Simulator:29 - at 9.200 us: Warning: Timing violation in
   /network_proc_full_tb/uut/gpu_instance/ICache/inst/  $recovery( CLKB:9.200
   us, CLKA:9.200 us,1.000 ns)

WARNING:Simulator:29 - at 9.200 us: Warning: Timing violation in
   /network_proc_full_tb/uut/gpu_instance/ICache/inst/  $recovery( CLKA:9.200
   us, CLKB:9.200 us,1.000 ns)

WARNING:Simulator:29 - at 9.300 us: Warning: Timing violation in
   /network_proc_full_tb/uut/fifo_instance/ram_inst/inst/  $recovery( CLKB:9.300
   us, CLKA:9.300 us,1.000 ns)

WARNING:Simulator:29 - at 9.300 us: Warning: Timing violation in
   /network_proc_full_tb/uut/fifo_instance/ram_inst/inst/  $recovery( CLKA:9.300
   us, CLKB:9.300 us,1.000 ns)

WARNING:Simulator:29 - at 9.300 us: Warning: Timing violation in
   /network_proc_full_tb/uut/gpu_instance/ICache/inst/  $recovery( CLKB:9.300
   us, CLKA:9.300 us,1.000 ns)

WARNING:Simulator:29 - at 9.300 us: Warning: Timing violation in
   /network_proc_full_tb/uut/gpu_instance/ICache/inst/  $recovery( CLKA:9.300
   us, CLKB:9.300 us,1.000 ns)

WARNING:Simulator:29 - at 9.400 us: Warning: Timing violation in
   /network_proc_full_tb/uut/fifo_instance/ram_inst/inst/  $recovery( CLKB:9.400
   us, CLKA:9.400 us,1.000 ns)

WARNING:Simulator:29 - at 9.400 us: Warning: Timing violation in
   /network_proc_full_tb/uut/fifo_instance/ram_inst/inst/  $recovery( CLKA:9.400
   us, CLKB:9.400 us,1.000 ns)

WARNING:Simulator:29 - at 9.400 us: Warning: Timing violation in
   /network_proc_full_tb/uut/gpu_instance/ICache/inst/  $recovery( CLKB:9.400
   us, CLKA:9.400 us,1.000 ns)

WARNING:Simulator:29 - at 9.400 us: Warning: Timing violation in
   /network_proc_full_tb/uut/gpu_instance/ICache/inst/  $recovery( CLKA:9.400
   us, CLKB:9.400 us,1.000 ns)

WARNING:Simulator:29 - at 9.500 us: Warning: Timing violation in
   /network_proc_full_tb/uut/fifo_instance/ram_inst/inst/  $recovery( CLKB:9.500
   us, CLKA:9.500 us,1.000 ns)

WARNING:Simulator:29 - at 9.500 us: Warning: Timing violation in
   /network_proc_full_tb/uut/fifo_instance/ram_inst/inst/  $recovery( CLKA:9.500
   us, CLKB:9.500 us,1.000 ns)

WARNING:Simulator:29 - at 9.500 us: Warning: Timing violation in
   /network_proc_full_tb/uut/gpu_instance/ICache/inst/  $recovery( CLKB:9.500
   us, CLKA:9.500 us,1.000 ns)

WARNING:Simulator:29 - at 9.500 us: Warning: Timing violation in
   /network_proc_full_tb/uut/gpu_instance/ICache/inst/  $recovery( CLKA:9.500
   us, CLKB:9.500 us,1.000 ns)

WARNING:Simulator:29 - at 9.600 us: Warning: Timing violation in
   /network_proc_full_tb/uut/fifo_instance/ram_inst/inst/  $recovery( CLKB:9.600
   us, CLKA:9.600 us,1.000 ns)

WARNING:Simulator:29 - at 9.600 us: Warning: Timing violation in
   /network_proc_full_tb/uut/fifo_instance/ram_inst/inst/  $recovery( CLKA:9.600
   us, CLKB:9.600 us,1.000 ns)

WARNING:Simulator:29 - at 9.600 us: Warning: Timing violation in
   /network_proc_full_tb/uut/gpu_instance/ICache/inst/  $recovery( CLKB:9.600
   us, CLKA:9.600 us,1.000 ns)

WARNING:Simulator:29 - at 9.600 us: Warning: Timing violation in
   /network_proc_full_tb/uut/gpu_instance/ICache/inst/  $recovery( CLKA:9.600
   us, CLKB:9.600 us,1.000 ns)

WARNING:Simulator:29 - at 9.700 us: Warning: Timing violation in
   /network_proc_full_tb/uut/fifo_instance/ram_inst/inst/  $recovery( CLKB:9.700
   us, CLKA:9.700 us,1.000 ns)

WARNING:Simulator:29 - at 9.700 us: Warning: Timing violation in
   /network_proc_full_tb/uut/fifo_instance/ram_inst/inst/  $recovery( CLKA:9.700
   us, CLKB:9.700 us,1.000 ns)

WARNING:Simulator:29 - at 9.700 us: Warning: Timing violation in
   /network_proc_full_tb/uut/gpu_instance/ICache/inst/  $recovery( CLKB:9.700
   us, CLKA:9.700 us,1.000 ns)

WARNING:Simulator:29 - at 9.700 us: Warning: Timing violation in
   /network_proc_full_tb/uut/gpu_instance/ICache/inst/  $recovery( CLKA:9.700
   us, CLKB:9.700 us,1.000 ns)

WARNING:Simulator:29 - at 9.800 us: Warning: Timing violation in
   /network_proc_full_tb/uut/fifo_instance/ram_inst/inst/  $recovery( CLKB:9.800
   us, CLKA:9.800 us,1.000 ns)

WARNING:Simulator:29 - at 9.800 us: Warning: Timing violation in
   /network_proc_full_tb/uut/fifo_instance/ram_inst/inst/  $recovery( CLKA:9.800
   us, CLKB:9.800 us,1.000 ns)

WARNING:Simulator:29 - at 9.800 us: Warning: Timing violation in
   /network_proc_full_tb/uut/gpu_instance/ICache/inst/  $recovery( CLKB:9.800
   us, CLKA:9.800 us,1.000 ns)

WARNING:Simulator:29 - at 9.800 us: Warning: Timing violation in
   /network_proc_full_tb/uut/gpu_instance/ICache/inst/  $recovery( CLKA:9.800
   us, CLKB:9.800 us,1.000 ns)

WARNING:Simulator:29 - at 9.900 us: Warning: Timing violation in
   /network_proc_full_tb/uut/fifo_instance/ram_inst/inst/  $recovery( CLKB:9.900
   us, CLKA:9.900 us,1.000 ns)

WARNING:Simulator:29 - at 9.900 us: Warning: Timing violation in
   /network_proc_full_tb/uut/fifo_instance/ram_inst/inst/  $recovery( CLKA:9.900
   us, CLKB:9.900 us,1.000 ns)

WARNING:Simulator:29 - at 9.900 us: Warning: Timing violation in
   /network_proc_full_tb/uut/gpu_instance/ICache/inst/  $recovery( CLKB:9.900
   us, CLKA:9.900 us,1.000 ns)

WARNING:Simulator:29 - at 9.900 us: Warning: Timing violation in
   /network_proc_full_tb/uut/gpu_instance/ICache/inst/  $recovery( CLKA:9.900
   us, CLKB:9.900 us,1.000 ns)

WARNING:Simulator:29 - at 10.000 us: Warning: Timing violation in
   /network_proc_full_tb/uut/fifo_instance/ram_inst/inst/  $recovery(
   CLKB:10.000 us, CLKA:10.000 us,1.000 ns)

WARNING:Simulator:29 - at 10.000 us: Warning: Timing violation in
   /network_proc_full_tb/uut/fifo_instance/ram_inst/inst/  $recovery(
   CLKA:10.000 us, CLKB:10.000 us,1.000 ns)

WARNING:Simulator:29 - at 10.000 us: Warning: Timing violation in
   /network_proc_full_tb/uut/gpu_instance/ICache/inst/  $recovery( CLKB:10.000
   us, CLKA:10.000 us,1.000 ns)

WARNING:Simulator:29 - at 10.000 us: Warning: Timing violation in
   /network_proc_full_tb/uut/gpu_instance/ICache/inst/  $recovery( CLKA:10.000
   us, CLKB:10.000 us,1.000 ns)

WARNING:Simulator:29 - at 10.100 us: Warning: Timing violation in
   /network_proc_full_tb/uut/fifo_instance/ram_inst/inst/  $recovery(
   CLKB:10.100 us, CLKA:10.100 us,1.000 ns)

WARNING:Simulator:29 - at 10.100 us: Warning: Timing violation in
   /network_proc_full_tb/uut/fifo_instance/ram_inst/inst/  $recovery(
   CLKA:10.100 us, CLKB:10.100 us,1.000 ns)

WARNING:Simulator:29 - at 10.100 us: Warning: Timing violation in
   /network_proc_full_tb/uut/gpu_instance/ICache/inst/  $recovery( CLKB:10.100
   us, CLKA:10.100 us,1.000 ns)

WARNING:Simulator:29 - at 10.100 us: Warning: Timing violation in
   /network_proc_full_tb/uut/gpu_instance/ICache/inst/  $recovery( CLKA:10.100
   us, CLKB:10.100 us,1.000 ns)

WARNING:Simulator:29 - at 10.200 us: Warning: Timing violation in
   /network_proc_full_tb/uut/fifo_instance/ram_inst/inst/  $recovery(
   CLKB:10.200 us, CLKA:10.200 us,1.000 ns)

WARNING:Simulator:29 - at 10.200 us: Warning: Timing violation in
   /network_proc_full_tb/uut/fifo_instance/ram_inst/inst/  $recovery(
   CLKA:10.200 us, CLKB:10.200 us,1.000 ns)

WARNING:Simulator:29 - at 10.200 us: Warning: Timing violation in
   /network_proc_full_tb/uut/gpu_instance/ICache/inst/  $recovery( CLKB:10.200
   us, CLKA:10.200 us,1.000 ns)

WARNING:Simulator:29 - at 10.200 us: Warning: Timing violation in
   /network_proc_full_tb/uut/gpu_instance/ICache/inst/  $recovery( CLKA:10.200
   us, CLKB:10.200 us,1.000 ns)

WARNING:Simulator:29 - at 10.300 us: Warning: Timing violation in
   /network_proc_full_tb/uut/fifo_instance/ram_inst/inst/  $recovery(
   CLKB:10.300 us, CLKA:10.300 us,1.000 ns)

WARNING:Simulator:29 - at 10.300 us: Warning: Timing violation in
   /network_proc_full_tb/uut/fifo_instance/ram_inst/inst/  $recovery(
   CLKA:10.300 us, CLKB:10.300 us,1.000 ns)

WARNING:Simulator:29 - at 10.300 us: Warning: Timing violation in
   /network_proc_full_tb/uut/gpu_instance/ICache/inst/  $recovery( CLKB:10.300
   us, CLKA:10.300 us,1.000 ns)

WARNING:Simulator:29 - at 10.300 us: Warning: Timing violation in
   /network_proc_full_tb/uut/gpu_instance/ICache/inst/  $recovery( CLKA:10.300
   us, CLKB:10.300 us,1.000 ns)

WARNING:Simulator:29 - at 10.400 us: Warning: Timing violation in
   /network_proc_full_tb/uut/fifo_instance/ram_inst/inst/  $recovery(
   CLKB:10.400 us, CLKA:10.400 us,1.000 ns)

WARNING:Simulator:29 - at 10.400 us: Warning: Timing violation in
   /network_proc_full_tb/uut/fifo_instance/ram_inst/inst/  $recovery(
   CLKA:10.400 us, CLKB:10.400 us,1.000 ns)

WARNING:Simulator:29 - at 10.400 us: Warning: Timing violation in
   /network_proc_full_tb/uut/gpu_instance/ICache/inst/  $recovery( CLKB:10.400
   us, CLKA:10.400 us,1.000 ns)

WARNING:Simulator:29 - at 10.400 us: Warning: Timing violation in
   /network_proc_full_tb/uut/gpu_instance/ICache/inst/  $recovery( CLKA:10.400
   us, CLKB:10.400 us,1.000 ns)

WARNING:Simulator:29 - at 10.500 us: Warning: Timing violation in
   /network_proc_full_tb/uut/fifo_instance/ram_inst/inst/  $recovery(
   CLKB:10.500 us, CLKA:10.500 us,1.000 ns)

WARNING:Simulator:29 - at 10.500 us: Warning: Timing violation in
   /network_proc_full_tb/uut/fifo_instance/ram_inst/inst/  $recovery(
   CLKA:10.500 us, CLKB:10.500 us,1.000 ns)

WARNING:Simulator:29 - at 10.500 us: Warning: Timing violation in
   /network_proc_full_tb/uut/gpu_instance/ICache/inst/  $recovery( CLKB:10.500
   us, CLKA:10.500 us,1.000 ns)

WARNING:Simulator:29 - at 10.500 us: Warning: Timing violation in
   /network_proc_full_tb/uut/gpu_instance/ICache/inst/  $recovery( CLKA:10.500
   us, CLKB:10.500 us,1.000 ns)

WARNING:Simulator:29 - at 10.600 us: Warning: Timing violation in
   /network_proc_full_tb/uut/fifo_instance/ram_inst/inst/  $recovery(
   CLKB:10.600 us, CLKA:10.600 us,1.000 ns)

WARNING:Simulator:29 - at 10.600 us: Warning: Timing violation in
   /network_proc_full_tb/uut/fifo_instance/ram_inst/inst/  $recovery(
   CLKA:10.600 us, CLKB:10.600 us,1.000 ns)

WARNING:Simulator:29 - at 10.600 us: Warning: Timing violation in
   /network_proc_full_tb/uut/gpu_instance/ICache/inst/  $recovery( CLKB:10.600
   us, CLKA:10.600 us,1.000 ns)

WARNING:Simulator:29 - at 10.600 us: Warning: Timing violation in
   /network_proc_full_tb/uut/gpu_instance/ICache/inst/  $recovery( CLKA:10.600
   us, CLKB:10.600 us,1.000 ns)

WARNING:Simulator:29 - at 10.700 us: Warning: Timing violation in
   /network_proc_full_tb/uut/fifo_instance/ram_inst/inst/  $recovery(
   CLKB:10.700 us, CLKA:10.700 us,1.000 ns)

WARNING:Simulator:29 - at 10.700 us: Warning: Timing violation in
   /network_proc_full_tb/uut/fifo_instance/ram_inst/inst/  $recovery(
   CLKA:10.700 us, CLKB:10.700 us,1.000 ns)

WARNING:Simulator:29 - at 10.700 us: Warning: Timing violation in
   /network_proc_full_tb/uut/gpu_instance/ICache/inst/  $recovery( CLKB:10.700
   us, CLKA:10.700 us,1.000 ns)

WARNING:Simulator:29 - at 10.700 us: Warning: Timing violation in
   /network_proc_full_tb/uut/gpu_instance/ICache/inst/  $recovery( CLKA:10.700
   us, CLKB:10.700 us,1.000 ns)

WARNING:Simulator:29 - at 10.800 us: Warning: Timing violation in
   /network_proc_full_tb/uut/fifo_instance/ram_inst/inst/  $recovery(
   CLKB:10.800 us, CLKA:10.800 us,1.000 ns)

WARNING:Simulator:29 - at 10.800 us: Warning: Timing violation in
   /network_proc_full_tb/uut/fifo_instance/ram_inst/inst/  $recovery(
   CLKA:10.800 us, CLKB:10.800 us,1.000 ns)

WARNING:Simulator:29 - at 10.800 us: Warning: Timing violation in
   /network_proc_full_tb/uut/gpu_instance/ICache/inst/  $recovery( CLKB:10.800
   us, CLKA:10.800 us,1.000 ns)

WARNING:Simulator:29 - at 10.800 us: Warning: Timing violation in
   /network_proc_full_tb/uut/gpu_instance/ICache/inst/  $recovery( CLKA:10.800
   us, CLKB:10.800 us,1.000 ns)

WARNING:Simulator:29 - at 10.900 us: Warning: Timing violation in
   /network_proc_full_tb/uut/fifo_instance/ram_inst/inst/  $recovery(
   CLKB:10.900 us, CLKA:10.900 us,1.000 ns)

WARNING:Simulator:29 - at 10.900 us: Warning: Timing violation in
   /network_proc_full_tb/uut/fifo_instance/ram_inst/inst/  $recovery(
   CLKA:10.900 us, CLKB:10.900 us,1.000 ns)

WARNING:Simulator:29 - at 10.900 us: Warning: Timing violation in
   /network_proc_full_tb/uut/gpu_instance/ICache/inst/  $recovery( CLKB:10.900
   us, CLKA:10.900 us,1.000 ns)

WARNING:Simulator:29 - at 10.900 us: Warning: Timing violation in
   /network_proc_full_tb/uut/gpu_instance/ICache/inst/  $recovery( CLKA:10.900
   us, CLKB:10.900 us,1.000 ns)

WARNING:Simulator:29 - at 11.000 us: Warning: Timing violation in
   /network_proc_full_tb/uut/fifo_instance/ram_inst/inst/  $recovery(
   CLKB:11.000 us, CLKA:11.000 us,1.000 ns)

WARNING:Simulator:29 - at 11.000 us: Warning: Timing violation in
   /network_proc_full_tb/uut/fifo_instance/ram_inst/inst/  $recovery(
   CLKA:11.000 us, CLKB:11.000 us,1.000 ns)

WARNING:Simulator:29 - at 11.000 us: Warning: Timing violation in
   /network_proc_full_tb/uut/gpu_instance/ICache/inst/  $recovery( CLKB:11.000
   us, CLKA:11.000 us,1.000 ns)

WARNING:Simulator:29 - at 11.000 us: Warning: Timing violation in
   /network_proc_full_tb/uut/gpu_instance/ICache/inst/  $recovery( CLKA:11.000
   us, CLKB:11.000 us,1.000 ns)

WARNING:Simulator:29 - at 11.100 us: Warning: Timing violation in
   /network_proc_full_tb/uut/fifo_instance/ram_inst/inst/  $recovery(
   CLKB:11.100 us, CLKA:11.100 us,1.000 ns)

WARNING:Simulator:29 - at 11.100 us: Warning: Timing violation in
   /network_proc_full_tb/uut/fifo_instance/ram_inst/inst/  $recovery(
   CLKA:11.100 us, CLKB:11.100 us,1.000 ns)

WARNING:Simulator:29 - at 11.100 us: Warning: Timing violation in
   /network_proc_full_tb/uut/gpu_instance/ICache/inst/  $recovery( CLKB:11.100
   us, CLKA:11.100 us,1.000 ns)

WARNING:Simulator:29 - at 11.100 us: Warning: Timing violation in
   /network_proc_full_tb/uut/gpu_instance/ICache/inst/  $recovery( CLKA:11.100
   us, CLKB:11.100 us,1.000 ns)

WARNING:Simulator:29 - at 11.200 us: Warning: Timing violation in
   /network_proc_full_tb/uut/fifo_instance/ram_inst/inst/  $recovery(
   CLKB:11.200 us, CLKA:11.200 us,1.000 ns)

WARNING:Simulator:29 - at 11.200 us: Warning: Timing violation in
   /network_proc_full_tb/uut/fifo_instance/ram_inst/inst/  $recovery(
   CLKA:11.200 us, CLKB:11.200 us,1.000 ns)

WARNING:Simulator:29 - at 11.200 us: Warning: Timing violation in
   /network_proc_full_tb/uut/gpu_instance/ICache/inst/  $recovery( CLKB:11.200
   us, CLKA:11.200 us,1.000 ns)

WARNING:Simulator:29 - at 11.200 us: Warning: Timing violation in
   /network_proc_full_tb/uut/gpu_instance/ICache/inst/  $recovery( CLKA:11.200
   us, CLKB:11.200 us,1.000 ns)

WARNING:Simulator:29 - at 11.300 us: Warning: Timing violation in
   /network_proc_full_tb/uut/fifo_instance/ram_inst/inst/  $recovery(
   CLKB:11.300 us, CLKA:11.300 us,1.000 ns)

WARNING:Simulator:29 - at 11.300 us: Warning: Timing violation in
   /network_proc_full_tb/uut/fifo_instance/ram_inst/inst/  $recovery(
   CLKA:11.300 us, CLKB:11.300 us,1.000 ns)

WARNING:Simulator:29 - at 11.300 us: Warning: Timing violation in
   /network_proc_full_tb/uut/gpu_instance/ICache/inst/  $recovery( CLKB:11.300
   us, CLKA:11.300 us,1.000 ns)

WARNING:Simulator:29 - at 11.300 us: Warning: Timing violation in
   /network_proc_full_tb/uut/gpu_instance/ICache/inst/  $recovery( CLKA:11.300
   us, CLKB:11.300 us,1.000 ns)

WARNING:Simulator:29 - at 11.400 us: Warning: Timing violation in
   /network_proc_full_tb/uut/fifo_instance/ram_inst/inst/  $recovery(
   CLKB:11.400 us, CLKA:11.400 us,1.000 ns)

WARNING:Simulator:29 - at 11.400 us: Warning: Timing violation in
   /network_proc_full_tb/uut/fifo_instance/ram_inst/inst/  $recovery(
   CLKA:11.400 us, CLKB:11.400 us,1.000 ns)

WARNING:Simulator:29 - at 11.400 us: Warning: Timing violation in
   /network_proc_full_tb/uut/gpu_instance/ICache/inst/  $recovery( CLKB:11.400
   us, CLKA:11.400 us,1.000 ns)

WARNING:Simulator:29 - at 11.400 us: Warning: Timing violation in
   /network_proc_full_tb/uut/gpu_instance/ICache/inst/  $recovery( CLKA:11.400
   us, CLKB:11.400 us,1.000 ns)

WARNING:Simulator:29 - at 11.500 us: Warning: Timing violation in
   /network_proc_full_tb/uut/fifo_instance/ram_inst/inst/  $recovery(
   CLKB:11.500 us, CLKA:11.500 us,1.000 ns)

WARNING:Simulator:29 - at 11.500 us: Warning: Timing violation in
   /network_proc_full_tb/uut/fifo_instance/ram_inst/inst/  $recovery(
   CLKA:11.500 us, CLKB:11.500 us,1.000 ns)

WARNING:Simulator:29 - at 11.500 us: Warning: Timing violation in
   /network_proc_full_tb/uut/gpu_instance/ICache/inst/  $recovery( CLKB:11.500
   us, CLKA:11.500 us,1.000 ns)

WARNING:Simulator:29 - at 11.500 us: Warning: Timing violation in
   /network_proc_full_tb/uut/gpu_instance/ICache/inst/  $recovery( CLKA:11.500
   us, CLKB:11.500 us,1.000 ns)

WARNING:Simulator:29 - at 11.600 us: Warning: Timing violation in
   /network_proc_full_tb/uut/fifo_instance/ram_inst/inst/  $recovery(
   CLKB:11.600 us, CLKA:11.600 us,1.000 ns)

WARNING:Simulator:29 - at 11.600 us: Warning: Timing violation in
   /network_proc_full_tb/uut/fifo_instance/ram_inst/inst/  $recovery(
   CLKA:11.600 us, CLKB:11.600 us,1.000 ns)

WARNING:Simulator:29 - at 11.600 us: Warning: Timing violation in
   /network_proc_full_tb/uut/gpu_instance/ICache/inst/  $recovery( CLKB:11.600
   us, CLKA:11.600 us,1.000 ns)

WARNING:Simulator:29 - at 11.600 us: Warning: Timing violation in
   /network_proc_full_tb/uut/gpu_instance/ICache/inst/  $recovery( CLKA:11.600
   us, CLKB:11.600 us,1.000 ns)

WARNING:Simulator:29 - at 11.700 us: Warning: Timing violation in
   /network_proc_full_tb/uut/fifo_instance/ram_inst/inst/  $recovery(
   CLKB:11.700 us, CLKA:11.700 us,1.000 ns)

WARNING:Simulator:29 - at 11.700 us: Warning: Timing violation in
   /network_proc_full_tb/uut/fifo_instance/ram_inst/inst/  $recovery(
   CLKA:11.700 us, CLKB:11.700 us,1.000 ns)

WARNING:Simulator:29 - at 11.700 us: Warning: Timing violation in
   /network_proc_full_tb/uut/gpu_instance/ICache/inst/  $recovery( CLKB:11.700
   us, CLKA:11.700 us,1.000 ns)

WARNING:Simulator:29 - at 11.700 us: Warning: Timing violation in
   /network_proc_full_tb/uut/gpu_instance/ICache/inst/  $recovery( CLKA:11.700
   us, CLKB:11.700 us,1.000 ns)

WARNING:Simulator:29 - at 11.800 us: Warning: Timing violation in
   /network_proc_full_tb/uut/fifo_instance/ram_inst/inst/  $recovery(
   CLKB:11.800 us, CLKA:11.800 us,1.000 ns)

WARNING:Simulator:29 - at 11.800 us: Warning: Timing violation in
   /network_proc_full_tb/uut/fifo_instance/ram_inst/inst/  $recovery(
   CLKA:11.800 us, CLKB:11.800 us,1.000 ns)

WARNING:Simulator:29 - at 11.800 us: Warning: Timing violation in
   /network_proc_full_tb/uut/gpu_instance/ICache/inst/  $recovery( CLKB:11.800
   us, CLKA:11.800 us,1.000 ns)

WARNING:Simulator:29 - at 11.800 us: Warning: Timing violation in
   /network_proc_full_tb/uut/gpu_instance/ICache/inst/  $recovery( CLKA:11.800
   us, CLKB:11.800 us,1.000 ns)

WARNING:Simulator:29 - at 11.900 us: Warning: Timing violation in
   /network_proc_full_tb/uut/fifo_instance/ram_inst/inst/  $recovery(
   CLKB:11.900 us, CLKA:11.900 us,1.000 ns)

WARNING:Simulator:29 - at 11.900 us: Warning: Timing violation in
   /network_proc_full_tb/uut/fifo_instance/ram_inst/inst/  $recovery(
   CLKA:11.900 us, CLKB:11.900 us,1.000 ns)

WARNING:Simulator:29 - at 11.900 us: Warning: Timing violation in
   /network_proc_full_tb/uut/gpu_instance/ICache/inst/  $recovery( CLKB:11.900
   us, CLKA:11.900 us,1.000 ns)

WARNING:Simulator:29 - at 11.900 us: Warning: Timing violation in
   /network_proc_full_tb/uut/gpu_instance/ICache/inst/  $recovery( CLKA:11.900
   us, CLKB:11.900 us,1.000 ns)

WARNING:Simulator:29 - at 12.000 us: Warning: Timing violation in
   /network_proc_full_tb/uut/fifo_instance/ram_inst/inst/  $recovery(
   CLKB:12.000 us, CLKA:12.000 us,1.000 ns)

WARNING:Simulator:29 - at 12.000 us: Warning: Timing violation in
   /network_proc_full_tb/uut/fifo_instance/ram_inst/inst/  $recovery(
   CLKA:12.000 us, CLKB:12.000 us,1.000 ns)

WARNING:Simulator:29 - at 12.000 us: Warning: Timing violation in
   /network_proc_full_tb/uut/gpu_instance/ICache/inst/  $recovery( CLKB:12.000
   us, CLKA:12.000 us,1.000 ns)

WARNING:Simulator:29 - at 12.000 us: Warning: Timing violation in
   /network_proc_full_tb/uut/gpu_instance/ICache/inst/  $recovery( CLKA:12.000
   us, CLKB:12.000 us,1.000 ns)

WARNING:Simulator:29 - at 12.100 us: Warning: Timing violation in
   /network_proc_full_tb/uut/fifo_instance/ram_inst/inst/  $recovery(
   CLKB:12.100 us, CLKA:12.100 us,1.000 ns)

WARNING:Simulator:29 - at 12.100 us: Warning: Timing violation in
   /network_proc_full_tb/uut/fifo_instance/ram_inst/inst/  $recovery(
   CLKA:12.100 us, CLKB:12.100 us,1.000 ns)

WARNING:Simulator:29 - at 12.100 us: Warning: Timing violation in
   /network_proc_full_tb/uut/gpu_instance/ICache/inst/  $recovery( CLKB:12.100
   us, CLKA:12.100 us,1.000 ns)

WARNING:Simulator:29 - at 12.100 us: Warning: Timing violation in
   /network_proc_full_tb/uut/gpu_instance/ICache/inst/  $recovery( CLKA:12.100
   us, CLKB:12.100 us,1.000 ns)

WARNING:Simulator:29 - at 12.200 us: Warning: Timing violation in
   /network_proc_full_tb/uut/fifo_instance/ram_inst/inst/  $recovery(
   CLKB:12.200 us, CLKA:12.200 us,1.000 ns)

WARNING:Simulator:29 - at 12.200 us: Warning: Timing violation in
   /network_proc_full_tb/uut/fifo_instance/ram_inst/inst/  $recovery(
   CLKA:12.200 us, CLKB:12.200 us,1.000 ns)

WARNING:Simulator:29 - at 12.200 us: Warning: Timing violation in
   /network_proc_full_tb/uut/gpu_instance/ICache/inst/  $recovery( CLKB:12.200
   us, CLKA:12.200 us,1.000 ns)

WARNING:Simulator:29 - at 12.200 us: Warning: Timing violation in
   /network_proc_full_tb/uut/gpu_instance/ICache/inst/  $recovery( CLKA:12.200
   us, CLKB:12.200 us,1.000 ns)

WARNING:Simulator:29 - at 12.300 us: Warning: Timing violation in
   /network_proc_full_tb/uut/fifo_instance/ram_inst/inst/  $recovery(
   CLKB:12.300 us, CLKA:12.300 us,1.000 ns)

WARNING:Simulator:29 - at 12.300 us: Warning: Timing violation in
   /network_proc_full_tb/uut/fifo_instance/ram_inst/inst/  $recovery(
   CLKA:12.300 us, CLKB:12.300 us,1.000 ns)

WARNING:Simulator:29 - at 12.300 us: Warning: Timing violation in
   /network_proc_full_tb/uut/gpu_instance/ICache/inst/  $recovery( CLKB:12.300
   us, CLKA:12.300 us,1.000 ns)

WARNING:Simulator:29 - at 12.300 us: Warning: Timing violation in
   /network_proc_full_tb/uut/gpu_instance/ICache/inst/  $recovery( CLKA:12.300
   us, CLKB:12.300 us,1.000 ns)

WARNING:Simulator:29 - at 12.400 us: Warning: Timing violation in
   /network_proc_full_tb/uut/fifo_instance/ram_inst/inst/  $recovery(
   CLKB:12.400 us, CLKA:12.400 us,1.000 ns)

WARNING:Simulator:29 - at 12.400 us: Warning: Timing violation in
   /network_proc_full_tb/uut/fifo_instance/ram_inst/inst/  $recovery(
   CLKA:12.400 us, CLKB:12.400 us,1.000 ns)

WARNING:Simulator:29 - at 12.400 us: Warning: Timing violation in
   /network_proc_full_tb/uut/gpu_instance/ICache/inst/  $recovery( CLKB:12.400
   us, CLKA:12.400 us,1.000 ns)

WARNING:Simulator:29 - at 12.400 us: Warning: Timing violation in
   /network_proc_full_tb/uut/gpu_instance/ICache/inst/  $recovery( CLKA:12.400
   us, CLKB:12.400 us,1.000 ns)

WARNING:Simulator:29 - at 12.500 us: Warning: Timing violation in
   /network_proc_full_tb/uut/fifo_instance/ram_inst/inst/  $recovery(
   CLKB:12.500 us, CLKA:12.500 us,1.000 ns)

WARNING:Simulator:29 - at 12.500 us: Warning: Timing violation in
   /network_proc_full_tb/uut/fifo_instance/ram_inst/inst/  $recovery(
   CLKA:12.500 us, CLKB:12.500 us,1.000 ns)

WARNING:Simulator:29 - at 12.500 us: Warning: Timing violation in
   /network_proc_full_tb/uut/gpu_instance/ICache/inst/  $recovery( CLKB:12.500
   us, CLKA:12.500 us,1.000 ns)

WARNING:Simulator:29 - at 12.500 us: Warning: Timing violation in
   /network_proc_full_tb/uut/gpu_instance/ICache/inst/  $recovery( CLKA:12.500
   us, CLKB:12.500 us,1.000 ns)

WARNING:Simulator:29 - at 12.600 us: Warning: Timing violation in
   /network_proc_full_tb/uut/fifo_instance/ram_inst/inst/  $recovery(
   CLKB:12.600 us, CLKA:12.600 us,1.000 ns)

WARNING:Simulator:29 - at 12.600 us: Warning: Timing violation in
   /network_proc_full_tb/uut/fifo_instance/ram_inst/inst/  $recovery(
   CLKA:12.600 us, CLKB:12.600 us,1.000 ns)

WARNING:Simulator:29 - at 12.600 us: Warning: Timing violation in
   /network_proc_full_tb/uut/gpu_instance/ICache/inst/  $recovery( CLKB:12.600
   us, CLKA:12.600 us,1.000 ns)

WARNING:Simulator:29 - at 12.600 us: Warning: Timing violation in
   /network_proc_full_tb/uut/gpu_instance/ICache/inst/  $recovery( CLKA:12.600
   us, CLKB:12.600 us,1.000 ns)

WARNING:Simulator:29 - at 12.700 us: Warning: Timing violation in
   /network_proc_full_tb/uut/fifo_instance/ram_inst/inst/  $recovery(
   CLKB:12.700 us, CLKA:12.700 us,1.000 ns)

WARNING:Simulator:29 - at 12.700 us: Warning: Timing violation in
   /network_proc_full_tb/uut/fifo_instance/ram_inst/inst/  $recovery(
   CLKA:12.700 us, CLKB:12.700 us,1.000 ns)

WARNING:Simulator:29 - at 12.700 us: Warning: Timing violation in
   /network_proc_full_tb/uut/gpu_instance/ICache/inst/  $recovery( CLKB:12.700
   us, CLKA:12.700 us,1.000 ns)

WARNING:Simulator:29 - at 12.700 us: Warning: Timing violation in
   /network_proc_full_tb/uut/gpu_instance/ICache/inst/  $recovery( CLKA:12.700
   us, CLKB:12.700 us,1.000 ns)

WARNING:Simulator:29 - at 12.800 us: Warning: Timing violation in
   /network_proc_full_tb/uut/fifo_instance/ram_inst/inst/  $recovery(
   CLKB:12.800 us, CLKA:12.800 us,1.000 ns)

WARNING:Simulator:29 - at 12.800 us: Warning: Timing violation in
   /network_proc_full_tb/uut/fifo_instance/ram_inst/inst/  $recovery(
   CLKA:12.800 us, CLKB:12.800 us,1.000 ns)

WARNING:Simulator:29 - at 12.800 us: Warning: Timing violation in
   /network_proc_full_tb/uut/gpu_instance/ICache/inst/  $recovery( CLKB:12.800
   us, CLKA:12.800 us,1.000 ns)

WARNING:Simulator:29 - at 12.800 us: Warning: Timing violation in
   /network_proc_full_tb/uut/gpu_instance/ICache/inst/  $recovery( CLKA:12.800
   us, CLKB:12.800 us,1.000 ns)

WARNING:Simulator:29 - at 12.900 us: Warning: Timing violation in
   /network_proc_full_tb/uut/fifo_instance/ram_inst/inst/  $recovery(
   CLKB:12.900 us, CLKA:12.900 us,1.000 ns)

WARNING:Simulator:29 - at 12.900 us: Warning: Timing violation in
   /network_proc_full_tb/uut/fifo_instance/ram_inst/inst/  $recovery(
   CLKA:12.900 us, CLKB:12.900 us,1.000 ns)

WARNING:Simulator:29 - at 12.900 us: Warning: Timing violation in
   /network_proc_full_tb/uut/gpu_instance/ICache/inst/  $recovery( CLKB:12.900
   us, CLKA:12.900 us,1.000 ns)

WARNING:Simulator:29 - at 12.900 us: Warning: Timing violation in
   /network_proc_full_tb/uut/gpu_instance/ICache/inst/  $recovery( CLKA:12.900
   us, CLKB:12.900 us,1.000 ns)

WARNING:Simulator:29 - at 13.000 us: Warning: Timing violation in
   /network_proc_full_tb/uut/fifo_instance/ram_inst/inst/  $recovery(
   CLKB:13.000 us, CLKA:13.000 us,1.000 ns)

WARNING:Simulator:29 - at 13.000 us: Warning: Timing violation in
   /network_proc_full_tb/uut/fifo_instance/ram_inst/inst/  $recovery(
   CLKA:13.000 us, CLKB:13.000 us,1.000 ns)

WARNING:Simulator:29 - at 13.000 us: Warning: Timing violation in
   /network_proc_full_tb/uut/gpu_instance/ICache/inst/  $recovery( CLKB:13.000
   us, CLKA:13.000 us,1.000 ns)

WARNING:Simulator:29 - at 13.000 us: Warning: Timing violation in
   /network_proc_full_tb/uut/gpu_instance/ICache/inst/  $recovery( CLKA:13.000
   us, CLKB:13.000 us,1.000 ns)

WARNING:Simulator:29 - at 13.100 us: Warning: Timing violation in
   /network_proc_full_tb/uut/fifo_instance/ram_inst/inst/  $recovery(
   CLKB:13.100 us, CLKA:13.100 us,1.000 ns)

WARNING:Simulator:29 - at 13.100 us: Warning: Timing violation in
   /network_proc_full_tb/uut/fifo_instance/ram_inst/inst/  $recovery(
   CLKA:13.100 us, CLKB:13.100 us,1.000 ns)

WARNING:Simulator:29 - at 13.100 us: Warning: Timing violation in
   /network_proc_full_tb/uut/gpu_instance/ICache/inst/  $recovery( CLKB:13.100
   us, CLKA:13.100 us,1.000 ns)

WARNING:Simulator:29 - at 13.100 us: Warning: Timing violation in
   /network_proc_full_tb/uut/gpu_instance/ICache/inst/  $recovery( CLKA:13.100
   us, CLKB:13.100 us,1.000 ns)

WARNING:Simulator:29 - at 13.200 us: Warning: Timing violation in
   /network_proc_full_tb/uut/fifo_instance/ram_inst/inst/  $recovery(
   CLKB:13.200 us, CLKA:13.200 us,1.000 ns)

WARNING:Simulator:29 - at 13.200 us: Warning: Timing violation in
   /network_proc_full_tb/uut/fifo_instance/ram_inst/inst/  $recovery(
   CLKA:13.200 us, CLKB:13.200 us,1.000 ns)

WARNING:Simulator:29 - at 13.200 us: Warning: Timing violation in
   /network_proc_full_tb/uut/gpu_instance/ICache/inst/  $recovery( CLKB:13.200
   us, CLKA:13.200 us,1.000 ns)

WARNING:Simulator:29 - at 13.200 us: Warning: Timing violation in
   /network_proc_full_tb/uut/gpu_instance/ICache/inst/  $recovery( CLKA:13.200
   us, CLKB:13.200 us,1.000 ns)

WARNING:Simulator:29 - at 13.300 us: Warning: Timing violation in
   /network_proc_full_tb/uut/fifo_instance/ram_inst/inst/  $recovery(
   CLKB:13.300 us, CLKA:13.300 us,1.000 ns)

WARNING:Simulator:29 - at 13.300 us: Warning: Timing violation in
   /network_proc_full_tb/uut/fifo_instance/ram_inst/inst/  $recovery(
   CLKA:13.300 us, CLKB:13.300 us,1.000 ns)

WARNING:Simulator:29 - at 13.300 us: Warning: Timing violation in
   /network_proc_full_tb/uut/gpu_instance/ICache/inst/  $recovery( CLKB:13.300
   us, CLKA:13.300 us,1.000 ns)

WARNING:Simulator:29 - at 13.300 us: Warning: Timing violation in
   /network_proc_full_tb/uut/gpu_instance/ICache/inst/  $recovery( CLKA:13.300
   us, CLKB:13.300 us,1.000 ns)

WARNING:Simulator:29 - at 13.400 us: Warning: Timing violation in
   /network_proc_full_tb/uut/fifo_instance/ram_inst/inst/  $recovery(
   CLKB:13.400 us, CLKA:13.400 us,1.000 ns)

WARNING:Simulator:29 - at 13.400 us: Warning: Timing violation in
   /network_proc_full_tb/uut/fifo_instance/ram_inst/inst/  $recovery(
   CLKA:13.400 us, CLKB:13.400 us,1.000 ns)

WARNING:Simulator:29 - at 13.400 us: Warning: Timing violation in
   /network_proc_full_tb/uut/gpu_instance/ICache/inst/  $recovery( CLKB:13.400
   us, CLKA:13.400 us,1.000 ns)

WARNING:Simulator:29 - at 13.400 us: Warning: Timing violation in
   /network_proc_full_tb/uut/gpu_instance/ICache/inst/  $recovery( CLKA:13.400
   us, CLKB:13.400 us,1.000 ns)

WARNING:Simulator:29 - at 13.500 us: Warning: Timing violation in
   /network_proc_full_tb/uut/fifo_instance/ram_inst/inst/  $recovery(
   CLKB:13.500 us, CLKA:13.500 us,1.000 ns)

WARNING:Simulator:29 - at 13.500 us: Warning: Timing violation in
   /network_proc_full_tb/uut/fifo_instance/ram_inst/inst/  $recovery(
   CLKA:13.500 us, CLKB:13.500 us,1.000 ns)

WARNING:Simulator:29 - at 13.500 us: Warning: Timing violation in
   /network_proc_full_tb/uut/gpu_instance/ICache/inst/  $recovery( CLKB:13.500
   us, CLKA:13.500 us,1.000 ns)

WARNING:Simulator:29 - at 13.500 us: Warning: Timing violation in
   /network_proc_full_tb/uut/gpu_instance/ICache/inst/  $recovery( CLKA:13.500
   us, CLKB:13.500 us,1.000 ns)

WARNING:Simulator:29 - at 13.600 us: Warning: Timing violation in
   /network_proc_full_tb/uut/fifo_instance/ram_inst/inst/  $recovery(
   CLKB:13.600 us, CLKA:13.600 us,1.000 ns)

WARNING:Simulator:29 - at 13.600 us: Warning: Timing violation in
   /network_proc_full_tb/uut/fifo_instance/ram_inst/inst/  $recovery(
   CLKA:13.600 us, CLKB:13.600 us,1.000 ns)

WARNING:Simulator:29 - at 13.600 us: Warning: Timing violation in
   /network_proc_full_tb/uut/gpu_instance/ICache/inst/  $recovery( CLKB:13.600
   us, CLKA:13.600 us,1.000 ns)

WARNING:Simulator:29 - at 13.600 us: Warning: Timing violation in
   /network_proc_full_tb/uut/gpu_instance/ICache/inst/  $recovery( CLKA:13.600
   us, CLKB:13.600 us,1.000 ns)

WARNING:Simulator:29 - at 13.700 us: Warning: Timing violation in
   /network_proc_full_tb/uut/fifo_instance/ram_inst/inst/  $recovery(
   CLKB:13.700 us, CLKA:13.700 us,1.000 ns)

WARNING:Simulator:29 - at 13.700 us: Warning: Timing violation in
   /network_proc_full_tb/uut/fifo_instance/ram_inst/inst/  $recovery(
   CLKA:13.700 us, CLKB:13.700 us,1.000 ns)

WARNING:Simulator:29 - at 13.700 us: Warning: Timing violation in
   /network_proc_full_tb/uut/gpu_instance/ICache/inst/  $recovery( CLKB:13.700
   us, CLKA:13.700 us,1.000 ns)

WARNING:Simulator:29 - at 13.700 us: Warning: Timing violation in
   /network_proc_full_tb/uut/gpu_instance/ICache/inst/  $recovery( CLKA:13.700
   us, CLKB:13.700 us,1.000 ns)

WARNING:Simulator:29 - at 13.800 us: Warning: Timing violation in
   /network_proc_full_tb/uut/fifo_instance/ram_inst/inst/  $recovery(
   CLKB:13.800 us, CLKA:13.800 us,1.000 ns)

WARNING:Simulator:29 - at 13.800 us: Warning: Timing violation in
   /network_proc_full_tb/uut/fifo_instance/ram_inst/inst/  $recovery(
   CLKA:13.800 us, CLKB:13.800 us,1.000 ns)

WARNING:Simulator:29 - at 13.800 us: Warning: Timing violation in
   /network_proc_full_tb/uut/gpu_instance/ICache/inst/  $recovery( CLKB:13.800
   us, CLKA:13.800 us,1.000 ns)

WARNING:Simulator:29 - at 13.800 us: Warning: Timing violation in
   /network_proc_full_tb/uut/gpu_instance/ICache/inst/  $recovery( CLKA:13.800
   us, CLKB:13.800 us,1.000 ns)

WARNING:Simulator:29 - at 13.900 us: Warning: Timing violation in
   /network_proc_full_tb/uut/fifo_instance/ram_inst/inst/  $recovery(
   CLKB:13.900 us, CLKA:13.900 us,1.000 ns)

WARNING:Simulator:29 - at 13.900 us: Warning: Timing violation in
   /network_proc_full_tb/uut/fifo_instance/ram_inst/inst/  $recovery(
   CLKA:13.900 us, CLKB:13.900 us,1.000 ns)

WARNING:Simulator:29 - at 13.900 us: Warning: Timing violation in
   /network_proc_full_tb/uut/gpu_instance/ICache/inst/  $recovery( CLKB:13.900
   us, CLKA:13.900 us,1.000 ns)

WARNING:Simulator:29 - at 13.900 us: Warning: Timing violation in
   /network_proc_full_tb/uut/gpu_instance/ICache/inst/  $recovery( CLKA:13.900
   us, CLKB:13.900 us,1.000 ns)

WARNING:Simulator:29 - at 14.000 us: Warning: Timing violation in
   /network_proc_full_tb/uut/fifo_instance/ram_inst/inst/  $recovery(
   CLKB:14.000 us, CLKA:14.000 us,1.000 ns)

WARNING:Simulator:29 - at 14.000 us: Warning: Timing violation in
   /network_proc_full_tb/uut/fifo_instance/ram_inst/inst/  $recovery(
   CLKA:14.000 us, CLKB:14.000 us,1.000 ns)

WARNING:Simulator:29 - at 14.000 us: Warning: Timing violation in
   /network_proc_full_tb/uut/gpu_instance/ICache/inst/  $recovery( CLKB:14.000
   us, CLKA:14.000 us,1.000 ns)

WARNING:Simulator:29 - at 14.000 us: Warning: Timing violation in
   /network_proc_full_tb/uut/gpu_instance/ICache/inst/  $recovery( CLKA:14.000
   us, CLKB:14.000 us,1.000 ns)

WARNING:Simulator:29 - at 14.100 us: Warning: Timing violation in
   /network_proc_full_tb/uut/fifo_instance/ram_inst/inst/  $recovery(
   CLKB:14.100 us, CLKA:14.100 us,1.000 ns)

WARNING:Simulator:29 - at 14.100 us: Warning: Timing violation in
   /network_proc_full_tb/uut/fifo_instance/ram_inst/inst/  $recovery(
   CLKA:14.100 us, CLKB:14.100 us,1.000 ns)

WARNING:Simulator:29 - at 14.100 us: Warning: Timing violation in
   /network_proc_full_tb/uut/gpu_instance/ICache/inst/  $recovery( CLKB:14.100
   us, CLKA:14.100 us,1.000 ns)

WARNING:Simulator:29 - at 14.100 us: Warning: Timing violation in
   /network_proc_full_tb/uut/gpu_instance/ICache/inst/  $recovery( CLKA:14.100
   us, CLKB:14.100 us,1.000 ns)

WARNING:Simulator:29 - at 14.200 us: Warning: Timing violation in
   /network_proc_full_tb/uut/fifo_instance/ram_inst/inst/  $recovery(
   CLKB:14.200 us, CLKA:14.200 us,1.000 ns)

WARNING:Simulator:29 - at 14.200 us: Warning: Timing violation in
   /network_proc_full_tb/uut/fifo_instance/ram_inst/inst/  $recovery(
   CLKA:14.200 us, CLKB:14.200 us,1.000 ns)

WARNING:Simulator:29 - at 14.200 us: Warning: Timing violation in
   /network_proc_full_tb/uut/gpu_instance/ICache/inst/  $recovery( CLKB:14.200
   us, CLKA:14.200 us,1.000 ns)

WARNING:Simulator:29 - at 14.200 us: Warning: Timing violation in
   /network_proc_full_tb/uut/gpu_instance/ICache/inst/  $recovery( CLKA:14.200
   us, CLKB:14.200 us,1.000 ns)

WARNING:Simulator:29 - at 14.300 us: Warning: Timing violation in
   /network_proc_full_tb/uut/fifo_instance/ram_inst/inst/  $recovery(
   CLKB:14.300 us, CLKA:14.300 us,1.000 ns)

WARNING:Simulator:29 - at 14.300 us: Warning: Timing violation in
   /network_proc_full_tb/uut/fifo_instance/ram_inst/inst/  $recovery(
   CLKA:14.300 us, CLKB:14.300 us,1.000 ns)

WARNING:Simulator:29 - at 14.300 us: Warning: Timing violation in
   /network_proc_full_tb/uut/gpu_instance/ICache/inst/  $recovery( CLKB:14.300
   us, CLKA:14.300 us,1.000 ns)

WARNING:Simulator:29 - at 14.300 us: Warning: Timing violation in
   /network_proc_full_tb/uut/gpu_instance/ICache/inst/  $recovery( CLKA:14.300
   us, CLKB:14.300 us,1.000 ns)

WARNING:Simulator:29 - at 14.400 us: Warning: Timing violation in
   /network_proc_full_tb/uut/fifo_instance/ram_inst/inst/  $recovery(
   CLKB:14.400 us, CLKA:14.400 us,1.000 ns)

WARNING:Simulator:29 - at 14.400 us: Warning: Timing violation in
   /network_proc_full_tb/uut/fifo_instance/ram_inst/inst/  $recovery(
   CLKA:14.400 us, CLKB:14.400 us,1.000 ns)

WARNING:Simulator:29 - at 14.400 us: Warning: Timing violation in
   /network_proc_full_tb/uut/gpu_instance/ICache/inst/  $recovery( CLKB:14.400
   us, CLKA:14.400 us,1.000 ns)

WARNING:Simulator:29 - at 14.400 us: Warning: Timing violation in
   /network_proc_full_tb/uut/gpu_instance/ICache/inst/  $recovery( CLKA:14.400
   us, CLKB:14.400 us,1.000 ns)

WARNING:Simulator:29 - at 14.500 us: Warning: Timing violation in
   /network_proc_full_tb/uut/fifo_instance/ram_inst/inst/  $recovery(
   CLKB:14.500 us, CLKA:14.500 us,1.000 ns)

WARNING:Simulator:29 - at 14.500 us: Warning: Timing violation in
   /network_proc_full_tb/uut/fifo_instance/ram_inst/inst/  $recovery(
   CLKA:14.500 us, CLKB:14.500 us,1.000 ns)

WARNING:Simulator:29 - at 14.500 us: Warning: Timing violation in
   /network_proc_full_tb/uut/gpu_instance/ICache/inst/  $recovery( CLKB:14.500
   us, CLKA:14.500 us,1.000 ns)

WARNING:Simulator:29 - at 14.500 us: Warning: Timing violation in
   /network_proc_full_tb/uut/gpu_instance/ICache/inst/  $recovery( CLKA:14.500
   us, CLKB:14.500 us,1.000 ns)

WARNING:Simulator:29 - at 14.600 us: Warning: Timing violation in
   /network_proc_full_tb/uut/fifo_instance/ram_inst/inst/  $recovery(
   CLKB:14.600 us, CLKA:14.600 us,1.000 ns)

WARNING:Simulator:29 - at 14.600 us: Warning: Timing violation in
   /network_proc_full_tb/uut/fifo_instance/ram_inst/inst/  $recovery(
   CLKA:14.600 us, CLKB:14.600 us,1.000 ns)

WARNING:Simulator:29 - at 14.600 us: Warning: Timing violation in
   /network_proc_full_tb/uut/gpu_instance/ICache/inst/  $recovery( CLKB:14.600
   us, CLKA:14.600 us,1.000 ns)

WARNING:Simulator:29 - at 14.600 us: Warning: Timing violation in
   /network_proc_full_tb/uut/gpu_instance/ICache/inst/  $recovery( CLKA:14.600
   us, CLKB:14.600 us,1.000 ns)

WARNING:Simulator:29 - at 14.700 us: Warning: Timing violation in
   /network_proc_full_tb/uut/fifo_instance/ram_inst/inst/  $recovery(
   CLKB:14.700 us, CLKA:14.700 us,1.000 ns)

WARNING:Simulator:29 - at 14.700 us: Warning: Timing violation in
   /network_proc_full_tb/uut/fifo_instance/ram_inst/inst/  $recovery(
   CLKA:14.700 us, CLKB:14.700 us,1.000 ns)

WARNING:Simulator:29 - at 14.700 us: Warning: Timing violation in
   /network_proc_full_tb/uut/gpu_instance/ICache/inst/  $recovery( CLKB:14.700
   us, CLKA:14.700 us,1.000 ns)

WARNING:Simulator:29 - at 14.700 us: Warning: Timing violation in
   /network_proc_full_tb/uut/gpu_instance/ICache/inst/  $recovery( CLKA:14.700
   us, CLKB:14.700 us,1.000 ns)

WARNING:Simulator:29 - at 14.800 us: Warning: Timing violation in
   /network_proc_full_tb/uut/fifo_instance/ram_inst/inst/  $recovery(
   CLKB:14.800 us, CLKA:14.800 us,1.000 ns)

WARNING:Simulator:29 - at 14.800 us: Warning: Timing violation in
   /network_proc_full_tb/uut/fifo_instance/ram_inst/inst/  $recovery(
   CLKA:14.800 us, CLKB:14.800 us,1.000 ns)

WARNING:Simulator:29 - at 14.800 us: Warning: Timing violation in
   /network_proc_full_tb/uut/gpu_instance/ICache/inst/  $recovery( CLKB:14.800
   us, CLKA:14.800 us,1.000 ns)

WARNING:Simulator:29 - at 14.800 us: Warning: Timing violation in
   /network_proc_full_tb/uut/gpu_instance/ICache/inst/  $recovery( CLKA:14.800
   us, CLKB:14.800 us,1.000 ns)

WARNING:Simulator:29 - at 14.900 us: Warning: Timing violation in
   /network_proc_full_tb/uut/fifo_instance/ram_inst/inst/  $recovery(
   CLKB:14.900 us, CLKA:14.900 us,1.000 ns)

WARNING:Simulator:29 - at 14.900 us: Warning: Timing violation in
   /network_proc_full_tb/uut/fifo_instance/ram_inst/inst/  $recovery(
   CLKA:14.900 us, CLKB:14.900 us,1.000 ns)

WARNING:Simulator:29 - at 14.900 us: Warning: Timing violation in
   /network_proc_full_tb/uut/gpu_instance/ICache/inst/  $recovery( CLKB:14.900
   us, CLKA:14.900 us,1.000 ns)

WARNING:Simulator:29 - at 14.900 us: Warning: Timing violation in
   /network_proc_full_tb/uut/gpu_instance/ICache/inst/  $recovery( CLKA:14.900
   us, CLKB:14.900 us,1.000 ns)

WARNING:Simulator:29 - at 15.000 us: Warning: Timing violation in
   /network_proc_full_tb/uut/fifo_instance/ram_inst/inst/  $recovery(
   CLKB:15.000 us, CLKA:15.000 us,1.000 ns)

WARNING:Simulator:29 - at 15.000 us: Warning: Timing violation in
   /network_proc_full_tb/uut/fifo_instance/ram_inst/inst/  $recovery(
   CLKA:15.000 us, CLKB:15.000 us,1.000 ns)

WARNING:Simulator:29 - at 15.000 us: Warning: Timing violation in
   /network_proc_full_tb/uut/gpu_instance/ICache/inst/  $recovery( CLKB:15.000
   us, CLKA:15.000 us,1.000 ns)

WARNING:Simulator:29 - at 15.000 us: Warning: Timing violation in
   /network_proc_full_tb/uut/gpu_instance/ICache/inst/  $recovery( CLKA:15.000
   us, CLKB:15.000 us,1.000 ns)

WARNING:Simulator:29 - at 15.100 us: Warning: Timing violation in
   /network_proc_full_tb/uut/fifo_instance/ram_inst/inst/  $recovery(
   CLKB:15.100 us, CLKA:15.100 us,1.000 ns)

WARNING:Simulator:29 - at 15.100 us: Warning: Timing violation in
   /network_proc_full_tb/uut/fifo_instance/ram_inst/inst/  $recovery(
   CLKA:15.100 us, CLKB:15.100 us,1.000 ns)

WARNING:Simulator:29 - at 15.100 us: Warning: Timing violation in
   /network_proc_full_tb/uut/gpu_instance/ICache/inst/  $recovery( CLKB:15.100
   us, CLKA:15.100 us,1.000 ns)

WARNING:Simulator:29 - at 15.100 us: Warning: Timing violation in
   /network_proc_full_tb/uut/gpu_instance/ICache/inst/  $recovery( CLKA:15.100
   us, CLKB:15.100 us,1.000 ns)

WARNING:Simulator:29 - at 15.200 us: Warning: Timing violation in
   /network_proc_full_tb/uut/fifo_instance/ram_inst/inst/  $recovery(
   CLKB:15.200 us, CLKA:15.200 us,1.000 ns)

WARNING:Simulator:29 - at 15.200 us: Warning: Timing violation in
   /network_proc_full_tb/uut/fifo_instance/ram_inst/inst/  $recovery(
   CLKA:15.200 us, CLKB:15.200 us,1.000 ns)

WARNING:Simulator:29 - at 15.200 us: Warning: Timing violation in
   /network_proc_full_tb/uut/gpu_instance/ICache/inst/  $recovery( CLKB:15.200
   us, CLKA:15.200 us,1.000 ns)

WARNING:Simulator:29 - at 15.200 us: Warning: Timing violation in
   /network_proc_full_tb/uut/gpu_instance/ICache/inst/  $recovery( CLKA:15.200
   us, CLKB:15.200 us,1.000 ns)

WARNING:Simulator:29 - at 15.300 us: Warning: Timing violation in
   /network_proc_full_tb/uut/fifo_instance/ram_inst/inst/  $recovery(
   CLKB:15.300 us, CLKA:15.300 us,1.000 ns)

WARNING:Simulator:29 - at 15.300 us: Warning: Timing violation in
   /network_proc_full_tb/uut/fifo_instance/ram_inst/inst/  $recovery(
   CLKA:15.300 us, CLKB:15.300 us,1.000 ns)

WARNING:Simulator:29 - at 15.300 us: Warning: Timing violation in
   /network_proc_full_tb/uut/gpu_instance/ICache/inst/  $recovery( CLKB:15.300
   us, CLKA:15.300 us,1.000 ns)

WARNING:Simulator:29 - at 15.300 us: Warning: Timing violation in
   /network_proc_full_tb/uut/gpu_instance/ICache/inst/  $recovery( CLKA:15.300
   us, CLKB:15.300 us,1.000 ns)

WARNING:Simulator:29 - at 15.400 us: Warning: Timing violation in
   /network_proc_full_tb/uut/fifo_instance/ram_inst/inst/  $recovery(
   CLKB:15.400 us, CLKA:15.400 us,1.000 ns)

WARNING:Simulator:29 - at 15.400 us: Warning: Timing violation in
   /network_proc_full_tb/uut/fifo_instance/ram_inst/inst/  $recovery(
   CLKA:15.400 us, CLKB:15.400 us,1.000 ns)

WARNING:Simulator:29 - at 15.400 us: Warning: Timing violation in
   /network_proc_full_tb/uut/gpu_instance/ICache/inst/  $recovery( CLKB:15.400
   us, CLKA:15.400 us,1.000 ns)

WARNING:Simulator:29 - at 15.400 us: Warning: Timing violation in
   /network_proc_full_tb/uut/gpu_instance/ICache/inst/  $recovery( CLKA:15.400
   us, CLKB:15.400 us,1.000 ns)

WARNING:Simulator:29 - at 15.500 us: Warning: Timing violation in
   /network_proc_full_tb/uut/fifo_instance/ram_inst/inst/  $recovery(
   CLKB:15.500 us, CLKA:15.500 us,1.000 ns)

WARNING:Simulator:29 - at 15.500 us: Warning: Timing violation in
   /network_proc_full_tb/uut/fifo_instance/ram_inst/inst/  $recovery(
   CLKA:15.500 us, CLKB:15.500 us,1.000 ns)

WARNING:Simulator:29 - at 15.500 us: Warning: Timing violation in
   /network_proc_full_tb/uut/gpu_instance/ICache/inst/  $recovery( CLKB:15.500
   us, CLKA:15.500 us,1.000 ns)

WARNING:Simulator:29 - at 15.500 us: Warning: Timing violation in
   /network_proc_full_tb/uut/gpu_instance/ICache/inst/  $recovery( CLKA:15.500
   us, CLKB:15.500 us,1.000 ns)

WARNING:Simulator:29 - at 15.600 us: Warning: Timing violation in
   /network_proc_full_tb/uut/fifo_instance/ram_inst/inst/  $recovery(
   CLKB:15.600 us, CLKA:15.600 us,1.000 ns)

WARNING:Simulator:29 - at 15.600 us: Warning: Timing violation in
   /network_proc_full_tb/uut/fifo_instance/ram_inst/inst/  $recovery(
   CLKA:15.600 us, CLKB:15.600 us,1.000 ns)

WARNING:Simulator:29 - at 15.600 us: Warning: Timing violation in
   /network_proc_full_tb/uut/gpu_instance/ICache/inst/  $recovery( CLKB:15.600
   us, CLKA:15.600 us,1.000 ns)

WARNING:Simulator:29 - at 15.600 us: Warning: Timing violation in
   /network_proc_full_tb/uut/gpu_instance/ICache/inst/  $recovery( CLKA:15.600
   us, CLKB:15.600 us,1.000 ns)

WARNING:Simulator:29 - at 15.700 us: Warning: Timing violation in
   /network_proc_full_tb/uut/fifo_instance/ram_inst/inst/  $recovery(
   CLKB:15.700 us, CLKA:15.700 us,1.000 ns)

WARNING:Simulator:29 - at 15.700 us: Warning: Timing violation in
   /network_proc_full_tb/uut/fifo_instance/ram_inst/inst/  $recovery(
   CLKA:15.700 us, CLKB:15.700 us,1.000 ns)

WARNING:Simulator:29 - at 15.700 us: Warning: Timing violation in
   /network_proc_full_tb/uut/gpu_instance/ICache/inst/  $recovery( CLKB:15.700
   us, CLKA:15.700 us,1.000 ns)

WARNING:Simulator:29 - at 15.700 us: Warning: Timing violation in
   /network_proc_full_tb/uut/gpu_instance/ICache/inst/  $recovery( CLKA:15.700
   us, CLKB:15.700 us,1.000 ns)

WARNING:Simulator:29 - at 15.800 us: Warning: Timing violation in
   /network_proc_full_tb/uut/fifo_instance/ram_inst/inst/  $recovery(
   CLKB:15.800 us, CLKA:15.800 us,1.000 ns)

WARNING:Simulator:29 - at 15.800 us: Warning: Timing violation in
   /network_proc_full_tb/uut/fifo_instance/ram_inst/inst/  $recovery(
   CLKA:15.800 us, CLKB:15.800 us,1.000 ns)

WARNING:Simulator:29 - at 15.800 us: Warning: Timing violation in
   /network_proc_full_tb/uut/gpu_instance/ICache/inst/  $recovery( CLKB:15.800
   us, CLKA:15.800 us,1.000 ns)

WARNING:Simulator:29 - at 15.800 us: Warning: Timing violation in
   /network_proc_full_tb/uut/gpu_instance/ICache/inst/  $recovery( CLKA:15.800
   us, CLKB:15.800 us,1.000 ns)

WARNING:Simulator:29 - at 15.900 us: Warning: Timing violation in
   /network_proc_full_tb/uut/fifo_instance/ram_inst/inst/  $recovery(
   CLKB:15.900 us, CLKA:15.900 us,1.000 ns)

WARNING:Simulator:29 - at 15.900 us: Warning: Timing violation in
   /network_proc_full_tb/uut/fifo_instance/ram_inst/inst/  $recovery(
   CLKA:15.900 us, CLKB:15.900 us,1.000 ns)

WARNING:Simulator:29 - at 15.900 us: Warning: Timing violation in
   /network_proc_full_tb/uut/gpu_instance/ICache/inst/  $recovery( CLKB:15.900
   us, CLKA:15.900 us,1.000 ns)

WARNING:Simulator:29 - at 15.900 us: Warning: Timing violation in
   /network_proc_full_tb/uut/gpu_instance/ICache/inst/  $recovery( CLKA:15.900
   us, CLKB:15.900 us,1.000 ns)

WARNING:Simulator:29 - at 16.000 us: Warning: Timing violation in
   /network_proc_full_tb/uut/fifo_instance/ram_inst/inst/  $recovery(
   CLKB:16.000 us, CLKA:16.000 us,1.000 ns)

WARNING:Simulator:29 - at 16.000 us: Warning: Timing violation in
   /network_proc_full_tb/uut/fifo_instance/ram_inst/inst/  $recovery(
   CLKA:16.000 us, CLKB:16.000 us,1.000 ns)

WARNING:Simulator:29 - at 16.000 us: Warning: Timing violation in
   /network_proc_full_tb/uut/gpu_instance/ICache/inst/  $recovery( CLKB:16.000
   us, CLKA:16.000 us,1.000 ns)

WARNING:Simulator:29 - at 16.000 us: Warning: Timing violation in
   /network_proc_full_tb/uut/gpu_instance/ICache/inst/  $recovery( CLKA:16.000
   us, CLKB:16.000 us,1.000 ns)

WARNING:Simulator:29 - at 16.100 us: Warning: Timing violation in
   /network_proc_full_tb/uut/fifo_instance/ram_inst/inst/  $recovery(
   CLKB:16.100 us, CLKA:16.100 us,1.000 ns)

WARNING:Simulator:29 - at 16.100 us: Warning: Timing violation in
   /network_proc_full_tb/uut/fifo_instance/ram_inst/inst/  $recovery(
   CLKA:16.100 us, CLKB:16.100 us,1.000 ns)

WARNING:Simulator:29 - at 16.100 us: Warning: Timing violation in
   /network_proc_full_tb/uut/gpu_instance/ICache/inst/  $recovery( CLKB:16.100
   us, CLKA:16.100 us,1.000 ns)

WARNING:Simulator:29 - at 16.100 us: Warning: Timing violation in
   /network_proc_full_tb/uut/gpu_instance/ICache/inst/  $recovery( CLKA:16.100
   us, CLKB:16.100 us,1.000 ns)

WARNING:Simulator:29 - at 16.200 us: Warning: Timing violation in
   /network_proc_full_tb/uut/fifo_instance/ram_inst/inst/  $recovery(
   CLKB:16.200 us, CLKA:16.200 us,1.000 ns)

WARNING:Simulator:29 - at 16.200 us: Warning: Timing violation in
   /network_proc_full_tb/uut/fifo_instance/ram_inst/inst/  $recovery(
   CLKA:16.200 us, CLKB:16.200 us,1.000 ns)

WARNING:Simulator:29 - at 16.200 us: Warning: Timing violation in
   /network_proc_full_tb/uut/gpu_instance/ICache/inst/  $recovery( CLKB:16.200
   us, CLKA:16.200 us,1.000 ns)

WARNING:Simulator:29 - at 16.200 us: Warning: Timing violation in
   /network_proc_full_tb/uut/gpu_instance/ICache/inst/  $recovery( CLKA:16.200
   us, CLKB:16.200 us,1.000 ns)

WARNING:Simulator:29 - at 16.300 us: Warning: Timing violation in
   /network_proc_full_tb/uut/fifo_instance/ram_inst/inst/  $recovery(
   CLKB:16.300 us, CLKA:16.300 us,1.000 ns)

WARNING:Simulator:29 - at 16.300 us: Warning: Timing violation in
   /network_proc_full_tb/uut/fifo_instance/ram_inst/inst/  $recovery(
   CLKA:16.300 us, CLKB:16.300 us,1.000 ns)

WARNING:Simulator:29 - at 16.300 us: Warning: Timing violation in
   /network_proc_full_tb/uut/gpu_instance/ICache/inst/  $recovery( CLKB:16.300
   us, CLKA:16.300 us,1.000 ns)

WARNING:Simulator:29 - at 16.300 us: Warning: Timing violation in
   /network_proc_full_tb/uut/gpu_instance/ICache/inst/  $recovery( CLKA:16.300
   us, CLKB:16.300 us,1.000 ns)

WARNING:Simulator:29 - at 16.400 us: Warning: Timing violation in
   /network_proc_full_tb/uut/fifo_instance/ram_inst/inst/  $recovery(
   CLKB:16.400 us, CLKA:16.400 us,1.000 ns)

WARNING:Simulator:29 - at 16.400 us: Warning: Timing violation in
   /network_proc_full_tb/uut/fifo_instance/ram_inst/inst/  $recovery(
   CLKA:16.400 us, CLKB:16.400 us,1.000 ns)

WARNING:Simulator:29 - at 16.400 us: Warning: Timing violation in
   /network_proc_full_tb/uut/gpu_instance/ICache/inst/  $recovery( CLKB:16.400
   us, CLKA:16.400 us,1.000 ns)

WARNING:Simulator:29 - at 16.400 us: Warning: Timing violation in
   /network_proc_full_tb/uut/gpu_instance/ICache/inst/  $recovery( CLKA:16.400
   us, CLKB:16.400 us,1.000 ns)

WARNING:Simulator:29 - at 16.500 us: Warning: Timing violation in
   /network_proc_full_tb/uut/fifo_instance/ram_inst/inst/  $recovery(
   CLKB:16.500 us, CLKA:16.500 us,1.000 ns)

WARNING:Simulator:29 - at 16.500 us: Warning: Timing violation in
   /network_proc_full_tb/uut/fifo_instance/ram_inst/inst/  $recovery(
   CLKA:16.500 us, CLKB:16.500 us,1.000 ns)

WARNING:Simulator:29 - at 16.500 us: Warning: Timing violation in
   /network_proc_full_tb/uut/gpu_instance/ICache/inst/  $recovery( CLKB:16.500
   us, CLKA:16.500 us,1.000 ns)

WARNING:Simulator:29 - at 16.500 us: Warning: Timing violation in
   /network_proc_full_tb/uut/gpu_instance/ICache/inst/  $recovery( CLKA:16.500
   us, CLKB:16.500 us,1.000 ns)

WARNING:Simulator:29 - at 16.600 us: Warning: Timing violation in
   /network_proc_full_tb/uut/fifo_instance/ram_inst/inst/  $recovery(
   CLKB:16.600 us, CLKA:16.600 us,1.000 ns)

WARNING:Simulator:29 - at 16.600 us: Warning: Timing violation in
   /network_proc_full_tb/uut/fifo_instance/ram_inst/inst/  $recovery(
   CLKA:16.600 us, CLKB:16.600 us,1.000 ns)

WARNING:Simulator:29 - at 16.600 us: Warning: Timing violation in
   /network_proc_full_tb/uut/gpu_instance/ICache/inst/  $recovery( CLKB:16.600
   us, CLKA:16.600 us,1.000 ns)

WARNING:Simulator:29 - at 16.600 us: Warning: Timing violation in
   /network_proc_full_tb/uut/gpu_instance/ICache/inst/  $recovery( CLKA:16.600
   us, CLKB:16.600 us,1.000 ns)

WARNING:Simulator:29 - at 16.700 us: Warning: Timing violation in
   /network_proc_full_tb/uut/fifo_instance/ram_inst/inst/  $recovery(
   CLKB:16.700 us, CLKA:16.700 us,1.000 ns)

WARNING:Simulator:29 - at 16.700 us: Warning: Timing violation in
   /network_proc_full_tb/uut/fifo_instance/ram_inst/inst/  $recovery(
   CLKA:16.700 us, CLKB:16.700 us,1.000 ns)

WARNING:Simulator:29 - at 16.700 us: Warning: Timing violation in
   /network_proc_full_tb/uut/gpu_instance/ICache/inst/  $recovery( CLKB:16.700
   us, CLKA:16.700 us,1.000 ns)

WARNING:Simulator:29 - at 16.700 us: Warning: Timing violation in
   /network_proc_full_tb/uut/gpu_instance/ICache/inst/  $recovery( CLKA:16.700
   us, CLKB:16.700 us,1.000 ns)

WARNING:Simulator:29 - at 16.800 us: Warning: Timing violation in
   /network_proc_full_tb/uut/fifo_instance/ram_inst/inst/  $recovery(
   CLKB:16.800 us, CLKA:16.800 us,1.000 ns)

WARNING:Simulator:29 - at 16.800 us: Warning: Timing violation in
   /network_proc_full_tb/uut/fifo_instance/ram_inst/inst/  $recovery(
   CLKA:16.800 us, CLKB:16.800 us,1.000 ns)

WARNING:Simulator:29 - at 16.800 us: Warning: Timing violation in
   /network_proc_full_tb/uut/gpu_instance/ICache/inst/  $recovery( CLKB:16.800
   us, CLKA:16.800 us,1.000 ns)

WARNING:Simulator:29 - at 16.800 us: Warning: Timing violation in
   /network_proc_full_tb/uut/gpu_instance/ICache/inst/  $recovery( CLKA:16.800
   us, CLKB:16.800 us,1.000 ns)

WARNING:Simulator:29 - at 16.900 us: Warning: Timing violation in
   /network_proc_full_tb/uut/fifo_instance/ram_inst/inst/  $recovery(
   CLKB:16.900 us, CLKA:16.900 us,1.000 ns)

WARNING:Simulator:29 - at 16.900 us: Warning: Timing violation in
   /network_proc_full_tb/uut/fifo_instance/ram_inst/inst/  $recovery(
   CLKA:16.900 us, CLKB:16.900 us,1.000 ns)

WARNING:Simulator:29 - at 16.900 us: Warning: Timing violation in
   /network_proc_full_tb/uut/gpu_instance/ICache/inst/  $recovery( CLKB:16.900
   us, CLKA:16.900 us,1.000 ns)

WARNING:Simulator:29 - at 16.900 us: Warning: Timing violation in
   /network_proc_full_tb/uut/gpu_instance/ICache/inst/  $recovery( CLKA:16.900
   us, CLKB:16.900 us,1.000 ns)

WARNING:Simulator:29 - at 17.000 us: Warning: Timing violation in
   /network_proc_full_tb/uut/fifo_instance/ram_inst/inst/  $recovery(
   CLKB:17.000 us, CLKA:17.000 us,1.000 ns)

WARNING:Simulator:29 - at 17.000 us: Warning: Timing violation in
   /network_proc_full_tb/uut/fifo_instance/ram_inst/inst/  $recovery(
   CLKA:17.000 us, CLKB:17.000 us,1.000 ns)

WARNING:Simulator:29 - at 17.000 us: Warning: Timing violation in
   /network_proc_full_tb/uut/gpu_instance/ICache/inst/  $recovery( CLKB:17.000
   us, CLKA:17.000 us,1.000 ns)

WARNING:Simulator:29 - at 17.000 us: Warning: Timing violation in
   /network_proc_full_tb/uut/gpu_instance/ICache/inst/  $recovery( CLKA:17.000
   us, CLKB:17.000 us,1.000 ns)

WARNING:Simulator:29 - at 17.100 us: Warning: Timing violation in
   /network_proc_full_tb/uut/fifo_instance/ram_inst/inst/  $recovery(
   CLKB:17.100 us, CLKA:17.100 us,1.000 ns)

WARNING:Simulator:29 - at 17.100 us: Warning: Timing violation in
   /network_proc_full_tb/uut/fifo_instance/ram_inst/inst/  $recovery(
   CLKA:17.100 us, CLKB:17.100 us,1.000 ns)

WARNING:Simulator:29 - at 17.100 us: Warning: Timing violation in
   /network_proc_full_tb/uut/gpu_instance/ICache/inst/  $recovery( CLKB:17.100
   us, CLKA:17.100 us,1.000 ns)

WARNING:Simulator:29 - at 17.100 us: Warning: Timing violation in
   /network_proc_full_tb/uut/gpu_instance/ICache/inst/  $recovery( CLKA:17.100
   us, CLKB:17.100 us,1.000 ns)

WARNING:Simulator:29 - at 17.200 us: Warning: Timing violation in
   /network_proc_full_tb/uut/fifo_instance/ram_inst/inst/  $recovery(
   CLKB:17.200 us, CLKA:17.200 us,1.000 ns)

WARNING:Simulator:29 - at 17.200 us: Warning: Timing violation in
   /network_proc_full_tb/uut/fifo_instance/ram_inst/inst/  $recovery(
   CLKA:17.200 us, CLKB:17.200 us,1.000 ns)

WARNING:Simulator:29 - at 17.200 us: Warning: Timing violation in
   /network_proc_full_tb/uut/gpu_instance/ICache/inst/  $recovery( CLKB:17.200
   us, CLKA:17.200 us,1.000 ns)

WARNING:Simulator:29 - at 17.200 us: Warning: Timing violation in
   /network_proc_full_tb/uut/gpu_instance/ICache/inst/  $recovery( CLKA:17.200
   us, CLKB:17.200 us,1.000 ns)

WARNING:Simulator:29 - at 17.300 us: Warning: Timing violation in
   /network_proc_full_tb/uut/fifo_instance/ram_inst/inst/  $recovery(
   CLKB:17.300 us, CLKA:17.300 us,1.000 ns)

WARNING:Simulator:29 - at 17.300 us: Warning: Timing violation in
   /network_proc_full_tb/uut/fifo_instance/ram_inst/inst/  $recovery(
   CLKA:17.300 us, CLKB:17.300 us,1.000 ns)

WARNING:Simulator:29 - at 17.300 us: Warning: Timing violation in
   /network_proc_full_tb/uut/gpu_instance/ICache/inst/  $recovery( CLKB:17.300
   us, CLKA:17.300 us,1.000 ns)

WARNING:Simulator:29 - at 17.300 us: Warning: Timing violation in
   /network_proc_full_tb/uut/gpu_instance/ICache/inst/  $recovery( CLKA:17.300
   us, CLKB:17.300 us,1.000 ns)

WARNING:Simulator:29 - at 17.400 us: Warning: Timing violation in
   /network_proc_full_tb/uut/fifo_instance/ram_inst/inst/  $recovery(
   CLKB:17.400 us, CLKA:17.400 us,1.000 ns)

WARNING:Simulator:29 - at 17.400 us: Warning: Timing violation in
   /network_proc_full_tb/uut/fifo_instance/ram_inst/inst/  $recovery(
   CLKA:17.400 us, CLKB:17.400 us,1.000 ns)

WARNING:Simulator:29 - at 17.400 us: Warning: Timing violation in
   /network_proc_full_tb/uut/gpu_instance/ICache/inst/  $recovery( CLKB:17.400
   us, CLKA:17.400 us,1.000 ns)

WARNING:Simulator:29 - at 17.400 us: Warning: Timing violation in
   /network_proc_full_tb/uut/gpu_instance/ICache/inst/  $recovery( CLKA:17.400
   us, CLKB:17.400 us,1.000 ns)

WARNING:Simulator:29 - at 17.500 us: Warning: Timing violation in
   /network_proc_full_tb/uut/fifo_instance/ram_inst/inst/  $recovery(
   CLKB:17.500 us, CLKA:17.500 us,1.000 ns)

WARNING:Simulator:29 - at 17.500 us: Warning: Timing violation in
   /network_proc_full_tb/uut/fifo_instance/ram_inst/inst/  $recovery(
   CLKA:17.500 us, CLKB:17.500 us,1.000 ns)

WARNING:Simulator:29 - at 17.500 us: Warning: Timing violation in
   /network_proc_full_tb/uut/gpu_instance/ICache/inst/  $recovery( CLKB:17.500
   us, CLKA:17.500 us,1.000 ns)

WARNING:Simulator:29 - at 17.500 us: Warning: Timing violation in
   /network_proc_full_tb/uut/gpu_instance/ICache/inst/  $recovery( CLKA:17.500
   us, CLKB:17.500 us,1.000 ns)

WARNING:Simulator:29 - at 17.600 us: Warning: Timing violation in
   /network_proc_full_tb/uut/fifo_instance/ram_inst/inst/  $recovery(
   CLKB:17.600 us, CLKA:17.600 us,1.000 ns)

WARNING:Simulator:29 - at 17.600 us: Warning: Timing violation in
   /network_proc_full_tb/uut/fifo_instance/ram_inst/inst/  $recovery(
   CLKA:17.600 us, CLKB:17.600 us,1.000 ns)

WARNING:Simulator:29 - at 17.600 us: Warning: Timing violation in
   /network_proc_full_tb/uut/gpu_instance/ICache/inst/  $recovery( CLKB:17.600
   us, CLKA:17.600 us,1.000 ns)

WARNING:Simulator:29 - at 17.600 us: Warning: Timing violation in
   /network_proc_full_tb/uut/gpu_instance/ICache/inst/  $recovery( CLKA:17.600
   us, CLKB:17.600 us,1.000 ns)

WARNING:Simulator:29 - at 17.700 us: Warning: Timing violation in
   /network_proc_full_tb/uut/fifo_instance/ram_inst/inst/  $recovery(
   CLKB:17.700 us, CLKA:17.700 us,1.000 ns)

WARNING:Simulator:29 - at 17.700 us: Warning: Timing violation in
   /network_proc_full_tb/uut/fifo_instance/ram_inst/inst/  $recovery(
   CLKA:17.700 us, CLKB:17.700 us,1.000 ns)

WARNING:Simulator:29 - at 17.700 us: Warning: Timing violation in
   /network_proc_full_tb/uut/gpu_instance/ICache/inst/  $recovery( CLKB:17.700
   us, CLKA:17.700 us,1.000 ns)

WARNING:Simulator:29 - at 17.700 us: Warning: Timing violation in
   /network_proc_full_tb/uut/gpu_instance/ICache/inst/  $recovery( CLKA:17.700
   us, CLKB:17.700 us,1.000 ns)

WARNING:Simulator:29 - at 17.800 us: Warning: Timing violation in
   /network_proc_full_tb/uut/fifo_instance/ram_inst/inst/  $recovery(
   CLKB:17.800 us, CLKA:17.800 us,1.000 ns)

WARNING:Simulator:29 - at 17.800 us: Warning: Timing violation in
   /network_proc_full_tb/uut/fifo_instance/ram_inst/inst/  $recovery(
   CLKA:17.800 us, CLKB:17.800 us,1.000 ns)

WARNING:Simulator:29 - at 17.800 us: Warning: Timing violation in
   /network_proc_full_tb/uut/gpu_instance/ICache/inst/  $recovery( CLKB:17.800
   us, CLKA:17.800 us,1.000 ns)

WARNING:Simulator:29 - at 17.800 us: Warning: Timing violation in
   /network_proc_full_tb/uut/gpu_instance/ICache/inst/  $recovery( CLKA:17.800
   us, CLKB:17.800 us,1.000 ns)

WARNING:Simulator:29 - at 17.900 us: Warning: Timing violation in
   /network_proc_full_tb/uut/fifo_instance/ram_inst/inst/  $recovery(
   CLKB:17.900 us, CLKA:17.900 us,1.000 ns)

WARNING:Simulator:29 - at 17.900 us: Warning: Timing violation in
   /network_proc_full_tb/uut/fifo_instance/ram_inst/inst/  $recovery(
   CLKA:17.900 us, CLKB:17.900 us,1.000 ns)

WARNING:Simulator:29 - at 17.900 us: Warning: Timing violation in
   /network_proc_full_tb/uut/gpu_instance/ICache/inst/  $recovery( CLKB:17.900
   us, CLKA:17.900 us,1.000 ns)

WARNING:Simulator:29 - at 17.900 us: Warning: Timing violation in
   /network_proc_full_tb/uut/gpu_instance/ICache/inst/  $recovery( CLKA:17.900
   us, CLKB:17.900 us,1.000 ns)

WARNING:Simulator:29 - at 18.000 us: Warning: Timing violation in
   /network_proc_full_tb/uut/fifo_instance/ram_inst/inst/  $recovery(
   CLKB:18.000 us, CLKA:18.000 us,1.000 ns)

WARNING:Simulator:29 - at 18.000 us: Warning: Timing violation in
   /network_proc_full_tb/uut/fifo_instance/ram_inst/inst/  $recovery(
   CLKA:18.000 us, CLKB:18.000 us,1.000 ns)

WARNING:Simulator:29 - at 18.000 us: Warning: Timing violation in
   /network_proc_full_tb/uut/gpu_instance/ICache/inst/  $recovery( CLKB:18.000
   us, CLKA:18.000 us,1.000 ns)

WARNING:Simulator:29 - at 18.000 us: Warning: Timing violation in
   /network_proc_full_tb/uut/gpu_instance/ICache/inst/  $recovery( CLKA:18.000
   us, CLKB:18.000 us,1.000 ns)

WARNING:Simulator:29 - at 18.100 us: Warning: Timing violation in
   /network_proc_full_tb/uut/fifo_instance/ram_inst/inst/  $recovery(
   CLKB:18.100 us, CLKA:18.100 us,1.000 ns)

WARNING:Simulator:29 - at 18.100 us: Warning: Timing violation in
   /network_proc_full_tb/uut/fifo_instance/ram_inst/inst/  $recovery(
   CLKA:18.100 us, CLKB:18.100 us,1.000 ns)

WARNING:Simulator:29 - at 18.100 us: Warning: Timing violation in
   /network_proc_full_tb/uut/gpu_instance/ICache/inst/  $recovery( CLKB:18.100
   us, CLKA:18.100 us,1.000 ns)

WARNING:Simulator:29 - at 18.100 us: Warning: Timing violation in
   /network_proc_full_tb/uut/gpu_instance/ICache/inst/  $recovery( CLKA:18.100
   us, CLKB:18.100 us,1.000 ns)

WARNING:Simulator:29 - at 18.200 us: Warning: Timing violation in
   /network_proc_full_tb/uut/fifo_instance/ram_inst/inst/  $recovery(
   CLKB:18.200 us, CLKA:18.200 us,1.000 ns)

WARNING:Simulator:29 - at 18.200 us: Warning: Timing violation in
   /network_proc_full_tb/uut/fifo_instance/ram_inst/inst/  $recovery(
   CLKA:18.200 us, CLKB:18.200 us,1.000 ns)

WARNING:Simulator:29 - at 18.200 us: Warning: Timing violation in
   /network_proc_full_tb/uut/gpu_instance/ICache/inst/  $recovery( CLKB:18.200
   us, CLKA:18.200 us,1.000 ns)

WARNING:Simulator:29 - at 18.200 us: Warning: Timing violation in
   /network_proc_full_tb/uut/gpu_instance/ICache/inst/  $recovery( CLKA:18.200
   us, CLKB:18.200 us,1.000 ns)

WARNING:Simulator:29 - at 18.300 us: Warning: Timing violation in
   /network_proc_full_tb/uut/fifo_instance/ram_inst/inst/  $recovery(
   CLKB:18.300 us, CLKA:18.300 us,1.000 ns)

WARNING:Simulator:29 - at 18.300 us: Warning: Timing violation in
   /network_proc_full_tb/uut/fifo_instance/ram_inst/inst/  $recovery(
   CLKA:18.300 us, CLKB:18.300 us,1.000 ns)

WARNING:Simulator:29 - at 18.300 us: Warning: Timing violation in
   /network_proc_full_tb/uut/gpu_instance/ICache/inst/  $recovery( CLKB:18.300
   us, CLKA:18.300 us,1.000 ns)

WARNING:Simulator:29 - at 18.300 us: Warning: Timing violation in
   /network_proc_full_tb/uut/gpu_instance/ICache/inst/  $recovery( CLKA:18.300
   us, CLKB:18.300 us,1.000 ns)

WARNING:Simulator:29 - at 18.400 us: Warning: Timing violation in
   /network_proc_full_tb/uut/fifo_instance/ram_inst/inst/  $recovery(
   CLKB:18.400 us, CLKA:18.400 us,1.000 ns)

WARNING:Simulator:29 - at 18.400 us: Warning: Timing violation in
   /network_proc_full_tb/uut/fifo_instance/ram_inst/inst/  $recovery(
   CLKA:18.400 us, CLKB:18.400 us,1.000 ns)

WARNING:Simulator:29 - at 18.400 us: Warning: Timing violation in
   /network_proc_full_tb/uut/gpu_instance/ICache/inst/  $recovery( CLKB:18.400
   us, CLKA:18.400 us,1.000 ns)

WARNING:Simulator:29 - at 18.400 us: Warning: Timing violation in
   /network_proc_full_tb/uut/gpu_instance/ICache/inst/  $recovery( CLKA:18.400
   us, CLKB:18.400 us,1.000 ns)

WARNING:Simulator:29 - at 18.500 us: Warning: Timing violation in
   /network_proc_full_tb/uut/fifo_instance/ram_inst/inst/  $recovery(
   CLKB:18.500 us, CLKA:18.500 us,1.000 ns)

WARNING:Simulator:29 - at 18.500 us: Warning: Timing violation in
   /network_proc_full_tb/uut/fifo_instance/ram_inst/inst/  $recovery(
   CLKA:18.500 us, CLKB:18.500 us,1.000 ns)

WARNING:Simulator:29 - at 18.500 us: Warning: Timing violation in
   /network_proc_full_tb/uut/gpu_instance/ICache/inst/  $recovery( CLKB:18.500
   us, CLKA:18.500 us,1.000 ns)

WARNING:Simulator:29 - at 18.500 us: Warning: Timing violation in
   /network_proc_full_tb/uut/gpu_instance/ICache/inst/  $recovery( CLKA:18.500
   us, CLKB:18.500 us,1.000 ns)

WARNING:Simulator:29 - at 18.600 us: Warning: Timing violation in
   /network_proc_full_tb/uut/fifo_instance/ram_inst/inst/  $recovery(
   CLKB:18.600 us, CLKA:18.600 us,1.000 ns)

WARNING:Simulator:29 - at 18.600 us: Warning: Timing violation in
   /network_proc_full_tb/uut/fifo_instance/ram_inst/inst/  $recovery(
   CLKA:18.600 us, CLKB:18.600 us,1.000 ns)

WARNING:Simulator:29 - at 18.600 us: Warning: Timing violation in
   /network_proc_full_tb/uut/gpu_instance/ICache/inst/  $recovery( CLKB:18.600
   us, CLKA:18.600 us,1.000 ns)

WARNING:Simulator:29 - at 18.600 us: Warning: Timing violation in
   /network_proc_full_tb/uut/gpu_instance/ICache/inst/  $recovery( CLKA:18.600
   us, CLKB:18.600 us,1.000 ns)

WARNING:Simulator:29 - at 18.700 us: Warning: Timing violation in
   /network_proc_full_tb/uut/fifo_instance/ram_inst/inst/  $recovery(
   CLKB:18.700 us, CLKA:18.700 us,1.000 ns)

WARNING:Simulator:29 - at 18.700 us: Warning: Timing violation in
   /network_proc_full_tb/uut/fifo_instance/ram_inst/inst/  $recovery(
   CLKA:18.700 us, CLKB:18.700 us,1.000 ns)

WARNING:Simulator:29 - at 18.700 us: Warning: Timing violation in
   /network_proc_full_tb/uut/gpu_instance/ICache/inst/  $recovery( CLKB:18.700
   us, CLKA:18.700 us,1.000 ns)

WARNING:Simulator:29 - at 18.700 us: Warning: Timing violation in
   /network_proc_full_tb/uut/gpu_instance/ICache/inst/  $recovery( CLKA:18.700
   us, CLKB:18.700 us,1.000 ns)

WARNING:Simulator:29 - at 18.800 us: Warning: Timing violation in
   /network_proc_full_tb/uut/fifo_instance/ram_inst/inst/  $recovery(
   CLKB:18.800 us, CLKA:18.800 us,1.000 ns)

WARNING:Simulator:29 - at 18.800 us: Warning: Timing violation in
   /network_proc_full_tb/uut/fifo_instance/ram_inst/inst/  $recovery(
   CLKA:18.800 us, CLKB:18.800 us,1.000 ns)

WARNING:Simulator:29 - at 18.800 us: Warning: Timing violation in
   /network_proc_full_tb/uut/gpu_instance/ICache/inst/  $recovery( CLKB:18.800
   us, CLKA:18.800 us,1.000 ns)

WARNING:Simulator:29 - at 18.800 us: Warning: Timing violation in
   /network_proc_full_tb/uut/gpu_instance/ICache/inst/  $recovery( CLKA:18.800
   us, CLKB:18.800 us,1.000 ns)

WARNING:Simulator:29 - at 18.900 us: Warning: Timing violation in
   /network_proc_full_tb/uut/fifo_instance/ram_inst/inst/  $recovery(
   CLKB:18.900 us, CLKA:18.900 us,1.000 ns)

WARNING:Simulator:29 - at 18.900 us: Warning: Timing violation in
   /network_proc_full_tb/uut/fifo_instance/ram_inst/inst/  $recovery(
   CLKA:18.900 us, CLKB:18.900 us,1.000 ns)

WARNING:Simulator:29 - at 18.900 us: Warning: Timing violation in
   /network_proc_full_tb/uut/gpu_instance/ICache/inst/  $recovery( CLKB:18.900
   us, CLKA:18.900 us,1.000 ns)

WARNING:Simulator:29 - at 18.900 us: Warning: Timing violation in
   /network_proc_full_tb/uut/gpu_instance/ICache/inst/  $recovery( CLKA:18.900
   us, CLKB:18.900 us,1.000 ns)

WARNING:Simulator:29 - at 19.000 us: Warning: Timing violation in
   /network_proc_full_tb/uut/fifo_instance/ram_inst/inst/  $recovery(
   CLKB:19.000 us, CLKA:19.000 us,1.000 ns)

WARNING:Simulator:29 - at 19.000 us: Warning: Timing violation in
   /network_proc_full_tb/uut/fifo_instance/ram_inst/inst/  $recovery(
   CLKA:19.000 us, CLKB:19.000 us,1.000 ns)

WARNING:Simulator:29 - at 19.000 us: Warning: Timing violation in
   /network_proc_full_tb/uut/gpu_instance/ICache/inst/  $recovery( CLKB:19.000
   us, CLKA:19.000 us,1.000 ns)

WARNING:Simulator:29 - at 19.000 us: Warning: Timing violation in
   /network_proc_full_tb/uut/gpu_instance/ICache/inst/  $recovery( CLKA:19.000
   us, CLKB:19.000 us,1.000 ns)

WARNING:Simulator:29 - at 19.100 us: Warning: Timing violation in
   /network_proc_full_tb/uut/fifo_instance/ram_inst/inst/  $recovery(
   CLKB:19.100 us, CLKA:19.100 us,1.000 ns)

WARNING:Simulator:29 - at 19.100 us: Warning: Timing violation in
   /network_proc_full_tb/uut/fifo_instance/ram_inst/inst/  $recovery(
   CLKA:19.100 us, CLKB:19.100 us,1.000 ns)

WARNING:Simulator:29 - at 19.100 us: Warning: Timing violation in
   /network_proc_full_tb/uut/gpu_instance/ICache/inst/  $recovery( CLKB:19.100
   us, CLKA:19.100 us,1.000 ns)

WARNING:Simulator:29 - at 19.100 us: Warning: Timing violation in
   /network_proc_full_tb/uut/gpu_instance/ICache/inst/  $recovery( CLKA:19.100
   us, CLKB:19.100 us,1.000 ns)

WARNING:Simulator:29 - at 19.200 us: Warning: Timing violation in
   /network_proc_full_tb/uut/fifo_instance/ram_inst/inst/  $recovery(
   CLKB:19.200 us, CLKA:19.200 us,1.000 ns)

WARNING:Simulator:29 - at 19.200 us: Warning: Timing violation in
   /network_proc_full_tb/uut/fifo_instance/ram_inst/inst/  $recovery(
   CLKA:19.200 us, CLKB:19.200 us,1.000 ns)

WARNING:Simulator:29 - at 19.200 us: Warning: Timing violation in
   /network_proc_full_tb/uut/gpu_instance/ICache/inst/  $recovery( CLKB:19.200
   us, CLKA:19.200 us,1.000 ns)

WARNING:Simulator:29 - at 19.200 us: Warning: Timing violation in
   /network_proc_full_tb/uut/gpu_instance/ICache/inst/  $recovery( CLKA:19.200
   us, CLKB:19.200 us,1.000 ns)

WARNING:Simulator:29 - at 19.300 us: Warning: Timing violation in
   /network_proc_full_tb/uut/fifo_instance/ram_inst/inst/  $recovery(
   CLKB:19.300 us, CLKA:19.300 us,1.000 ns)

WARNING:Simulator:29 - at 19.300 us: Warning: Timing violation in
   /network_proc_full_tb/uut/fifo_instance/ram_inst/inst/  $recovery(
   CLKA:19.300 us, CLKB:19.300 us,1.000 ns)

WARNING:Simulator:29 - at 19.300 us: Warning: Timing violation in
   /network_proc_full_tb/uut/gpu_instance/ICache/inst/  $recovery( CLKB:19.300
   us, CLKA:19.300 us,1.000 ns)

WARNING:Simulator:29 - at 19.300 us: Warning: Timing violation in
   /network_proc_full_tb/uut/gpu_instance/ICache/inst/  $recovery( CLKA:19.300
   us, CLKB:19.300 us,1.000 ns)

WARNING:Simulator:29 - at 19.400 us: Warning: Timing violation in
   /network_proc_full_tb/uut/fifo_instance/ram_inst/inst/  $recovery(
   CLKB:19.400 us, CLKA:19.400 us,1.000 ns)

WARNING:Simulator:29 - at 19.400 us: Warning: Timing violation in
   /network_proc_full_tb/uut/fifo_instance/ram_inst/inst/  $recovery(
   CLKA:19.400 us, CLKB:19.400 us,1.000 ns)

WARNING:Simulator:29 - at 19.400 us: Warning: Timing violation in
   /network_proc_full_tb/uut/gpu_instance/ICache/inst/  $recovery( CLKB:19.400
   us, CLKA:19.400 us,1.000 ns)

WARNING:Simulator:29 - at 19.400 us: Warning: Timing violation in
   /network_proc_full_tb/uut/gpu_instance/ICache/inst/  $recovery( CLKA:19.400
   us, CLKB:19.400 us,1.000 ns)

WARNING:Simulator:29 - at 19.500 us: Warning: Timing violation in
   /network_proc_full_tb/uut/fifo_instance/ram_inst/inst/  $recovery(
   CLKB:19.500 us, CLKA:19.500 us,1.000 ns)

WARNING:Simulator:29 - at 19.500 us: Warning: Timing violation in
   /network_proc_full_tb/uut/fifo_instance/ram_inst/inst/  $recovery(
   CLKA:19.500 us, CLKB:19.500 us,1.000 ns)

WARNING:Simulator:29 - at 19.500 us: Warning: Timing violation in
   /network_proc_full_tb/uut/gpu_instance/ICache/inst/  $recovery( CLKB:19.500
   us, CLKA:19.500 us,1.000 ns)

WARNING:Simulator:29 - at 19.500 us: Warning: Timing violation in
   /network_proc_full_tb/uut/gpu_instance/ICache/inst/  $recovery( CLKA:19.500
   us, CLKB:19.500 us,1.000 ns)

WARNING:Simulator:29 - at 19.600 us: Warning: Timing violation in
   /network_proc_full_tb/uut/fifo_instance/ram_inst/inst/  $recovery(
   CLKB:19.600 us, CLKA:19.600 us,1.000 ns)

WARNING:Simulator:29 - at 19.600 us: Warning: Timing violation in
   /network_proc_full_tb/uut/fifo_instance/ram_inst/inst/  $recovery(
   CLKA:19.600 us, CLKB:19.600 us,1.000 ns)

WARNING:Simulator:29 - at 19.600 us: Warning: Timing violation in
   /network_proc_full_tb/uut/gpu_instance/ICache/inst/  $recovery( CLKB:19.600
   us, CLKA:19.600 us,1.000 ns)

WARNING:Simulator:29 - at 19.600 us: Warning: Timing violation in
   /network_proc_full_tb/uut/gpu_instance/ICache/inst/  $recovery( CLKA:19.600
   us, CLKB:19.600 us,1.000 ns)

WARNING:Simulator:29 - at 19.700 us: Warning: Timing violation in
   /network_proc_full_tb/uut/fifo_instance/ram_inst/inst/  $recovery(
   CLKB:19.700 us, CLKA:19.700 us,1.000 ns)

WARNING:Simulator:29 - at 19.700 us: Warning: Timing violation in
   /network_proc_full_tb/uut/fifo_instance/ram_inst/inst/  $recovery(
   CLKA:19.700 us, CLKB:19.700 us,1.000 ns)

WARNING:Simulator:29 - at 19.700 us: Warning: Timing violation in
   /network_proc_full_tb/uut/gpu_instance/ICache/inst/  $recovery( CLKB:19.700
   us, CLKA:19.700 us,1.000 ns)

WARNING:Simulator:29 - at 19.700 us: Warning: Timing violation in
   /network_proc_full_tb/uut/gpu_instance/ICache/inst/  $recovery( CLKA:19.700
   us, CLKB:19.700 us,1.000 ns)

WARNING:Simulator:29 - at 19.800 us: Warning: Timing violation in
   /network_proc_full_tb/uut/fifo_instance/ram_inst/inst/  $recovery(
   CLKB:19.800 us, CLKA:19.800 us,1.000 ns)

WARNING:Simulator:29 - at 19.800 us: Warning: Timing violation in
   /network_proc_full_tb/uut/fifo_instance/ram_inst/inst/  $recovery(
   CLKA:19.800 us, CLKB:19.800 us,1.000 ns)

WARNING:Simulator:29 - at 19.800 us: Warning: Timing violation in
   /network_proc_full_tb/uut/gpu_instance/ICache/inst/  $recovery( CLKB:19.800
   us, CLKA:19.800 us,1.000 ns)

WARNING:Simulator:29 - at 19.800 us: Warning: Timing violation in
   /network_proc_full_tb/uut/gpu_instance/ICache/inst/  $recovery( CLKA:19.800
   us, CLKB:19.800 us,1.000 ns)

WARNING:Simulator:29 - at 19.900 us: Warning: Timing violation in
   /network_proc_full_tb/uut/fifo_instance/ram_inst/inst/  $recovery(
   CLKB:19.900 us, CLKA:19.900 us,1.000 ns)

WARNING:Simulator:29 - at 19.900 us: Warning: Timing violation in
   /network_proc_full_tb/uut/fifo_instance/ram_inst/inst/  $recovery(
   CLKA:19.900 us, CLKB:19.900 us,1.000 ns)

WARNING:Simulator:29 - at 19.900 us: Warning: Timing violation in
   /network_proc_full_tb/uut/gpu_instance/ICache/inst/  $recovery( CLKB:19.900
   us, CLKA:19.900 us,1.000 ns)

WARNING:Simulator:29 - at 19.900 us: Warning: Timing violation in
   /network_proc_full_tb/uut/gpu_instance/ICache/inst/  $recovery( CLKA:19.900
   us, CLKB:19.900 us,1.000 ns)

WARNING:Simulator:29 - at 20.000 us: Warning: Timing violation in
   /network_proc_full_tb/uut/fifo_instance/ram_inst/inst/  $recovery(
   CLKB:20.000 us, CLKA:20.000 us,1.000 ns)

WARNING:Simulator:29 - at 20.000 us: Warning: Timing violation in
   /network_proc_full_tb/uut/fifo_instance/ram_inst/inst/  $recovery(
   CLKA:20.000 us, CLKB:20.000 us,1.000 ns)

WARNING:Simulator:29 - at 20.000 us: Warning: Timing violation in
   /network_proc_full_tb/uut/gpu_instance/ICache/inst/  $recovery( CLKB:20.000
   us, CLKA:20.000 us,1.000 ns)

WARNING:Simulator:29 - at 20.000 us: Warning: Timing violation in
   /network_proc_full_tb/uut/gpu_instance/ICache/inst/  $recovery( CLKA:20.000
   us, CLKB:20.000 us,1.000 ns)

WARNING:Simulator:29 - at 20.100 us: Warning: Timing violation in
   /network_proc_full_tb/uut/fifo_instance/ram_inst/inst/  $recovery(
   CLKB:20.100 us, CLKA:20.100 us,1.000 ns)

WARNING:Simulator:29 - at 20.100 us: Warning: Timing violation in
   /network_proc_full_tb/uut/fifo_instance/ram_inst/inst/  $recovery(
   CLKA:20.100 us, CLKB:20.100 us,1.000 ns)

WARNING:Simulator:29 - at 20.100 us: Warning: Timing violation in
   /network_proc_full_tb/uut/gpu_instance/ICache/inst/  $recovery( CLKB:20.100
   us, CLKA:20.100 us,1.000 ns)

WARNING:Simulator:29 - at 20.100 us: Warning: Timing violation in
   /network_proc_full_tb/uut/gpu_instance/ICache/inst/  $recovery( CLKA:20.100
   us, CLKB:20.100 us,1.000 ns)

WARNING:Simulator:29 - at 20.200 us: Warning: Timing violation in
   /network_proc_full_tb/uut/fifo_instance/ram_inst/inst/  $recovery(
   CLKB:20.200 us, CLKA:20.200 us,1.000 ns)

WARNING:Simulator:29 - at 20.200 us: Warning: Timing violation in
   /network_proc_full_tb/uut/fifo_instance/ram_inst/inst/  $recovery(
   CLKA:20.200 us, CLKB:20.200 us,1.000 ns)

WARNING:Simulator:29 - at 20.200 us: Warning: Timing violation in
   /network_proc_full_tb/uut/gpu_instance/ICache/inst/  $recovery( CLKB:20.200
   us, CLKA:20.200 us,1.000 ns)

WARNING:Simulator:29 - at 20.200 us: Warning: Timing violation in
   /network_proc_full_tb/uut/gpu_instance/ICache/inst/  $recovery( CLKA:20.200
   us, CLKB:20.200 us,1.000 ns)

WARNING:Simulator:29 - at 20.300 us: Warning: Timing violation in
   /network_proc_full_tb/uut/fifo_instance/ram_inst/inst/  $recovery(
   CLKB:20.300 us, CLKA:20.300 us,1.000 ns)

WARNING:Simulator:29 - at 20.300 us: Warning: Timing violation in
   /network_proc_full_tb/uut/fifo_instance/ram_inst/inst/  $recovery(
   CLKA:20.300 us, CLKB:20.300 us,1.000 ns)

WARNING:Simulator:29 - at 20.300 us: Warning: Timing violation in
   /network_proc_full_tb/uut/gpu_instance/ICache/inst/  $recovery( CLKB:20.300
   us, CLKA:20.300 us,1.000 ns)

WARNING:Simulator:29 - at 20.300 us: Warning: Timing violation in
   /network_proc_full_tb/uut/gpu_instance/ICache/inst/  $recovery( CLKA:20.300
   us, CLKB:20.300 us,1.000 ns)

WARNING:Simulator:29 - at 20.400 us: Warning: Timing violation in
   /network_proc_full_tb/uut/fifo_instance/ram_inst/inst/  $recovery(
   CLKB:20.400 us, CLKA:20.400 us,1.000 ns)

WARNING:Simulator:29 - at 20.400 us: Warning: Timing violation in
   /network_proc_full_tb/uut/fifo_instance/ram_inst/inst/  $recovery(
   CLKA:20.400 us, CLKB:20.400 us,1.000 ns)

WARNING:Simulator:29 - at 20.400 us: Warning: Timing violation in
   /network_proc_full_tb/uut/gpu_instance/ICache/inst/  $recovery( CLKB:20.400
   us, CLKA:20.400 us,1.000 ns)

WARNING:Simulator:29 - at 20.400 us: Warning: Timing violation in
   /network_proc_full_tb/uut/gpu_instance/ICache/inst/  $recovery( CLKA:20.400
   us, CLKB:20.400 us,1.000 ns)

WARNING:Simulator:29 - at 20.500 us: Warning: Timing violation in
   /network_proc_full_tb/uut/fifo_instance/ram_inst/inst/  $recovery(
   CLKB:20.500 us, CLKA:20.500 us,1.000 ns)

WARNING:Simulator:29 - at 20.500 us: Warning: Timing violation in
   /network_proc_full_tb/uut/fifo_instance/ram_inst/inst/  $recovery(
   CLKA:20.500 us, CLKB:20.500 us,1.000 ns)

WARNING:Simulator:29 - at 20.500 us: Warning: Timing violation in
   /network_proc_full_tb/uut/gpu_instance/ICache/inst/  $recovery( CLKB:20.500
   us, CLKA:20.500 us,1.000 ns)

WARNING:Simulator:29 - at 20.500 us: Warning: Timing violation in
   /network_proc_full_tb/uut/gpu_instance/ICache/inst/  $recovery( CLKA:20.500
   us, CLKB:20.500 us,1.000 ns)

WARNING:Simulator:29 - at 20.600 us: Warning: Timing violation in
   /network_proc_full_tb/uut/fifo_instance/ram_inst/inst/  $recovery(
   CLKB:20.600 us, CLKA:20.600 us,1.000 ns)

WARNING:Simulator:29 - at 20.600 us: Warning: Timing violation in
   /network_proc_full_tb/uut/fifo_instance/ram_inst/inst/  $recovery(
   CLKA:20.600 us, CLKB:20.600 us,1.000 ns)

WARNING:Simulator:29 - at 20.600 us: Warning: Timing violation in
   /network_proc_full_tb/uut/gpu_instance/ICache/inst/  $recovery( CLKB:20.600
   us, CLKA:20.600 us,1.000 ns)

WARNING:Simulator:29 - at 20.600 us: Warning: Timing violation in
   /network_proc_full_tb/uut/gpu_instance/ICache/inst/  $recovery( CLKA:20.600
   us, CLKB:20.600 us,1.000 ns)

WARNING:Simulator:29 - at 20.700 us: Warning: Timing violation in
   /network_proc_full_tb/uut/fifo_instance/ram_inst/inst/  $recovery(
   CLKB:20.700 us, CLKA:20.700 us,1.000 ns)

WARNING:Simulator:29 - at 20.700 us: Warning: Timing violation in
   /network_proc_full_tb/uut/fifo_instance/ram_inst/inst/  $recovery(
   CLKA:20.700 us, CLKB:20.700 us,1.000 ns)

WARNING:Simulator:29 - at 20.700 us: Warning: Timing violation in
   /network_proc_full_tb/uut/gpu_instance/ICache/inst/  $recovery( CLKB:20.700
   us, CLKA:20.700 us,1.000 ns)

WARNING:Simulator:29 - at 20.700 us: Warning: Timing violation in
   /network_proc_full_tb/uut/gpu_instance/ICache/inst/  $recovery( CLKA:20.700
   us, CLKB:20.700 us,1.000 ns)

WARNING:Simulator:29 - at 20.800 us: Warning: Timing violation in
   /network_proc_full_tb/uut/fifo_instance/ram_inst/inst/  $recovery(
   CLKB:20.800 us, CLKA:20.800 us,1.000 ns)

WARNING:Simulator:29 - at 20.800 us: Warning: Timing violation in
   /network_proc_full_tb/uut/fifo_instance/ram_inst/inst/  $recovery(
   CLKA:20.800 us, CLKB:20.800 us,1.000 ns)

WARNING:Simulator:29 - at 20.800 us: Warning: Timing violation in
   /network_proc_full_tb/uut/gpu_instance/ICache/inst/  $recovery( CLKB:20.800
   us, CLKA:20.800 us,1.000 ns)

WARNING:Simulator:29 - at 20.800 us: Warning: Timing violation in
   /network_proc_full_tb/uut/gpu_instance/ICache/inst/  $recovery( CLKA:20.800
   us, CLKB:20.800 us,1.000 ns)

WARNING:Simulator:29 - at 20.900 us: Warning: Timing violation in
   /network_proc_full_tb/uut/fifo_instance/ram_inst/inst/  $recovery(
   CLKB:20.900 us, CLKA:20.900 us,1.000 ns)

WARNING:Simulator:29 - at 20.900 us: Warning: Timing violation in
   /network_proc_full_tb/uut/fifo_instance/ram_inst/inst/  $recovery(
   CLKA:20.900 us, CLKB:20.900 us,1.000 ns)

WARNING:Simulator:29 - at 20.900 us: Warning: Timing violation in
   /network_proc_full_tb/uut/gpu_instance/ICache/inst/  $recovery( CLKB:20.900
   us, CLKA:20.900 us,1.000 ns)

WARNING:Simulator:29 - at 20.900 us: Warning: Timing violation in
   /network_proc_full_tb/uut/gpu_instance/ICache/inst/  $recovery( CLKA:20.900
   us, CLKB:20.900 us,1.000 ns)

WARNING:Simulator:29 - at 21.000 us: Warning: Timing violation in
   /network_proc_full_tb/uut/fifo_instance/ram_inst/inst/  $recovery(
   CLKB:21.000 us, CLKA:21.000 us,1.000 ns)

WARNING:Simulator:29 - at 21.000 us: Warning: Timing violation in
   /network_proc_full_tb/uut/fifo_instance/ram_inst/inst/  $recovery(
   CLKA:21.000 us, CLKB:21.000 us,1.000 ns)

WARNING:Simulator:29 - at 21.000 us: Warning: Timing violation in
   /network_proc_full_tb/uut/gpu_instance/ICache/inst/  $recovery( CLKB:21.000
   us, CLKA:21.000 us,1.000 ns)

WARNING:Simulator:29 - at 21.000 us: Warning: Timing violation in
   /network_proc_full_tb/uut/gpu_instance/ICache/inst/  $recovery( CLKA:21.000
   us, CLKB:21.000 us,1.000 ns)

WARNING:Simulator:29 - at 21.100 us: Warning: Timing violation in
   /network_proc_full_tb/uut/fifo_instance/ram_inst/inst/  $recovery(
   CLKB:21.100 us, CLKA:21.100 us,1.000 ns)

WARNING:Simulator:29 - at 21.100 us: Warning: Timing violation in
   /network_proc_full_tb/uut/fifo_instance/ram_inst/inst/  $recovery(
   CLKA:21.100 us, CLKB:21.100 us,1.000 ns)

WARNING:Simulator:29 - at 21.100 us: Warning: Timing violation in
   /network_proc_full_tb/uut/gpu_instance/ICache/inst/  $recovery( CLKB:21.100
   us, CLKA:21.100 us,1.000 ns)

WARNING:Simulator:29 - at 21.100 us: Warning: Timing violation in
   /network_proc_full_tb/uut/gpu_instance/ICache/inst/  $recovery( CLKA:21.100
   us, CLKB:21.100 us,1.000 ns)

WARNING:Simulator:29 - at 21.200 us: Warning: Timing violation in
   /network_proc_full_tb/uut/fifo_instance/ram_inst/inst/  $recovery(
   CLKB:21.200 us, CLKA:21.200 us,1.000 ns)

WARNING:Simulator:29 - at 21.200 us: Warning: Timing violation in
   /network_proc_full_tb/uut/fifo_instance/ram_inst/inst/  $recovery(
   CLKA:21.200 us, CLKB:21.200 us,1.000 ns)

WARNING:Simulator:29 - at 21.200 us: Warning: Timing violation in
   /network_proc_full_tb/uut/gpu_instance/ICache/inst/  $recovery( CLKB:21.200
   us, CLKA:21.200 us,1.000 ns)

WARNING:Simulator:29 - at 21.200 us: Warning: Timing violation in
   /network_proc_full_tb/uut/gpu_instance/ICache/inst/  $recovery( CLKA:21.200
   us, CLKB:21.200 us,1.000 ns)

WARNING:Simulator:29 - at 21.300 us: Warning: Timing violation in
   /network_proc_full_tb/uut/fifo_instance/ram_inst/inst/  $recovery(
   CLKB:21.300 us, CLKA:21.300 us,1.000 ns)

WARNING:Simulator:29 - at 21.300 us: Warning: Timing violation in
   /network_proc_full_tb/uut/fifo_instance/ram_inst/inst/  $recovery(
   CLKA:21.300 us, CLKB:21.300 us,1.000 ns)

WARNING:Simulator:29 - at 21.300 us: Warning: Timing violation in
   /network_proc_full_tb/uut/gpu_instance/ICache/inst/  $recovery( CLKB:21.300
   us, CLKA:21.300 us,1.000 ns)

WARNING:Simulator:29 - at 21.300 us: Warning: Timing violation in
   /network_proc_full_tb/uut/gpu_instance/ICache/inst/  $recovery( CLKA:21.300
   us, CLKB:21.300 us,1.000 ns)

WARNING:Simulator:29 - at 21.400 us: Warning: Timing violation in
   /network_proc_full_tb/uut/fifo_instance/ram_inst/inst/  $recovery(
   CLKB:21.400 us, CLKA:21.400 us,1.000 ns)

WARNING:Simulator:29 - at 21.400 us: Warning: Timing violation in
   /network_proc_full_tb/uut/fifo_instance/ram_inst/inst/  $recovery(
   CLKA:21.400 us, CLKB:21.400 us,1.000 ns)

WARNING:Simulator:29 - at 21.400 us: Warning: Timing violation in
   /network_proc_full_tb/uut/gpu_instance/ICache/inst/  $recovery( CLKB:21.400
   us, CLKA:21.400 us,1.000 ns)

WARNING:Simulator:29 - at 21.400 us: Warning: Timing violation in
   /network_proc_full_tb/uut/gpu_instance/ICache/inst/  $recovery( CLKA:21.400
   us, CLKB:21.400 us,1.000 ns)

WARNING:Simulator:29 - at 21.500 us: Warning: Timing violation in
   /network_proc_full_tb/uut/fifo_instance/ram_inst/inst/  $recovery(
   CLKB:21.500 us, CLKA:21.500 us,1.000 ns)

WARNING:Simulator:29 - at 21.500 us: Warning: Timing violation in
   /network_proc_full_tb/uut/fifo_instance/ram_inst/inst/  $recovery(
   CLKA:21.500 us, CLKB:21.500 us,1.000 ns)

WARNING:Simulator:29 - at 21.500 us: Warning: Timing violation in
   /network_proc_full_tb/uut/gpu_instance/ICache/inst/  $recovery( CLKB:21.500
   us, CLKA:21.500 us,1.000 ns)

WARNING:Simulator:29 - at 21.500 us: Warning: Timing violation in
   /network_proc_full_tb/uut/gpu_instance/ICache/inst/  $recovery( CLKA:21.500
   us, CLKB:21.500 us,1.000 ns)

WARNING:Simulator:29 - at 21.600 us: Warning: Timing violation in
   /network_proc_full_tb/uut/fifo_instance/ram_inst/inst/  $recovery(
   CLKB:21.600 us, CLKA:21.600 us,1.000 ns)

WARNING:Simulator:29 - at 21.600 us: Warning: Timing violation in
   /network_proc_full_tb/uut/fifo_instance/ram_inst/inst/  $recovery(
   CLKA:21.600 us, CLKB:21.600 us,1.000 ns)

WARNING:Simulator:29 - at 21.600 us: Warning: Timing violation in
   /network_proc_full_tb/uut/gpu_instance/ICache/inst/  $recovery( CLKB:21.600
   us, CLKA:21.600 us,1.000 ns)

WARNING:Simulator:29 - at 21.600 us: Warning: Timing violation in
   /network_proc_full_tb/uut/gpu_instance/ICache/inst/  $recovery( CLKA:21.600
   us, CLKB:21.600 us,1.000 ns)

WARNING:Simulator:29 - at 21.700 us: Warning: Timing violation in
   /network_proc_full_tb/uut/fifo_instance/ram_inst/inst/  $recovery(
   CLKB:21.700 us, CLKA:21.700 us,1.000 ns)

WARNING:Simulator:29 - at 21.700 us: Warning: Timing violation in
   /network_proc_full_tb/uut/fifo_instance/ram_inst/inst/  $recovery(
   CLKA:21.700 us, CLKB:21.700 us,1.000 ns)

WARNING:Simulator:29 - at 21.700 us: Warning: Timing violation in
   /network_proc_full_tb/uut/gpu_instance/ICache/inst/  $recovery( CLKB:21.700
   us, CLKA:21.700 us,1.000 ns)

WARNING:Simulator:29 - at 21.700 us: Warning: Timing violation in
   /network_proc_full_tb/uut/gpu_instance/ICache/inst/  $recovery( CLKA:21.700
   us, CLKB:21.700 us,1.000 ns)

WARNING:Simulator:29 - at 21.800 us: Warning: Timing violation in
   /network_proc_full_tb/uut/fifo_instance/ram_inst/inst/  $recovery(
   CLKB:21.800 us, CLKA:21.800 us,1.000 ns)

WARNING:Simulator:29 - at 21.800 us: Warning: Timing violation in
   /network_proc_full_tb/uut/fifo_instance/ram_inst/inst/  $recovery(
   CLKA:21.800 us, CLKB:21.800 us,1.000 ns)

WARNING:Simulator:29 - at 21.800 us: Warning: Timing violation in
   /network_proc_full_tb/uut/gpu_instance/ICache/inst/  $recovery( CLKB:21.800
   us, CLKA:21.800 us,1.000 ns)

WARNING:Simulator:29 - at 21.800 us: Warning: Timing violation in
   /network_proc_full_tb/uut/gpu_instance/ICache/inst/  $recovery( CLKA:21.800
   us, CLKB:21.800 us,1.000 ns)

WARNING:Simulator:29 - at 21.900 us: Warning: Timing violation in
   /network_proc_full_tb/uut/fifo_instance/ram_inst/inst/  $recovery(
   CLKB:21.900 us, CLKA:21.900 us,1.000 ns)

WARNING:Simulator:29 - at 21.900 us: Warning: Timing violation in
   /network_proc_full_tb/uut/fifo_instance/ram_inst/inst/  $recovery(
   CLKA:21.900 us, CLKB:21.900 us,1.000 ns)

WARNING:Simulator:29 - at 21.900 us: Warning: Timing violation in
   /network_proc_full_tb/uut/gpu_instance/ICache/inst/  $recovery( CLKB:21.900
   us, CLKA:21.900 us,1.000 ns)

WARNING:Simulator:29 - at 21.900 us: Warning: Timing violation in
   /network_proc_full_tb/uut/gpu_instance/ICache/inst/  $recovery( CLKA:21.900
   us, CLKB:21.900 us,1.000 ns)

WARNING:Simulator:29 - at 22.000 us: Warning: Timing violation in
   /network_proc_full_tb/uut/fifo_instance/ram_inst/inst/  $recovery(
   CLKB:22.000 us, CLKA:22.000 us,1.000 ns)

WARNING:Simulator:29 - at 22.000 us: Warning: Timing violation in
   /network_proc_full_tb/uut/fifo_instance/ram_inst/inst/  $recovery(
   CLKA:22.000 us, CLKB:22.000 us,1.000 ns)

WARNING:Simulator:29 - at 22.000 us: Warning: Timing violation in
   /network_proc_full_tb/uut/gpu_instance/ICache/inst/  $recovery( CLKB:22.000
   us, CLKA:22.000 us,1.000 ns)

WARNING:Simulator:29 - at 22.000 us: Warning: Timing violation in
   /network_proc_full_tb/uut/gpu_instance/ICache/inst/  $recovery( CLKA:22.000
   us, CLKB:22.000 us,1.000 ns)

WARNING:Simulator:29 - at 22.100 us: Warning: Timing violation in
   /network_proc_full_tb/uut/fifo_instance/ram_inst/inst/  $recovery(
   CLKB:22.100 us, CLKA:22.100 us,1.000 ns)

WARNING:Simulator:29 - at 22.100 us: Warning: Timing violation in
   /network_proc_full_tb/uut/fifo_instance/ram_inst/inst/  $recovery(
   CLKA:22.100 us, CLKB:22.100 us,1.000 ns)

WARNING:Simulator:29 - at 22.100 us: Warning: Timing violation in
   /network_proc_full_tb/uut/gpu_instance/ICache/inst/  $recovery( CLKB:22.100
   us, CLKA:22.100 us,1.000 ns)

WARNING:Simulator:29 - at 22.100 us: Warning: Timing violation in
   /network_proc_full_tb/uut/gpu_instance/ICache/inst/  $recovery( CLKA:22.100
   us, CLKB:22.100 us,1.000 ns)

WARNING:Simulator:29 - at 22.200 us: Warning: Timing violation in
   /network_proc_full_tb/uut/fifo_instance/ram_inst/inst/  $recovery(
   CLKB:22.200 us, CLKA:22.200 us,1.000 ns)

WARNING:Simulator:29 - at 22.200 us: Warning: Timing violation in
   /network_proc_full_tb/uut/fifo_instance/ram_inst/inst/  $recovery(
   CLKA:22.200 us, CLKB:22.200 us,1.000 ns)

WARNING:Simulator:29 - at 22.200 us: Warning: Timing violation in
   /network_proc_full_tb/uut/gpu_instance/ICache/inst/  $recovery( CLKB:22.200
   us, CLKA:22.200 us,1.000 ns)

WARNING:Simulator:29 - at 22.200 us: Warning: Timing violation in
   /network_proc_full_tb/uut/gpu_instance/ICache/inst/  $recovery( CLKA:22.200
   us, CLKB:22.200 us,1.000 ns)

WARNING:Simulator:29 - at 22.300 us: Warning: Timing violation in
   /network_proc_full_tb/uut/fifo_instance/ram_inst/inst/  $recovery(
   CLKB:22.300 us, CLKA:22.300 us,1.000 ns)

WARNING:Simulator:29 - at 22.300 us: Warning: Timing violation in
   /network_proc_full_tb/uut/fifo_instance/ram_inst/inst/  $recovery(
   CLKA:22.300 us, CLKB:22.300 us,1.000 ns)

WARNING:Simulator:29 - at 22.300 us: Warning: Timing violation in
   /network_proc_full_tb/uut/gpu_instance/ICache/inst/  $recovery( CLKB:22.300
   us, CLKA:22.300 us,1.000 ns)

WARNING:Simulator:29 - at 22.300 us: Warning: Timing violation in
   /network_proc_full_tb/uut/gpu_instance/ICache/inst/  $recovery( CLKA:22.300
   us, CLKB:22.300 us,1.000 ns)

WARNING:Simulator:29 - at 22.400 us: Warning: Timing violation in
   /network_proc_full_tb/uut/fifo_instance/ram_inst/inst/  $recovery(
   CLKB:22.400 us, CLKA:22.400 us,1.000 ns)

WARNING:Simulator:29 - at 22.400 us: Warning: Timing violation in
   /network_proc_full_tb/uut/fifo_instance/ram_inst/inst/  $recovery(
   CLKA:22.400 us, CLKB:22.400 us,1.000 ns)

WARNING:Simulator:29 - at 22.400 us: Warning: Timing violation in
   /network_proc_full_tb/uut/gpu_instance/ICache/inst/  $recovery( CLKB:22.400
   us, CLKA:22.400 us,1.000 ns)

WARNING:Simulator:29 - at 22.400 us: Warning: Timing violation in
   /network_proc_full_tb/uut/gpu_instance/ICache/inst/  $recovery( CLKA:22.400
   us, CLKB:22.400 us,1.000 ns)

WARNING:Simulator:29 - at 22.500 us: Warning: Timing violation in
   /network_proc_full_tb/uut/fifo_instance/ram_inst/inst/  $recovery(
   CLKB:22.500 us, CLKA:22.500 us,1.000 ns)

WARNING:Simulator:29 - at 22.500 us: Warning: Timing violation in
   /network_proc_full_tb/uut/fifo_instance/ram_inst/inst/  $recovery(
   CLKA:22.500 us, CLKB:22.500 us,1.000 ns)

WARNING:Simulator:29 - at 22.500 us: Warning: Timing violation in
   /network_proc_full_tb/uut/gpu_instance/ICache/inst/  $recovery( CLKB:22.500
   us, CLKA:22.500 us,1.000 ns)

WARNING:Simulator:29 - at 22.500 us: Warning: Timing violation in
   /network_proc_full_tb/uut/gpu_instance/ICache/inst/  $recovery( CLKA:22.500
   us, CLKB:22.500 us,1.000 ns)

WARNING:Simulator:29 - at 22.600 us: Warning: Timing violation in
   /network_proc_full_tb/uut/fifo_instance/ram_inst/inst/  $recovery(
   CLKB:22.600 us, CLKA:22.600 us,1.000 ns)

WARNING:Simulator:29 - at 22.600 us: Warning: Timing violation in
   /network_proc_full_tb/uut/fifo_instance/ram_inst/inst/  $recovery(
   CLKA:22.600 us, CLKB:22.600 us,1.000 ns)

WARNING:Simulator:29 - at 22.600 us: Warning: Timing violation in
   /network_proc_full_tb/uut/gpu_instance/ICache/inst/  $recovery( CLKB:22.600
   us, CLKA:22.600 us,1.000 ns)

WARNING:Simulator:29 - at 22.600 us: Warning: Timing violation in
   /network_proc_full_tb/uut/gpu_instance/ICache/inst/  $recovery( CLKA:22.600
   us, CLKB:22.600 us,1.000 ns)

WARNING:Simulator:29 - at 22.700 us: Warning: Timing violation in
   /network_proc_full_tb/uut/fifo_instance/ram_inst/inst/  $recovery(
   CLKB:22.700 us, CLKA:22.700 us,1.000 ns)

WARNING:Simulator:29 - at 22.700 us: Warning: Timing violation in
   /network_proc_full_tb/uut/fifo_instance/ram_inst/inst/  $recovery(
   CLKA:22.700 us, CLKB:22.700 us,1.000 ns)

WARNING:Simulator:29 - at 22.700 us: Warning: Timing violation in
   /network_proc_full_tb/uut/gpu_instance/ICache/inst/  $recovery( CLKB:22.700
   us, CLKA:22.700 us,1.000 ns)

WARNING:Simulator:29 - at 22.700 us: Warning: Timing violation in
   /network_proc_full_tb/uut/gpu_instance/ICache/inst/  $recovery( CLKA:22.700
   us, CLKB:22.700 us,1.000 ns)

WARNING:Simulator:29 - at 22.800 us: Warning: Timing violation in
   /network_proc_full_tb/uut/fifo_instance/ram_inst/inst/  $recovery(
   CLKB:22.800 us, CLKA:22.800 us,1.000 ns)

WARNING:Simulator:29 - at 22.800 us: Warning: Timing violation in
   /network_proc_full_tb/uut/fifo_instance/ram_inst/inst/  $recovery(
   CLKA:22.800 us, CLKB:22.800 us,1.000 ns)

WARNING:Simulator:29 - at 22.800 us: Warning: Timing violation in
   /network_proc_full_tb/uut/gpu_instance/ICache/inst/  $recovery( CLKB:22.800
   us, CLKA:22.800 us,1.000 ns)

WARNING:Simulator:29 - at 22.800 us: Warning: Timing violation in
   /network_proc_full_tb/uut/gpu_instance/ICache/inst/  $recovery( CLKA:22.800
   us, CLKB:22.800 us,1.000 ns)

WARNING:Simulator:29 - at 22.900 us: Warning: Timing violation in
   /network_proc_full_tb/uut/fifo_instance/ram_inst/inst/  $recovery(
   CLKB:22.900 us, CLKA:22.900 us,1.000 ns)

WARNING:Simulator:29 - at 22.900 us: Warning: Timing violation in
   /network_proc_full_tb/uut/fifo_instance/ram_inst/inst/  $recovery(
   CLKA:22.900 us, CLKB:22.900 us,1.000 ns)

WARNING:Simulator:29 - at 22.900 us: Warning: Timing violation in
   /network_proc_full_tb/uut/gpu_instance/ICache/inst/  $recovery( CLKB:22.900
   us, CLKA:22.900 us,1.000 ns)

WARNING:Simulator:29 - at 22.900 us: Warning: Timing violation in
   /network_proc_full_tb/uut/gpu_instance/ICache/inst/  $recovery( CLKA:22.900
   us, CLKB:22.900 us,1.000 ns)

WARNING:Simulator:29 - at 23.000 us: Warning: Timing violation in
   /network_proc_full_tb/uut/fifo_instance/ram_inst/inst/  $recovery(
   CLKB:23.000 us, CLKA:23.000 us,1.000 ns)

WARNING:Simulator:29 - at 23.000 us: Warning: Timing violation in
   /network_proc_full_tb/uut/fifo_instance/ram_inst/inst/  $recovery(
   CLKA:23.000 us, CLKB:23.000 us,1.000 ns)

WARNING:Simulator:29 - at 23.000 us: Warning: Timing violation in
   /network_proc_full_tb/uut/gpu_instance/ICache/inst/  $recovery( CLKB:23.000
   us, CLKA:23.000 us,1.000 ns)

WARNING:Simulator:29 - at 23.000 us: Warning: Timing violation in
   /network_proc_full_tb/uut/gpu_instance/ICache/inst/  $recovery( CLKA:23.000
   us, CLKB:23.000 us,1.000 ns)

WARNING:Simulator:29 - at 23.100 us: Warning: Timing violation in
   /network_proc_full_tb/uut/fifo_instance/ram_inst/inst/  $recovery(
   CLKB:23.100 us, CLKA:23.100 us,1.000 ns)

WARNING:Simulator:29 - at 23.100 us: Warning: Timing violation in
   /network_proc_full_tb/uut/fifo_instance/ram_inst/inst/  $recovery(
   CLKA:23.100 us, CLKB:23.100 us,1.000 ns)

WARNING:Simulator:29 - at 23.100 us: Warning: Timing violation in
   /network_proc_full_tb/uut/gpu_instance/ICache/inst/  $recovery( CLKB:23.100
   us, CLKA:23.100 us,1.000 ns)

WARNING:Simulator:29 - at 23.100 us: Warning: Timing violation in
   /network_proc_full_tb/uut/gpu_instance/ICache/inst/  $recovery( CLKA:23.100
   us, CLKB:23.100 us,1.000 ns)

WARNING:Simulator:29 - at 23.200 us: Warning: Timing violation in
   /network_proc_full_tb/uut/fifo_instance/ram_inst/inst/  $recovery(
   CLKB:23.200 us, CLKA:23.200 us,1.000 ns)

WARNING:Simulator:29 - at 23.200 us: Warning: Timing violation in
   /network_proc_full_tb/uut/fifo_instance/ram_inst/inst/  $recovery(
   CLKA:23.200 us, CLKB:23.200 us,1.000 ns)

WARNING:Simulator:29 - at 23.200 us: Warning: Timing violation in
   /network_proc_full_tb/uut/gpu_instance/ICache/inst/  $recovery( CLKB:23.200
   us, CLKA:23.200 us,1.000 ns)

WARNING:Simulator:29 - at 23.200 us: Warning: Timing violation in
   /network_proc_full_tb/uut/gpu_instance/ICache/inst/  $recovery( CLKA:23.200
   us, CLKB:23.200 us,1.000 ns)

WARNING:Simulator:29 - at 23.300 us: Warning: Timing violation in
   /network_proc_full_tb/uut/fifo_instance/ram_inst/inst/  $recovery(
   CLKB:23.300 us, CLKA:23.300 us,1.000 ns)

WARNING:Simulator:29 - at 23.300 us: Warning: Timing violation in
   /network_proc_full_tb/uut/fifo_instance/ram_inst/inst/  $recovery(
   CLKA:23.300 us, CLKB:23.300 us,1.000 ns)

WARNING:Simulator:29 - at 23.300 us: Warning: Timing violation in
   /network_proc_full_tb/uut/gpu_instance/ICache/inst/  $recovery( CLKB:23.300
   us, CLKA:23.300 us,1.000 ns)

WARNING:Simulator:29 - at 23.300 us: Warning: Timing violation in
   /network_proc_full_tb/uut/gpu_instance/ICache/inst/  $recovery( CLKA:23.300
   us, CLKB:23.300 us,1.000 ns)

WARNING:Simulator:29 - at 23.400 us: Warning: Timing violation in
   /network_proc_full_tb/uut/fifo_instance/ram_inst/inst/  $recovery(
   CLKB:23.400 us, CLKA:23.400 us,1.000 ns)

WARNING:Simulator:29 - at 23.400 us: Warning: Timing violation in
   /network_proc_full_tb/uut/fifo_instance/ram_inst/inst/  $recovery(
   CLKA:23.400 us, CLKB:23.400 us,1.000 ns)

WARNING:Simulator:29 - at 23.400 us: Warning: Timing violation in
   /network_proc_full_tb/uut/gpu_instance/ICache/inst/  $recovery( CLKB:23.400
   us, CLKA:23.400 us,1.000 ns)

WARNING:Simulator:29 - at 23.400 us: Warning: Timing violation in
   /network_proc_full_tb/uut/gpu_instance/ICache/inst/  $recovery( CLKA:23.400
   us, CLKB:23.400 us,1.000 ns)

WARNING:Simulator:29 - at 23.500 us: Warning: Timing violation in
   /network_proc_full_tb/uut/fifo_instance/ram_inst/inst/  $recovery(
   CLKB:23.500 us, CLKA:23.500 us,1.000 ns)

WARNING:Simulator:29 - at 23.500 us: Warning: Timing violation in
   /network_proc_full_tb/uut/fifo_instance/ram_inst/inst/  $recovery(
   CLKA:23.500 us, CLKB:23.500 us,1.000 ns)

WARNING:Simulator:29 - at 23.500 us: Warning: Timing violation in
   /network_proc_full_tb/uut/gpu_instance/ICache/inst/  $recovery( CLKB:23.500
   us, CLKA:23.500 us,1.000 ns)

WARNING:Simulator:29 - at 23.500 us: Warning: Timing violation in
   /network_proc_full_tb/uut/gpu_instance/ICache/inst/  $recovery( CLKA:23.500
   us, CLKB:23.500 us,1.000 ns)

WARNING:Simulator:29 - at 23.600 us: Warning: Timing violation in
   /network_proc_full_tb/uut/fifo_instance/ram_inst/inst/  $recovery(
   CLKB:23.600 us, CLKA:23.600 us,1.000 ns)

WARNING:Simulator:29 - at 23.600 us: Warning: Timing violation in
   /network_proc_full_tb/uut/fifo_instance/ram_inst/inst/  $recovery(
   CLKA:23.600 us, CLKB:23.600 us,1.000 ns)

WARNING:Simulator:29 - at 23.600 us: Warning: Timing violation in
   /network_proc_full_tb/uut/gpu_instance/ICache/inst/  $recovery( CLKB:23.600
   us, CLKA:23.600 us,1.000 ns)

WARNING:Simulator:29 - at 23.600 us: Warning: Timing violation in
   /network_proc_full_tb/uut/gpu_instance/ICache/inst/  $recovery( CLKA:23.600
   us, CLKB:23.600 us,1.000 ns)

WARNING:Simulator:29 - at 23.700 us: Warning: Timing violation in
   /network_proc_full_tb/uut/fifo_instance/ram_inst/inst/  $recovery(
   CLKB:23.700 us, CLKA:23.700 us,1.000 ns)

WARNING:Simulator:29 - at 23.700 us: Warning: Timing violation in
   /network_proc_full_tb/uut/fifo_instance/ram_inst/inst/  $recovery(
   CLKA:23.700 us, CLKB:23.700 us,1.000 ns)

WARNING:Simulator:29 - at 23.700 us: Warning: Timing violation in
   /network_proc_full_tb/uut/gpu_instance/ICache/inst/  $recovery( CLKB:23.700
   us, CLKA:23.700 us,1.000 ns)

WARNING:Simulator:29 - at 23.700 us: Warning: Timing violation in
   /network_proc_full_tb/uut/gpu_instance/ICache/inst/  $recovery( CLKA:23.700
   us, CLKB:23.700 us,1.000 ns)

WARNING:Simulator:29 - at 23.800 us: Warning: Timing violation in
   /network_proc_full_tb/uut/fifo_instance/ram_inst/inst/  $recovery(
   CLKB:23.800 us, CLKA:23.800 us,1.000 ns)

WARNING:Simulator:29 - at 23.800 us: Warning: Timing violation in
   /network_proc_full_tb/uut/fifo_instance/ram_inst/inst/  $recovery(
   CLKA:23.800 us, CLKB:23.800 us,1.000 ns)

WARNING:Simulator:29 - at 23.800 us: Warning: Timing violation in
   /network_proc_full_tb/uut/gpu_instance/ICache/inst/  $recovery( CLKB:23.800
   us, CLKA:23.800 us,1.000 ns)

WARNING:Simulator:29 - at 23.800 us: Warning: Timing violation in
   /network_proc_full_tb/uut/gpu_instance/ICache/inst/  $recovery( CLKA:23.800
   us, CLKB:23.800 us,1.000 ns)

WARNING:Simulator:29 - at 23.900 us: Warning: Timing violation in
   /network_proc_full_tb/uut/fifo_instance/ram_inst/inst/  $recovery(
   CLKB:23.900 us, CLKA:23.900 us,1.000 ns)

WARNING:Simulator:29 - at 23.900 us: Warning: Timing violation in
   /network_proc_full_tb/uut/fifo_instance/ram_inst/inst/  $recovery(
   CLKA:23.900 us, CLKB:23.900 us,1.000 ns)

WARNING:Simulator:29 - at 23.900 us: Warning: Timing violation in
   /network_proc_full_tb/uut/gpu_instance/ICache/inst/  $recovery( CLKB:23.900
   us, CLKA:23.900 us,1.000 ns)

WARNING:Simulator:29 - at 23.900 us: Warning: Timing violation in
   /network_proc_full_tb/uut/gpu_instance/ICache/inst/  $recovery( CLKA:23.900
   us, CLKB:23.900 us,1.000 ns)

WARNING:Simulator:29 - at 24.000 us: Warning: Timing violation in
   /network_proc_full_tb/uut/fifo_instance/ram_inst/inst/  $recovery(
   CLKB:24.000 us, CLKA:24.000 us,1.000 ns)

WARNING:Simulator:29 - at 24.000 us: Warning: Timing violation in
   /network_proc_full_tb/uut/fifo_instance/ram_inst/inst/  $recovery(
   CLKA:24.000 us, CLKB:24.000 us,1.000 ns)

WARNING:Simulator:29 - at 24.000 us: Warning: Timing violation in
   /network_proc_full_tb/uut/gpu_instance/ICache/inst/  $recovery( CLKB:24.000
   us, CLKA:24.000 us,1.000 ns)

WARNING:Simulator:29 - at 24.000 us: Warning: Timing violation in
   /network_proc_full_tb/uut/gpu_instance/ICache/inst/  $recovery( CLKA:24.000
   us, CLKB:24.000 us,1.000 ns)

WARNING:Simulator:29 - at 24.100 us: Warning: Timing violation in
   /network_proc_full_tb/uut/fifo_instance/ram_inst/inst/  $recovery(
   CLKB:24.100 us, CLKA:24.100 us,1.000 ns)

WARNING:Simulator:29 - at 24.100 us: Warning: Timing violation in
   /network_proc_full_tb/uut/fifo_instance/ram_inst/inst/  $recovery(
   CLKA:24.100 us, CLKB:24.100 us,1.000 ns)

WARNING:Simulator:29 - at 24.100 us: Warning: Timing violation in
   /network_proc_full_tb/uut/gpu_instance/ICache/inst/  $recovery( CLKB:24.100
   us, CLKA:24.100 us,1.000 ns)

WARNING:Simulator:29 - at 24.100 us: Warning: Timing violation in
   /network_proc_full_tb/uut/gpu_instance/ICache/inst/  $recovery( CLKA:24.100
   us, CLKB:24.100 us,1.000 ns)

WARNING:Simulator:29 - at 24.200 us: Warning: Timing violation in
   /network_proc_full_tb/uut/fifo_instance/ram_inst/inst/  $recovery(
   CLKB:24.200 us, CLKA:24.200 us,1.000 ns)

WARNING:Simulator:29 - at 24.200 us: Warning: Timing violation in
   /network_proc_full_tb/uut/fifo_instance/ram_inst/inst/  $recovery(
   CLKA:24.200 us, CLKB:24.200 us,1.000 ns)

WARNING:Simulator:29 - at 24.200 us: Warning: Timing violation in
   /network_proc_full_tb/uut/gpu_instance/ICache/inst/  $recovery( CLKB:24.200
   us, CLKA:24.200 us,1.000 ns)

WARNING:Simulator:29 - at 24.200 us: Warning: Timing violation in
   /network_proc_full_tb/uut/gpu_instance/ICache/inst/  $recovery( CLKA:24.200
   us, CLKB:24.200 us,1.000 ns)

WARNING:Simulator:29 - at 24.300 us: Warning: Timing violation in
   /network_proc_full_tb/uut/fifo_instance/ram_inst/inst/  $recovery(
   CLKB:24.300 us, CLKA:24.300 us,1.000 ns)

WARNING:Simulator:29 - at 24.300 us: Warning: Timing violation in
   /network_proc_full_tb/uut/fifo_instance/ram_inst/inst/  $recovery(
   CLKA:24.300 us, CLKB:24.300 us,1.000 ns)

WARNING:Simulator:29 - at 24.300 us: Warning: Timing violation in
   /network_proc_full_tb/uut/gpu_instance/ICache/inst/  $recovery( CLKB:24.300
   us, CLKA:24.300 us,1.000 ns)

WARNING:Simulator:29 - at 24.300 us: Warning: Timing violation in
   /network_proc_full_tb/uut/gpu_instance/ICache/inst/  $recovery( CLKA:24.300
   us, CLKB:24.300 us,1.000 ns)

WARNING:Simulator:29 - at 24.400 us: Warning: Timing violation in
   /network_proc_full_tb/uut/fifo_instance/ram_inst/inst/  $recovery(
   CLKB:24.400 us, CLKA:24.400 us,1.000 ns)

WARNING:Simulator:29 - at 24.400 us: Warning: Timing violation in
   /network_proc_full_tb/uut/fifo_instance/ram_inst/inst/  $recovery(
   CLKA:24.400 us, CLKB:24.400 us,1.000 ns)

WARNING:Simulator:29 - at 24.400 us: Warning: Timing violation in
   /network_proc_full_tb/uut/gpu_instance/ICache/inst/  $recovery( CLKB:24.400
   us, CLKA:24.400 us,1.000 ns)

WARNING:Simulator:29 - at 24.400 us: Warning: Timing violation in
   /network_proc_full_tb/uut/gpu_instance/ICache/inst/  $recovery( CLKA:24.400
   us, CLKB:24.400 us,1.000 ns)

WARNING:Simulator:29 - at 24.500 us: Warning: Timing violation in
   /network_proc_full_tb/uut/fifo_instance/ram_inst/inst/  $recovery(
   CLKB:24.500 us, CLKA:24.500 us,1.000 ns)

WARNING:Simulator:29 - at 24.500 us: Warning: Timing violation in
   /network_proc_full_tb/uut/fifo_instance/ram_inst/inst/  $recovery(
   CLKA:24.500 us, CLKB:24.500 us,1.000 ns)

WARNING:Simulator:29 - at 24.500 us: Warning: Timing violation in
   /network_proc_full_tb/uut/gpu_instance/ICache/inst/  $recovery( CLKB:24.500
   us, CLKA:24.500 us,1.000 ns)

WARNING:Simulator:29 - at 24.500 us: Warning: Timing violation in
   /network_proc_full_tb/uut/gpu_instance/ICache/inst/  $recovery( CLKA:24.500
   us, CLKB:24.500 us,1.000 ns)

WARNING:Simulator:29 - at 24.600 us: Warning: Timing violation in
   /network_proc_full_tb/uut/fifo_instance/ram_inst/inst/  $recovery(
   CLKB:24.600 us, CLKA:24.600 us,1.000 ns)

WARNING:Simulator:29 - at 24.600 us: Warning: Timing violation in
   /network_proc_full_tb/uut/fifo_instance/ram_inst/inst/  $recovery(
   CLKA:24.600 us, CLKB:24.600 us,1.000 ns)

WARNING:Simulator:29 - at 24.600 us: Warning: Timing violation in
   /network_proc_full_tb/uut/gpu_instance/ICache/inst/  $recovery( CLKB:24.600
   us, CLKA:24.600 us,1.000 ns)

WARNING:Simulator:29 - at 24.600 us: Warning: Timing violation in
   /network_proc_full_tb/uut/gpu_instance/ICache/inst/  $recovery( CLKA:24.600
   us, CLKB:24.600 us,1.000 ns)

WARNING:Simulator:29 - at 24.700 us: Warning: Timing violation in
   /network_proc_full_tb/uut/fifo_instance/ram_inst/inst/  $recovery(
   CLKB:24.700 us, CLKA:24.700 us,1.000 ns)

WARNING:Simulator:29 - at 24.700 us: Warning: Timing violation in
   /network_proc_full_tb/uut/fifo_instance/ram_inst/inst/  $recovery(
   CLKA:24.700 us, CLKB:24.700 us,1.000 ns)

WARNING:Simulator:29 - at 24.700 us: Warning: Timing violation in
   /network_proc_full_tb/uut/gpu_instance/ICache/inst/  $recovery( CLKB:24.700
   us, CLKA:24.700 us,1.000 ns)

WARNING:Simulator:29 - at 24.700 us: Warning: Timing violation in
   /network_proc_full_tb/uut/gpu_instance/ICache/inst/  $recovery( CLKA:24.700
   us, CLKB:24.700 us,1.000 ns)

WARNING:Simulator:29 - at 24.800 us: Warning: Timing violation in
   /network_proc_full_tb/uut/fifo_instance/ram_inst/inst/  $recovery(
   CLKB:24.800 us, CLKA:24.800 us,1.000 ns)

WARNING:Simulator:29 - at 24.800 us: Warning: Timing violation in
   /network_proc_full_tb/uut/fifo_instance/ram_inst/inst/  $recovery(
   CLKA:24.800 us, CLKB:24.800 us,1.000 ns)

WARNING:Simulator:29 - at 24.800 us: Warning: Timing violation in
   /network_proc_full_tb/uut/gpu_instance/ICache/inst/  $recovery( CLKB:24.800
   us, CLKA:24.800 us,1.000 ns)

WARNING:Simulator:29 - at 24.800 us: Warning: Timing violation in
   /network_proc_full_tb/uut/gpu_instance/ICache/inst/  $recovery( CLKA:24.800
   us, CLKB:24.800 us,1.000 ns)

WARNING:Simulator:29 - at 24.900 us: Warning: Timing violation in
   /network_proc_full_tb/uut/fifo_instance/ram_inst/inst/  $recovery(
   CLKB:24.900 us, CLKA:24.900 us,1.000 ns)

WARNING:Simulator:29 - at 24.900 us: Warning: Timing violation in
   /network_proc_full_tb/uut/fifo_instance/ram_inst/inst/  $recovery(
   CLKA:24.900 us, CLKB:24.900 us,1.000 ns)

WARNING:Simulator:29 - at 24.900 us: Warning: Timing violation in
   /network_proc_full_tb/uut/gpu_instance/ICache/inst/  $recovery( CLKB:24.900
   us, CLKA:24.900 us,1.000 ns)

WARNING:Simulator:29 - at 24.900 us: Warning: Timing violation in
   /network_proc_full_tb/uut/gpu_instance/ICache/inst/  $recovery( CLKA:24.900
   us, CLKB:24.900 us,1.000 ns)

WARNING:Simulator:29 - at 25.000 us: Warning: Timing violation in
   /network_proc_full_tb/uut/fifo_instance/ram_inst/inst/  $recovery(
   CLKB:25.000 us, CLKA:25.000 us,1.000 ns)

WARNING:Simulator:29 - at 25.000 us: Warning: Timing violation in
   /network_proc_full_tb/uut/fifo_instance/ram_inst/inst/  $recovery(
   CLKA:25.000 us, CLKB:25.000 us,1.000 ns)

WARNING:Simulator:29 - at 25.000 us: Warning: Timing violation in
   /network_proc_full_tb/uut/gpu_instance/ICache/inst/  $recovery( CLKB:25.000
   us, CLKA:25.000 us,1.000 ns)

WARNING:Simulator:29 - at 25.000 us: Warning: Timing violation in
   /network_proc_full_tb/uut/gpu_instance/ICache/inst/  $recovery( CLKA:25.000
   us, CLKB:25.000 us,1.000 ns)

WARNING:Simulator:29 - at 25.100 us: Warning: Timing violation in
   /network_proc_full_tb/uut/fifo_instance/ram_inst/inst/  $recovery(
   CLKB:25.100 us, CLKA:25.100 us,1.000 ns)

WARNING:Simulator:29 - at 25.100 us: Warning: Timing violation in
   /network_proc_full_tb/uut/fifo_instance/ram_inst/inst/  $recovery(
   CLKA:25.100 us, CLKB:25.100 us,1.000 ns)

WARNING:Simulator:29 - at 25.100 us: Warning: Timing violation in
   /network_proc_full_tb/uut/gpu_instance/ICache/inst/  $recovery( CLKB:25.100
   us, CLKA:25.100 us,1.000 ns)

WARNING:Simulator:29 - at 25.100 us: Warning: Timing violation in
   /network_proc_full_tb/uut/gpu_instance/ICache/inst/  $recovery( CLKA:25.100
   us, CLKB:25.100 us,1.000 ns)

WARNING:Simulator:29 - at 25.200 us: Warning: Timing violation in
   /network_proc_full_tb/uut/fifo_instance/ram_inst/inst/  $recovery(
   CLKB:25.200 us, CLKA:25.200 us,1.000 ns)

WARNING:Simulator:29 - at 25.200 us: Warning: Timing violation in
   /network_proc_full_tb/uut/fifo_instance/ram_inst/inst/  $recovery(
   CLKA:25.200 us, CLKB:25.200 us,1.000 ns)

WARNING:Simulator:29 - at 25.200 us: Warning: Timing violation in
   /network_proc_full_tb/uut/gpu_instance/ICache/inst/  $recovery( CLKB:25.200
   us, CLKA:25.200 us,1.000 ns)

WARNING:Simulator:29 - at 25.200 us: Warning: Timing violation in
   /network_proc_full_tb/uut/gpu_instance/ICache/inst/  $recovery( CLKA:25.200
   us, CLKB:25.200 us,1.000 ns)

WARNING:Simulator:29 - at 25.300 us: Warning: Timing violation in
   /network_proc_full_tb/uut/fifo_instance/ram_inst/inst/  $recovery(
   CLKB:25.300 us, CLKA:25.300 us,1.000 ns)

WARNING:Simulator:29 - at 25.300 us: Warning: Timing violation in
   /network_proc_full_tb/uut/fifo_instance/ram_inst/inst/  $recovery(
   CLKA:25.300 us, CLKB:25.300 us,1.000 ns)

WARNING:Simulator:29 - at 25.300 us: Warning: Timing violation in
   /network_proc_full_tb/uut/gpu_instance/ICache/inst/  $recovery( CLKB:25.300
   us, CLKA:25.300 us,1.000 ns)

WARNING:Simulator:29 - at 25.300 us: Warning: Timing violation in
   /network_proc_full_tb/uut/gpu_instance/ICache/inst/  $recovery( CLKA:25.300
   us, CLKB:25.300 us,1.000 ns)

WARNING:Simulator:29 - at 25.400 us: Warning: Timing violation in
   /network_proc_full_tb/uut/fifo_instance/ram_inst/inst/  $recovery(
   CLKB:25.400 us, CLKA:25.400 us,1.000 ns)

WARNING:Simulator:29 - at 25.400 us: Warning: Timing violation in
   /network_proc_full_tb/uut/fifo_instance/ram_inst/inst/  $recovery(
   CLKA:25.400 us, CLKB:25.400 us,1.000 ns)

WARNING:Simulator:29 - at 25.400 us: Warning: Timing violation in
   /network_proc_full_tb/uut/gpu_instance/ICache/inst/  $recovery( CLKB:25.400
   us, CLKA:25.400 us,1.000 ns)

WARNING:Simulator:29 - at 25.400 us: Warning: Timing violation in
   /network_proc_full_tb/uut/gpu_instance/ICache/inst/  $recovery( CLKA:25.400
   us, CLKB:25.400 us,1.000 ns)

WARNING:Simulator:29 - at 25.500 us: Warning: Timing violation in
   /network_proc_full_tb/uut/fifo_instance/ram_inst/inst/  $recovery(
   CLKB:25.500 us, CLKA:25.500 us,1.000 ns)

WARNING:Simulator:29 - at 25.500 us: Warning: Timing violation in
   /network_proc_full_tb/uut/fifo_instance/ram_inst/inst/  $recovery(
   CLKA:25.500 us, CLKB:25.500 us,1.000 ns)

WARNING:Simulator:29 - at 25.500 us: Warning: Timing violation in
   /network_proc_full_tb/uut/gpu_instance/ICache/inst/  $recovery( CLKB:25.500
   us, CLKA:25.500 us,1.000 ns)

WARNING:Simulator:29 - at 25.500 us: Warning: Timing violation in
   /network_proc_full_tb/uut/gpu_instance/ICache/inst/  $recovery( CLKA:25.500
   us, CLKB:25.500 us,1.000 ns)

WARNING:Simulator:29 - at 25.600 us: Warning: Timing violation in
   /network_proc_full_tb/uut/fifo_instance/ram_inst/inst/  $recovery(
   CLKB:25.600 us, CLKA:25.600 us,1.000 ns)

WARNING:Simulator:29 - at 25.600 us: Warning: Timing violation in
   /network_proc_full_tb/uut/fifo_instance/ram_inst/inst/  $recovery(
   CLKA:25.600 us, CLKB:25.600 us,1.000 ns)

WARNING:Simulator:29 - at 25.600 us: Warning: Timing violation in
   /network_proc_full_tb/uut/gpu_instance/ICache/inst/  $recovery( CLKB:25.600
   us, CLKA:25.600 us,1.000 ns)

WARNING:Simulator:29 - at 25.600 us: Warning: Timing violation in
   /network_proc_full_tb/uut/gpu_instance/ICache/inst/  $recovery( CLKA:25.600
   us, CLKB:25.600 us,1.000 ns)

WARNING:Simulator:29 - at 25.700 us: Warning: Timing violation in
   /network_proc_full_tb/uut/fifo_instance/ram_inst/inst/  $recovery(
   CLKB:25.700 us, CLKA:25.700 us,1.000 ns)

WARNING:Simulator:29 - at 25.700 us: Warning: Timing violation in
   /network_proc_full_tb/uut/fifo_instance/ram_inst/inst/  $recovery(
   CLKA:25.700 us, CLKB:25.700 us,1.000 ns)

WARNING:Simulator:29 - at 25.700 us: Warning: Timing violation in
   /network_proc_full_tb/uut/gpu_instance/ICache/inst/  $recovery( CLKB:25.700
   us, CLKA:25.700 us,1.000 ns)

WARNING:Simulator:29 - at 25.700 us: Warning: Timing violation in
   /network_proc_full_tb/uut/gpu_instance/ICache/inst/  $recovery( CLKA:25.700
   us, CLKB:25.700 us,1.000 ns)

WARNING:Simulator:29 - at 25.800 us: Warning: Timing violation in
   /network_proc_full_tb/uut/fifo_instance/ram_inst/inst/  $recovery(
   CLKB:25.800 us, CLKA:25.800 us,1.000 ns)

WARNING:Simulator:29 - at 25.800 us: Warning: Timing violation in
   /network_proc_full_tb/uut/fifo_instance/ram_inst/inst/  $recovery(
   CLKA:25.800 us, CLKB:25.800 us,1.000 ns)

WARNING:Simulator:29 - at 25.800 us: Warning: Timing violation in
   /network_proc_full_tb/uut/gpu_instance/ICache/inst/  $recovery( CLKB:25.800
   us, CLKA:25.800 us,1.000 ns)

WARNING:Simulator:29 - at 25.800 us: Warning: Timing violation in
   /network_proc_full_tb/uut/gpu_instance/ICache/inst/  $recovery( CLKA:25.800
   us, CLKB:25.800 us,1.000 ns)

WARNING:Simulator:29 - at 25.900 us: Warning: Timing violation in
   /network_proc_full_tb/uut/fifo_instance/ram_inst/inst/  $recovery(
   CLKB:25.900 us, CLKA:25.900 us,1.000 ns)

WARNING:Simulator:29 - at 25.900 us: Warning: Timing violation in
   /network_proc_full_tb/uut/fifo_instance/ram_inst/inst/  $recovery(
   CLKA:25.900 us, CLKB:25.900 us,1.000 ns)

WARNING:Simulator:29 - at 25.900 us: Warning: Timing violation in
   /network_proc_full_tb/uut/gpu_instance/ICache/inst/  $recovery( CLKB:25.900
   us, CLKA:25.900 us,1.000 ns)

WARNING:Simulator:29 - at 25.900 us: Warning: Timing violation in
   /network_proc_full_tb/uut/gpu_instance/ICache/inst/  $recovery( CLKA:25.900
   us, CLKB:25.900 us,1.000 ns)

WARNING:Simulator:29 - at 26.000 us: Warning: Timing violation in
   /network_proc_full_tb/uut/fifo_instance/ram_inst/inst/  $recovery(
   CLKB:26.000 us, CLKA:26.000 us,1.000 ns)

WARNING:Simulator:29 - at 26.000 us: Warning: Timing violation in
   /network_proc_full_tb/uut/fifo_instance/ram_inst/inst/  $recovery(
   CLKA:26.000 us, CLKB:26.000 us,1.000 ns)

WARNING:Simulator:29 - at 26.000 us: Warning: Timing violation in
   /network_proc_full_tb/uut/gpu_instance/ICache/inst/  $recovery( CLKB:26.000
   us, CLKA:26.000 us,1.000 ns)

WARNING:Simulator:29 - at 26.000 us: Warning: Timing violation in
   /network_proc_full_tb/uut/gpu_instance/ICache/inst/  $recovery( CLKA:26.000
   us, CLKB:26.000 us,1.000 ns)

WARNING:Simulator:29 - at 26.100 us: Warning: Timing violation in
   /network_proc_full_tb/uut/fifo_instance/ram_inst/inst/  $recovery(
   CLKB:26.100 us, CLKA:26.100 us,1.000 ns)

WARNING:Simulator:29 - at 26.100 us: Warning: Timing violation in
   /network_proc_full_tb/uut/fifo_instance/ram_inst/inst/  $recovery(
   CLKA:26.100 us, CLKB:26.100 us,1.000 ns)

WARNING:Simulator:29 - at 26.100 us: Warning: Timing violation in
   /network_proc_full_tb/uut/gpu_instance/ICache/inst/  $recovery( CLKB:26.100
   us, CLKA:26.100 us,1.000 ns)

WARNING:Simulator:29 - at 26.100 us: Warning: Timing violation in
   /network_proc_full_tb/uut/gpu_instance/ICache/inst/  $recovery( CLKA:26.100
   us, CLKB:26.100 us,1.000 ns)

WARNING:Simulator:29 - at 26.200 us: Warning: Timing violation in
   /network_proc_full_tb/uut/fifo_instance/ram_inst/inst/  $recovery(
   CLKB:26.200 us, CLKA:26.200 us,1.000 ns)

WARNING:Simulator:29 - at 26.200 us: Warning: Timing violation in
   /network_proc_full_tb/uut/fifo_instance/ram_inst/inst/  $recovery(
   CLKA:26.200 us, CLKB:26.200 us,1.000 ns)

WARNING:Simulator:29 - at 26.200 us: Warning: Timing violation in
   /network_proc_full_tb/uut/gpu_instance/ICache/inst/  $recovery( CLKB:26.200
   us, CLKA:26.200 us,1.000 ns)

WARNING:Simulator:29 - at 26.200 us: Warning: Timing violation in
   /network_proc_full_tb/uut/gpu_instance/ICache/inst/  $recovery( CLKA:26.200
   us, CLKB:26.200 us,1.000 ns)

WARNING:Simulator:29 - at 26.300 us: Warning: Timing violation in
   /network_proc_full_tb/uut/fifo_instance/ram_inst/inst/  $recovery(
   CLKB:26.300 us, CLKA:26.300 us,1.000 ns)

WARNING:Simulator:29 - at 26.300 us: Warning: Timing violation in
   /network_proc_full_tb/uut/fifo_instance/ram_inst/inst/  $recovery(
   CLKA:26.300 us, CLKB:26.300 us,1.000 ns)

WARNING:Simulator:29 - at 26.300 us: Warning: Timing violation in
   /network_proc_full_tb/uut/gpu_instance/ICache/inst/  $recovery( CLKB:26.300
   us, CLKA:26.300 us,1.000 ns)

WARNING:Simulator:29 - at 26.300 us: Warning: Timing violation in
   /network_proc_full_tb/uut/gpu_instance/ICache/inst/  $recovery( CLKA:26.300
   us, CLKB:26.300 us,1.000 ns)

WARNING:Simulator:29 - at 26.400 us: Warning: Timing violation in
   /network_proc_full_tb/uut/fifo_instance/ram_inst/inst/  $recovery(
   CLKB:26.400 us, CLKA:26.400 us,1.000 ns)

WARNING:Simulator:29 - at 26.400 us: Warning: Timing violation in
   /network_proc_full_tb/uut/fifo_instance/ram_inst/inst/  $recovery(
   CLKA:26.400 us, CLKB:26.400 us,1.000 ns)

WARNING:Simulator:29 - at 26.400 us: Warning: Timing violation in
   /network_proc_full_tb/uut/gpu_instance/ICache/inst/  $recovery( CLKB:26.400
   us, CLKA:26.400 us,1.000 ns)

WARNING:Simulator:29 - at 26.400 us: Warning: Timing violation in
   /network_proc_full_tb/uut/gpu_instance/ICache/inst/  $recovery( CLKA:26.400
   us, CLKB:26.400 us,1.000 ns)

WARNING:Simulator:29 - at 26.500 us: Warning: Timing violation in
   /network_proc_full_tb/uut/fifo_instance/ram_inst/inst/  $recovery(
   CLKB:26.500 us, CLKA:26.500 us,1.000 ns)

WARNING:Simulator:29 - at 26.500 us: Warning: Timing violation in
   /network_proc_full_tb/uut/fifo_instance/ram_inst/inst/  $recovery(
   CLKA:26.500 us, CLKB:26.500 us,1.000 ns)

WARNING:Simulator:29 - at 26.500 us: Warning: Timing violation in
   /network_proc_full_tb/uut/gpu_instance/ICache/inst/  $recovery( CLKB:26.500
   us, CLKA:26.500 us,1.000 ns)

WARNING:Simulator:29 - at 26.500 us: Warning: Timing violation in
   /network_proc_full_tb/uut/gpu_instance/ICache/inst/  $recovery( CLKA:26.500
   us, CLKB:26.500 us,1.000 ns)

WARNING:Simulator:29 - at 26.600 us: Warning: Timing violation in
   /network_proc_full_tb/uut/fifo_instance/ram_inst/inst/  $recovery(
   CLKB:26.600 us, CLKA:26.600 us,1.000 ns)

WARNING:Simulator:29 - at 26.600 us: Warning: Timing violation in
   /network_proc_full_tb/uut/fifo_instance/ram_inst/inst/  $recovery(
   CLKA:26.600 us, CLKB:26.600 us,1.000 ns)

WARNING:Simulator:29 - at 26.600 us: Warning: Timing violation in
   /network_proc_full_tb/uut/gpu_instance/ICache/inst/  $recovery( CLKB:26.600
   us, CLKA:26.600 us,1.000 ns)

WARNING:Simulator:29 - at 26.600 us: Warning: Timing violation in
   /network_proc_full_tb/uut/gpu_instance/ICache/inst/  $recovery( CLKA:26.600
   us, CLKB:26.600 us,1.000 ns)

WARNING:Simulator:29 - at 26.700 us: Warning: Timing violation in
   /network_proc_full_tb/uut/fifo_instance/ram_inst/inst/  $recovery(
   CLKB:26.700 us, CLKA:26.700 us,1.000 ns)

WARNING:Simulator:29 - at 26.700 us: Warning: Timing violation in
   /network_proc_full_tb/uut/fifo_instance/ram_inst/inst/  $recovery(
   CLKA:26.700 us, CLKB:26.700 us,1.000 ns)

WARNING:Simulator:29 - at 26.700 us: Warning: Timing violation in
   /network_proc_full_tb/uut/gpu_instance/ICache/inst/  $recovery( CLKB:26.700
   us, CLKA:26.700 us,1.000 ns)

WARNING:Simulator:29 - at 26.700 us: Warning: Timing violation in
   /network_proc_full_tb/uut/gpu_instance/ICache/inst/  $recovery( CLKA:26.700
   us, CLKB:26.700 us,1.000 ns)

WARNING:Simulator:29 - at 26.800 us: Warning: Timing violation in
   /network_proc_full_tb/uut/fifo_instance/ram_inst/inst/  $recovery(
   CLKB:26.800 us, CLKA:26.800 us,1.000 ns)

WARNING:Simulator:29 - at 26.800 us: Warning: Timing violation in
   /network_proc_full_tb/uut/fifo_instance/ram_inst/inst/  $recovery(
   CLKA:26.800 us, CLKB:26.800 us,1.000 ns)

WARNING:Simulator:29 - at 26.800 us: Warning: Timing violation in
   /network_proc_full_tb/uut/gpu_instance/ICache/inst/  $recovery( CLKB:26.800
   us, CLKA:26.800 us,1.000 ns)

WARNING:Simulator:29 - at 26.800 us: Warning: Timing violation in
   /network_proc_full_tb/uut/gpu_instance/ICache/inst/  $recovery( CLKA:26.800
   us, CLKB:26.800 us,1.000 ns)

WARNING:Simulator:29 - at 26.900 us: Warning: Timing violation in
   /network_proc_full_tb/uut/fifo_instance/ram_inst/inst/  $recovery(
   CLKB:26.900 us, CLKA:26.900 us,1.000 ns)

WARNING:Simulator:29 - at 26.900 us: Warning: Timing violation in
   /network_proc_full_tb/uut/fifo_instance/ram_inst/inst/  $recovery(
   CLKA:26.900 us, CLKB:26.900 us,1.000 ns)

WARNING:Simulator:29 - at 26.900 us: Warning: Timing violation in
   /network_proc_full_tb/uut/gpu_instance/ICache/inst/  $recovery( CLKB:26.900
   us, CLKA:26.900 us,1.000 ns)

WARNING:Simulator:29 - at 26.900 us: Warning: Timing violation in
   /network_proc_full_tb/uut/gpu_instance/ICache/inst/  $recovery( CLKA:26.900
   us, CLKB:26.900 us,1.000 ns)

WARNING:Simulator:29 - at 27.000 us: Warning: Timing violation in
   /network_proc_full_tb/uut/fifo_instance/ram_inst/inst/  $recovery(
   CLKB:27.000 us, CLKA:27.000 us,1.000 ns)

WARNING:Simulator:29 - at 27.000 us: Warning: Timing violation in
   /network_proc_full_tb/uut/fifo_instance/ram_inst/inst/  $recovery(
   CLKA:27.000 us, CLKB:27.000 us,1.000 ns)

WARNING:Simulator:29 - at 27.000 us: Warning: Timing violation in
   /network_proc_full_tb/uut/gpu_instance/ICache/inst/  $recovery( CLKB:27.000
   us, CLKA:27.000 us,1.000 ns)

WARNING:Simulator:29 - at 27.000 us: Warning: Timing violation in
   /network_proc_full_tb/uut/gpu_instance/ICache/inst/  $recovery( CLKA:27.000
   us, CLKB:27.000 us,1.000 ns)

WARNING:Simulator:29 - at 27.100 us: Warning: Timing violation in
   /network_proc_full_tb/uut/fifo_instance/ram_inst/inst/  $recovery(
   CLKB:27.100 us, CLKA:27.100 us,1.000 ns)

WARNING:Simulator:29 - at 27.100 us: Warning: Timing violation in
   /network_proc_full_tb/uut/fifo_instance/ram_inst/inst/  $recovery(
   CLKA:27.100 us, CLKB:27.100 us,1.000 ns)

WARNING:Simulator:29 - at 27.100 us: Warning: Timing violation in
   /network_proc_full_tb/uut/gpu_instance/ICache/inst/  $recovery( CLKB:27.100
   us, CLKA:27.100 us,1.000 ns)

WARNING:Simulator:29 - at 27.100 us: Warning: Timing violation in
   /network_proc_full_tb/uut/gpu_instance/ICache/inst/  $recovery( CLKA:27.100
   us, CLKB:27.100 us,1.000 ns)

WARNING:Simulator:29 - at 27.200 us: Warning: Timing violation in
   /network_proc_full_tb/uut/fifo_instance/ram_inst/inst/  $recovery(
   CLKB:27.200 us, CLKA:27.200 us,1.000 ns)

WARNING:Simulator:29 - at 27.200 us: Warning: Timing violation in
   /network_proc_full_tb/uut/fifo_instance/ram_inst/inst/  $recovery(
   CLKA:27.200 us, CLKB:27.200 us,1.000 ns)

WARNING:Simulator:29 - at 27.200 us: Warning: Timing violation in
   /network_proc_full_tb/uut/gpu_instance/ICache/inst/  $recovery( CLKB:27.200
   us, CLKA:27.200 us,1.000 ns)

WARNING:Simulator:29 - at 27.200 us: Warning: Timing violation in
   /network_proc_full_tb/uut/gpu_instance/ICache/inst/  $recovery( CLKA:27.200
   us, CLKB:27.200 us,1.000 ns)

WARNING:Simulator:29 - at 27.300 us: Warning: Timing violation in
   /network_proc_full_tb/uut/fifo_instance/ram_inst/inst/  $recovery(
   CLKB:27.300 us, CLKA:27.300 us,1.000 ns)

WARNING:Simulator:29 - at 27.300 us: Warning: Timing violation in
   /network_proc_full_tb/uut/fifo_instance/ram_inst/inst/  $recovery(
   CLKA:27.300 us, CLKB:27.300 us,1.000 ns)

WARNING:Simulator:29 - at 27.300 us: Warning: Timing violation in
   /network_proc_full_tb/uut/gpu_instance/ICache/inst/  $recovery( CLKB:27.300
   us, CLKA:27.300 us,1.000 ns)

WARNING:Simulator:29 - at 27.300 us: Warning: Timing violation in
   /network_proc_full_tb/uut/gpu_instance/ICache/inst/  $recovery( CLKA:27.300
   us, CLKB:27.300 us,1.000 ns)

WARNING:Simulator:29 - at 27.400 us: Warning: Timing violation in
   /network_proc_full_tb/uut/fifo_instance/ram_inst/inst/  $recovery(
   CLKB:27.400 us, CLKA:27.400 us,1.000 ns)

WARNING:Simulator:29 - at 27.400 us: Warning: Timing violation in
   /network_proc_full_tb/uut/fifo_instance/ram_inst/inst/  $recovery(
   CLKA:27.400 us, CLKB:27.400 us,1.000 ns)

WARNING:Simulator:29 - at 27.400 us: Warning: Timing violation in
   /network_proc_full_tb/uut/gpu_instance/ICache/inst/  $recovery( CLKB:27.400
   us, CLKA:27.400 us,1.000 ns)

WARNING:Simulator:29 - at 27.400 us: Warning: Timing violation in
   /network_proc_full_tb/uut/gpu_instance/ICache/inst/  $recovery( CLKA:27.400
   us, CLKB:27.400 us,1.000 ns)

WARNING:Simulator:29 - at 27.500 us: Warning: Timing violation in
   /network_proc_full_tb/uut/fifo_instance/ram_inst/inst/  $recovery(
   CLKB:27.500 us, CLKA:27.500 us,1.000 ns)

WARNING:Simulator:29 - at 27.500 us: Warning: Timing violation in
   /network_proc_full_tb/uut/fifo_instance/ram_inst/inst/  $recovery(
   CLKA:27.500 us, CLKB:27.500 us,1.000 ns)

WARNING:Simulator:29 - at 27.500 us: Warning: Timing violation in
   /network_proc_full_tb/uut/gpu_instance/ICache/inst/  $recovery( CLKB:27.500
   us, CLKA:27.500 us,1.000 ns)

WARNING:Simulator:29 - at 27.500 us: Warning: Timing violation in
   /network_proc_full_tb/uut/gpu_instance/ICache/inst/  $recovery( CLKA:27.500
   us, CLKB:27.500 us,1.000 ns)

WARNING:Simulator:29 - at 27.600 us: Warning: Timing violation in
   /network_proc_full_tb/uut/fifo_instance/ram_inst/inst/  $recovery(
   CLKB:27.600 us, CLKA:27.600 us,1.000 ns)

WARNING:Simulator:29 - at 27.600 us: Warning: Timing violation in
   /network_proc_full_tb/uut/fifo_instance/ram_inst/inst/  $recovery(
   CLKA:27.600 us, CLKB:27.600 us,1.000 ns)

WARNING:Simulator:29 - at 27.600 us: Warning: Timing violation in
   /network_proc_full_tb/uut/gpu_instance/ICache/inst/  $recovery( CLKB:27.600
   us, CLKA:27.600 us,1.000 ns)

WARNING:Simulator:29 - at 27.600 us: Warning: Timing violation in
   /network_proc_full_tb/uut/gpu_instance/ICache/inst/  $recovery( CLKA:27.600
   us, CLKB:27.600 us,1.000 ns)

WARNING:Simulator:29 - at 27.700 us: Warning: Timing violation in
   /network_proc_full_tb/uut/fifo_instance/ram_inst/inst/  $recovery(
   CLKB:27.700 us, CLKA:27.700 us,1.000 ns)

WARNING:Simulator:29 - at 27.700 us: Warning: Timing violation in
   /network_proc_full_tb/uut/fifo_instance/ram_inst/inst/  $recovery(
   CLKA:27.700 us, CLKB:27.700 us,1.000 ns)

WARNING:Simulator:29 - at 27.700 us: Warning: Timing violation in
   /network_proc_full_tb/uut/gpu_instance/ICache/inst/  $recovery( CLKB:27.700
   us, CLKA:27.700 us,1.000 ns)

WARNING:Simulator:29 - at 27.700 us: Warning: Timing violation in
   /network_proc_full_tb/uut/gpu_instance/ICache/inst/  $recovery( CLKA:27.700
   us, CLKB:27.700 us,1.000 ns)

WARNING:Simulator:29 - at 27.800 us: Warning: Timing violation in
   /network_proc_full_tb/uut/fifo_instance/ram_inst/inst/  $recovery(
   CLKB:27.800 us, CLKA:27.800 us,1.000 ns)

WARNING:Simulator:29 - at 27.800 us: Warning: Timing violation in
   /network_proc_full_tb/uut/fifo_instance/ram_inst/inst/  $recovery(
   CLKA:27.800 us, CLKB:27.800 us,1.000 ns)

WARNING:Simulator:29 - at 27.800 us: Warning: Timing violation in
   /network_proc_full_tb/uut/gpu_instance/ICache/inst/  $recovery( CLKB:27.800
   us, CLKA:27.800 us,1.000 ns)

WARNING:Simulator:29 - at 27.800 us: Warning: Timing violation in
   /network_proc_full_tb/uut/gpu_instance/ICache/inst/  $recovery( CLKA:27.800
   us, CLKB:27.800 us,1.000 ns)

WARNING:Simulator:29 - at 27.900 us: Warning: Timing violation in
   /network_proc_full_tb/uut/fifo_instance/ram_inst/inst/  $recovery(
   CLKB:27.900 us, CLKA:27.900 us,1.000 ns)

WARNING:Simulator:29 - at 27.900 us: Warning: Timing violation in
   /network_proc_full_tb/uut/fifo_instance/ram_inst/inst/  $recovery(
   CLKA:27.900 us, CLKB:27.900 us,1.000 ns)

WARNING:Simulator:29 - at 27.900 us: Warning: Timing violation in
   /network_proc_full_tb/uut/gpu_instance/ICache/inst/  $recovery( CLKB:27.900
   us, CLKA:27.900 us,1.000 ns)

WARNING:Simulator:29 - at 27.900 us: Warning: Timing violation in
   /network_proc_full_tb/uut/gpu_instance/ICache/inst/  $recovery( CLKA:27.900
   us, CLKB:27.900 us,1.000 ns)

WARNING:Simulator:29 - at 28.000 us: Warning: Timing violation in
   /network_proc_full_tb/uut/fifo_instance/ram_inst/inst/  $recovery(
   CLKB:28.000 us, CLKA:28.000 us,1.000 ns)

WARNING:Simulator:29 - at 28.000 us: Warning: Timing violation in
   /network_proc_full_tb/uut/fifo_instance/ram_inst/inst/  $recovery(
   CLKA:28.000 us, CLKB:28.000 us,1.000 ns)

WARNING:Simulator:29 - at 28.000 us: Warning: Timing violation in
   /network_proc_full_tb/uut/gpu_instance/ICache/inst/  $recovery( CLKB:28.000
   us, CLKA:28.000 us,1.000 ns)

WARNING:Simulator:29 - at 28.000 us: Warning: Timing violation in
   /network_proc_full_tb/uut/gpu_instance/ICache/inst/  $recovery( CLKA:28.000
   us, CLKB:28.000 us,1.000 ns)

WARNING:Simulator:29 - at 28.100 us: Warning: Timing violation in
   /network_proc_full_tb/uut/fifo_instance/ram_inst/inst/  $recovery(
   CLKB:28.100 us, CLKA:28.100 us,1.000 ns)

WARNING:Simulator:29 - at 28.100 us: Warning: Timing violation in
   /network_proc_full_tb/uut/fifo_instance/ram_inst/inst/  $recovery(
   CLKA:28.100 us, CLKB:28.100 us,1.000 ns)

WARNING:Simulator:29 - at 28.100 us: Warning: Timing violation in
   /network_proc_full_tb/uut/gpu_instance/ICache/inst/  $recovery( CLKB:28.100
   us, CLKA:28.100 us,1.000 ns)

WARNING:Simulator:29 - at 28.100 us: Warning: Timing violation in
   /network_proc_full_tb/uut/gpu_instance/ICache/inst/  $recovery( CLKA:28.100
   us, CLKB:28.100 us,1.000 ns)

WARNING:Simulator:29 - at 28.200 us: Warning: Timing violation in
   /network_proc_full_tb/uut/fifo_instance/ram_inst/inst/  $recovery(
   CLKB:28.200 us, CLKA:28.200 us,1.000 ns)

WARNING:Simulator:29 - at 28.200 us: Warning: Timing violation in
   /network_proc_full_tb/uut/fifo_instance/ram_inst/inst/  $recovery(
   CLKA:28.200 us, CLKB:28.200 us,1.000 ns)

WARNING:Simulator:29 - at 28.200 us: Warning: Timing violation in
   /network_proc_full_tb/uut/gpu_instance/ICache/inst/  $recovery( CLKB:28.200
   us, CLKA:28.200 us,1.000 ns)

WARNING:Simulator:29 - at 28.200 us: Warning: Timing violation in
   /network_proc_full_tb/uut/gpu_instance/ICache/inst/  $recovery( CLKA:28.200
   us, CLKB:28.200 us,1.000 ns)

WARNING:Simulator:29 - at 28.300 us: Warning: Timing violation in
   /network_proc_full_tb/uut/fifo_instance/ram_inst/inst/  $recovery(
   CLKB:28.300 us, CLKA:28.300 us,1.000 ns)

WARNING:Simulator:29 - at 28.300 us: Warning: Timing violation in
   /network_proc_full_tb/uut/fifo_instance/ram_inst/inst/  $recovery(
   CLKA:28.300 us, CLKB:28.300 us,1.000 ns)

WARNING:Simulator:29 - at 28.300 us: Warning: Timing violation in
   /network_proc_full_tb/uut/gpu_instance/ICache/inst/  $recovery( CLKB:28.300
   us, CLKA:28.300 us,1.000 ns)

WARNING:Simulator:29 - at 28.300 us: Warning: Timing violation in
   /network_proc_full_tb/uut/gpu_instance/ICache/inst/  $recovery( CLKA:28.300
   us, CLKB:28.300 us,1.000 ns)

WARNING:Simulator:29 - at 28.400 us: Warning: Timing violation in
   /network_proc_full_tb/uut/fifo_instance/ram_inst/inst/  $recovery(
   CLKB:28.400 us, CLKA:28.400 us,1.000 ns)

WARNING:Simulator:29 - at 28.400 us: Warning: Timing violation in
   /network_proc_full_tb/uut/fifo_instance/ram_inst/inst/  $recovery(
   CLKA:28.400 us, CLKB:28.400 us,1.000 ns)

WARNING:Simulator:29 - at 28.400 us: Warning: Timing violation in
   /network_proc_full_tb/uut/gpu_instance/ICache/inst/  $recovery( CLKB:28.400
   us, CLKA:28.400 us,1.000 ns)

WARNING:Simulator:29 - at 28.400 us: Warning: Timing violation in
   /network_proc_full_tb/uut/gpu_instance/ICache/inst/  $recovery( CLKA:28.400
   us, CLKB:28.400 us,1.000 ns)

WARNING:Simulator:29 - at 28.500 us: Warning: Timing violation in
   /network_proc_full_tb/uut/fifo_instance/ram_inst/inst/  $recovery(
   CLKB:28.500 us, CLKA:28.500 us,1.000 ns)

WARNING:Simulator:29 - at 28.500 us: Warning: Timing violation in
   /network_proc_full_tb/uut/fifo_instance/ram_inst/inst/  $recovery(
   CLKA:28.500 us, CLKB:28.500 us,1.000 ns)

WARNING:Simulator:29 - at 28.500 us: Warning: Timing violation in
   /network_proc_full_tb/uut/gpu_instance/ICache/inst/  $recovery( CLKB:28.500
   us, CLKA:28.500 us,1.000 ns)

WARNING:Simulator:29 - at 28.500 us: Warning: Timing violation in
   /network_proc_full_tb/uut/gpu_instance/ICache/inst/  $recovery( CLKA:28.500
   us, CLKB:28.500 us,1.000 ns)

WARNING:Simulator:29 - at 28.600 us: Warning: Timing violation in
   /network_proc_full_tb/uut/fifo_instance/ram_inst/inst/  $recovery(
   CLKB:28.600 us, CLKA:28.600 us,1.000 ns)

WARNING:Simulator:29 - at 28.600 us: Warning: Timing violation in
   /network_proc_full_tb/uut/fifo_instance/ram_inst/inst/  $recovery(
   CLKA:28.600 us, CLKB:28.600 us,1.000 ns)

WARNING:Simulator:29 - at 28.600 us: Warning: Timing violation in
   /network_proc_full_tb/uut/gpu_instance/ICache/inst/  $recovery( CLKB:28.600
   us, CLKA:28.600 us,1.000 ns)

WARNING:Simulator:29 - at 28.600 us: Warning: Timing violation in
   /network_proc_full_tb/uut/gpu_instance/ICache/inst/  $recovery( CLKA:28.600
   us, CLKB:28.600 us,1.000 ns)

WARNING:Simulator:29 - at 28.700 us: Warning: Timing violation in
   /network_proc_full_tb/uut/fifo_instance/ram_inst/inst/  $recovery(
   CLKB:28.700 us, CLKA:28.700 us,1.000 ns)

WARNING:Simulator:29 - at 28.700 us: Warning: Timing violation in
   /network_proc_full_tb/uut/fifo_instance/ram_inst/inst/  $recovery(
   CLKA:28.700 us, CLKB:28.700 us,1.000 ns)

WARNING:Simulator:29 - at 28.700 us: Warning: Timing violation in
   /network_proc_full_tb/uut/gpu_instance/ICache/inst/  $recovery( CLKB:28.700
   us, CLKA:28.700 us,1.000 ns)

WARNING:Simulator:29 - at 28.700 us: Warning: Timing violation in
   /network_proc_full_tb/uut/gpu_instance/ICache/inst/  $recovery( CLKA:28.700
   us, CLKB:28.700 us,1.000 ns)

WARNING:Simulator:29 - at 28.800 us: Warning: Timing violation in
   /network_proc_full_tb/uut/fifo_instance/ram_inst/inst/  $recovery(
   CLKB:28.800 us, CLKA:28.800 us,1.000 ns)

WARNING:Simulator:29 - at 28.800 us: Warning: Timing violation in
   /network_proc_full_tb/uut/fifo_instance/ram_inst/inst/  $recovery(
   CLKA:28.800 us, CLKB:28.800 us,1.000 ns)

WARNING:Simulator:29 - at 28.800 us: Warning: Timing violation in
   /network_proc_full_tb/uut/gpu_instance/ICache/inst/  $recovery( CLKB:28.800
   us, CLKA:28.800 us,1.000 ns)

WARNING:Simulator:29 - at 28.800 us: Warning: Timing violation in
   /network_proc_full_tb/uut/gpu_instance/ICache/inst/  $recovery( CLKA:28.800
   us, CLKB:28.800 us,1.000 ns)

WARNING:Simulator:29 - at 28.900 us: Warning: Timing violation in
   /network_proc_full_tb/uut/fifo_instance/ram_inst/inst/  $recovery(
   CLKB:28.900 us, CLKA:28.900 us,1.000 ns)

WARNING:Simulator:29 - at 28.900 us: Warning: Timing violation in
   /network_proc_full_tb/uut/fifo_instance/ram_inst/inst/  $recovery(
   CLKA:28.900 us, CLKB:28.900 us,1.000 ns)

WARNING:Simulator:29 - at 28.900 us: Warning: Timing violation in
   /network_proc_full_tb/uut/gpu_instance/ICache/inst/  $recovery( CLKB:28.900
   us, CLKA:28.900 us,1.000 ns)

WARNING:Simulator:29 - at 28.900 us: Warning: Timing violation in
   /network_proc_full_tb/uut/gpu_instance/ICache/inst/  $recovery( CLKA:28.900
   us, CLKB:28.900 us,1.000 ns)

WARNING:Simulator:29 - at 29.000 us: Warning: Timing violation in
   /network_proc_full_tb/uut/fifo_instance/ram_inst/inst/  $recovery(
   CLKB:29.000 us, CLKA:29.000 us,1.000 ns)

WARNING:Simulator:29 - at 29.000 us: Warning: Timing violation in
   /network_proc_full_tb/uut/fifo_instance/ram_inst/inst/  $recovery(
   CLKA:29.000 us, CLKB:29.000 us,1.000 ns)

WARNING:Simulator:29 - at 29.000 us: Warning: Timing violation in
   /network_proc_full_tb/uut/gpu_instance/ICache/inst/  $recovery( CLKB:29.000
   us, CLKA:29.000 us,1.000 ns)

WARNING:Simulator:29 - at 29.000 us: Warning: Timing violation in
   /network_proc_full_tb/uut/gpu_instance/ICache/inst/  $recovery( CLKA:29.000
   us, CLKB:29.000 us,1.000 ns)

WARNING:Simulator:29 - at 29.100 us: Warning: Timing violation in
   /network_proc_full_tb/uut/fifo_instance/ram_inst/inst/  $recovery(
   CLKB:29.100 us, CLKA:29.100 us,1.000 ns)

WARNING:Simulator:29 - at 29.100 us: Warning: Timing violation in
   /network_proc_full_tb/uut/fifo_instance/ram_inst/inst/  $recovery(
   CLKA:29.100 us, CLKB:29.100 us,1.000 ns)

WARNING:Simulator:29 - at 29.100 us: Warning: Timing violation in
   /network_proc_full_tb/uut/gpu_instance/ICache/inst/  $recovery( CLKB:29.100
   us, CLKA:29.100 us,1.000 ns)

WARNING:Simulator:29 - at 29.100 us: Warning: Timing violation in
   /network_proc_full_tb/uut/gpu_instance/ICache/inst/  $recovery( CLKA:29.100
   us, CLKB:29.100 us,1.000 ns)

WARNING:Simulator:29 - at 29.200 us: Warning: Timing violation in
   /network_proc_full_tb/uut/fifo_instance/ram_inst/inst/  $recovery(
   CLKB:29.200 us, CLKA:29.200 us,1.000 ns)

WARNING:Simulator:29 - at 29.200 us: Warning: Timing violation in
   /network_proc_full_tb/uut/fifo_instance/ram_inst/inst/  $recovery(
   CLKA:29.200 us, CLKB:29.200 us,1.000 ns)

WARNING:Simulator:29 - at 29.200 us: Warning: Timing violation in
   /network_proc_full_tb/uut/gpu_instance/ICache/inst/  $recovery( CLKB:29.200
   us, CLKA:29.200 us,1.000 ns)

WARNING:Simulator:29 - at 29.200 us: Warning: Timing violation in
   /network_proc_full_tb/uut/gpu_instance/ICache/inst/  $recovery( CLKA:29.200
   us, CLKB:29.200 us,1.000 ns)

WARNING:Simulator:29 - at 29.300 us: Warning: Timing violation in
   /network_proc_full_tb/uut/fifo_instance/ram_inst/inst/  $recovery(
   CLKB:29.300 us, CLKA:29.300 us,1.000 ns)

WARNING:Simulator:29 - at 29.300 us: Warning: Timing violation in
   /network_proc_full_tb/uut/fifo_instance/ram_inst/inst/  $recovery(
   CLKA:29.300 us, CLKB:29.300 us,1.000 ns)

WARNING:Simulator:29 - at 29.300 us: Warning: Timing violation in
   /network_proc_full_tb/uut/gpu_instance/ICache/inst/  $recovery( CLKB:29.300
   us, CLKA:29.300 us,1.000 ns)

WARNING:Simulator:29 - at 29.300 us: Warning: Timing violation in
   /network_proc_full_tb/uut/gpu_instance/ICache/inst/  $recovery( CLKA:29.300
   us, CLKB:29.300 us,1.000 ns)

WARNING:Simulator:29 - at 29.400 us: Warning: Timing violation in
   /network_proc_full_tb/uut/fifo_instance/ram_inst/inst/  $recovery(
   CLKB:29.400 us, CLKA:29.400 us,1.000 ns)

WARNING:Simulator:29 - at 29.400 us: Warning: Timing violation in
   /network_proc_full_tb/uut/fifo_instance/ram_inst/inst/  $recovery(
   CLKA:29.400 us, CLKB:29.400 us,1.000 ns)

WARNING:Simulator:29 - at 29.400 us: Warning: Timing violation in
   /network_proc_full_tb/uut/gpu_instance/ICache/inst/  $recovery( CLKB:29.400
   us, CLKA:29.400 us,1.000 ns)

WARNING:Simulator:29 - at 29.400 us: Warning: Timing violation in
   /network_proc_full_tb/uut/gpu_instance/ICache/inst/  $recovery( CLKA:29.400
   us, CLKB:29.400 us,1.000 ns)

WARNING:Simulator:29 - at 29.500 us: Warning: Timing violation in
   /network_proc_full_tb/uut/fifo_instance/ram_inst/inst/  $recovery(
   CLKB:29.500 us, CLKA:29.500 us,1.000 ns)

WARNING:Simulator:29 - at 29.500 us: Warning: Timing violation in
   /network_proc_full_tb/uut/fifo_instance/ram_inst/inst/  $recovery(
   CLKA:29.500 us, CLKB:29.500 us,1.000 ns)

WARNING:Simulator:29 - at 29.500 us: Warning: Timing violation in
   /network_proc_full_tb/uut/gpu_instance/ICache/inst/  $recovery( CLKB:29.500
   us, CLKA:29.500 us,1.000 ns)

WARNING:Simulator:29 - at 29.500 us: Warning: Timing violation in
   /network_proc_full_tb/uut/gpu_instance/ICache/inst/  $recovery( CLKA:29.500
   us, CLKB:29.500 us,1.000 ns)

WARNING:Simulator:29 - at 29.600 us: Warning: Timing violation in
   /network_proc_full_tb/uut/fifo_instance/ram_inst/inst/  $recovery(
   CLKB:29.600 us, CLKA:29.600 us,1.000 ns)

WARNING:Simulator:29 - at 29.600 us: Warning: Timing violation in
   /network_proc_full_tb/uut/fifo_instance/ram_inst/inst/  $recovery(
   CLKA:29.600 us, CLKB:29.600 us,1.000 ns)

WARNING:Simulator:29 - at 29.600 us: Warning: Timing violation in
   /network_proc_full_tb/uut/gpu_instance/ICache/inst/  $recovery( CLKB:29.600
   us, CLKA:29.600 us,1.000 ns)

WARNING:Simulator:29 - at 29.600 us: Warning: Timing violation in
   /network_proc_full_tb/uut/gpu_instance/ICache/inst/  $recovery( CLKA:29.600
   us, CLKB:29.600 us,1.000 ns)

WARNING:Simulator:29 - at 29.700 us: Warning: Timing violation in
   /network_proc_full_tb/uut/fifo_instance/ram_inst/inst/  $recovery(
   CLKB:29.700 us, CLKA:29.700 us,1.000 ns)

WARNING:Simulator:29 - at 29.700 us: Warning: Timing violation in
   /network_proc_full_tb/uut/fifo_instance/ram_inst/inst/  $recovery(
   CLKA:29.700 us, CLKB:29.700 us,1.000 ns)

WARNING:Simulator:29 - at 29.700 us: Warning: Timing violation in
   /network_proc_full_tb/uut/gpu_instance/ICache/inst/  $recovery( CLKB:29.700
   us, CLKA:29.700 us,1.000 ns)

WARNING:Simulator:29 - at 29.700 us: Warning: Timing violation in
   /network_proc_full_tb/uut/gpu_instance/ICache/inst/  $recovery( CLKA:29.700
   us, CLKB:29.700 us,1.000 ns)

WARNING:Simulator:29 - at 29.800 us: Warning: Timing violation in
   /network_proc_full_tb/uut/fifo_instance/ram_inst/inst/  $recovery(
   CLKB:29.800 us, CLKA:29.800 us,1.000 ns)

WARNING:Simulator:29 - at 29.800 us: Warning: Timing violation in
   /network_proc_full_tb/uut/fifo_instance/ram_inst/inst/  $recovery(
   CLKA:29.800 us, CLKB:29.800 us,1.000 ns)

WARNING:Simulator:29 - at 29.800 us: Warning: Timing violation in
   /network_proc_full_tb/uut/gpu_instance/ICache/inst/  $recovery( CLKB:29.800
   us, CLKA:29.800 us,1.000 ns)

WARNING:Simulator:29 - at 29.800 us: Warning: Timing violation in
   /network_proc_full_tb/uut/gpu_instance/ICache/inst/  $recovery( CLKA:29.800
   us, CLKB:29.800 us,1.000 ns)

WARNING:Simulator:29 - at 29.900 us: Warning: Timing violation in
   /network_proc_full_tb/uut/fifo_instance/ram_inst/inst/  $recovery(
   CLKB:29.900 us, CLKA:29.900 us,1.000 ns)

WARNING:Simulator:29 - at 29.900 us: Warning: Timing violation in
   /network_proc_full_tb/uut/fifo_instance/ram_inst/inst/  $recovery(
   CLKA:29.900 us, CLKB:29.900 us,1.000 ns)

WARNING:Simulator:29 - at 29.900 us: Warning: Timing violation in
   /network_proc_full_tb/uut/gpu_instance/ICache/inst/  $recovery( CLKB:29.900
   us, CLKA:29.900 us,1.000 ns)

WARNING:Simulator:29 - at 29.900 us: Warning: Timing violation in
   /network_proc_full_tb/uut/gpu_instance/ICache/inst/  $recovery( CLKA:29.900
   us, CLKB:29.900 us,1.000 ns)

WARNING:Simulator:29 - at 30.000 us: Warning: Timing violation in
   /network_proc_full_tb/uut/fifo_instance/ram_inst/inst/  $recovery(
   CLKB:30.000 us, CLKA:30.000 us,1.000 ns)

WARNING:Simulator:29 - at 30.000 us: Warning: Timing violation in
   /network_proc_full_tb/uut/fifo_instance/ram_inst/inst/  $recovery(
   CLKA:30.000 us, CLKB:30.000 us,1.000 ns)

WARNING:Simulator:29 - at 30.000 us: Warning: Timing violation in
   /network_proc_full_tb/uut/gpu_instance/ICache/inst/  $recovery( CLKB:30.000
   us, CLKA:30.000 us,1.000 ns)

WARNING:Simulator:29 - at 30.000 us: Warning: Timing violation in
   /network_proc_full_tb/uut/gpu_instance/ICache/inst/  $recovery( CLKA:30.000
   us, CLKB:30.000 us,1.000 ns)

WARNING:Simulator:29 - at 30.100 us: Warning: Timing violation in
   /network_proc_full_tb/uut/fifo_instance/ram_inst/inst/  $recovery(
   CLKB:30.100 us, CLKA:30.100 us,1.000 ns)

WARNING:Simulator:29 - at 30.100 us: Warning: Timing violation in
   /network_proc_full_tb/uut/fifo_instance/ram_inst/inst/  $recovery(
   CLKA:30.100 us, CLKB:30.100 us,1.000 ns)

WARNING:Simulator:29 - at 30.100 us: Warning: Timing violation in
   /network_proc_full_tb/uut/gpu_instance/ICache/inst/  $recovery( CLKB:30.100
   us, CLKA:30.100 us,1.000 ns)

WARNING:Simulator:29 - at 30.100 us: Warning: Timing violation in
   /network_proc_full_tb/uut/gpu_instance/ICache/inst/  $recovery( CLKA:30.100
   us, CLKB:30.100 us,1.000 ns)

WARNING:Simulator:29 - at 30.200 us: Warning: Timing violation in
   /network_proc_full_tb/uut/fifo_instance/ram_inst/inst/  $recovery(
   CLKB:30.200 us, CLKA:30.200 us,1.000 ns)

WARNING:Simulator:29 - at 30.200 us: Warning: Timing violation in
   /network_proc_full_tb/uut/fifo_instance/ram_inst/inst/  $recovery(
   CLKA:30.200 us, CLKB:30.200 us,1.000 ns)

WARNING:Simulator:29 - at 30.200 us: Warning: Timing violation in
   /network_proc_full_tb/uut/gpu_instance/ICache/inst/  $recovery( CLKB:30.200
   us, CLKA:30.200 us,1.000 ns)

WARNING:Simulator:29 - at 30.200 us: Warning: Timing violation in
   /network_proc_full_tb/uut/gpu_instance/ICache/inst/  $recovery( CLKA:30.200
   us, CLKB:30.200 us,1.000 ns)

WARNING:Simulator:29 - at 30.300 us: Warning: Timing violation in
   /network_proc_full_tb/uut/fifo_instance/ram_inst/inst/  $recovery(
   CLKB:30.300 us, CLKA:30.300 us,1.000 ns)

WARNING:Simulator:29 - at 30.300 us: Warning: Timing violation in
   /network_proc_full_tb/uut/fifo_instance/ram_inst/inst/  $recovery(
   CLKA:30.300 us, CLKB:30.300 us,1.000 ns)

WARNING:Simulator:29 - at 30.300 us: Warning: Timing violation in
   /network_proc_full_tb/uut/gpu_instance/ICache/inst/  $recovery( CLKB:30.300
   us, CLKA:30.300 us,1.000 ns)

WARNING:Simulator:29 - at 30.300 us: Warning: Timing violation in
   /network_proc_full_tb/uut/gpu_instance/ICache/inst/  $recovery( CLKA:30.300
   us, CLKB:30.300 us,1.000 ns)

WARNING:Simulator:29 - at 30.400 us: Warning: Timing violation in
   /network_proc_full_tb/uut/fifo_instance/ram_inst/inst/  $recovery(
   CLKB:30.400 us, CLKA:30.400 us,1.000 ns)

WARNING:Simulator:29 - at 30.400 us: Warning: Timing violation in
   /network_proc_full_tb/uut/fifo_instance/ram_inst/inst/  $recovery(
   CLKA:30.400 us, CLKB:30.400 us,1.000 ns)

WARNING:Simulator:29 - at 30.400 us: Warning: Timing violation in
   /network_proc_full_tb/uut/gpu_instance/ICache/inst/  $recovery( CLKB:30.400
   us, CLKA:30.400 us,1.000 ns)

WARNING:Simulator:29 - at 30.400 us: Warning: Timing violation in
   /network_proc_full_tb/uut/gpu_instance/ICache/inst/  $recovery( CLKA:30.400
   us, CLKB:30.400 us,1.000 ns)

WARNING:Simulator:29 - at 30.500 us: Warning: Timing violation in
   /network_proc_full_tb/uut/fifo_instance/ram_inst/inst/  $recovery(
   CLKB:30.500 us, CLKA:30.500 us,1.000 ns)

WARNING:Simulator:29 - at 30.500 us: Warning: Timing violation in
   /network_proc_full_tb/uut/fifo_instance/ram_inst/inst/  $recovery(
   CLKA:30.500 us, CLKB:30.500 us,1.000 ns)

WARNING:Simulator:29 - at 30.500 us: Warning: Timing violation in
   /network_proc_full_tb/uut/gpu_instance/ICache/inst/  $recovery( CLKB:30.500
   us, CLKA:30.500 us,1.000 ns)

WARNING:Simulator:29 - at 30.500 us: Warning: Timing violation in
   /network_proc_full_tb/uut/gpu_instance/ICache/inst/  $recovery( CLKA:30.500
   us, CLKB:30.500 us,1.000 ns)

WARNING:Simulator:29 - at 30.600 us: Warning: Timing violation in
   /network_proc_full_tb/uut/fifo_instance/ram_inst/inst/  $recovery(
   CLKB:30.600 us, CLKA:30.600 us,1.000 ns)

WARNING:Simulator:29 - at 30.600 us: Warning: Timing violation in
   /network_proc_full_tb/uut/fifo_instance/ram_inst/inst/  $recovery(
   CLKA:30.600 us, CLKB:30.600 us,1.000 ns)

WARNING:Simulator:29 - at 30.600 us: Warning: Timing violation in
   /network_proc_full_tb/uut/gpu_instance/ICache/inst/  $recovery( CLKB:30.600
   us, CLKA:30.600 us,1.000 ns)

WARNING:Simulator:29 - at 30.600 us: Warning: Timing violation in
   /network_proc_full_tb/uut/gpu_instance/ICache/inst/  $recovery( CLKA:30.600
   us, CLKB:30.600 us,1.000 ns)

WARNING:Simulator:29 - at 30.700 us: Warning: Timing violation in
   /network_proc_full_tb/uut/fifo_instance/ram_inst/inst/  $recovery(
   CLKB:30.700 us, CLKA:30.700 us,1.000 ns)

WARNING:Simulator:29 - at 30.700 us: Warning: Timing violation in
   /network_proc_full_tb/uut/fifo_instance/ram_inst/inst/  $recovery(
   CLKA:30.700 us, CLKB:30.700 us,1.000 ns)

WARNING:Simulator:29 - at 30.700 us: Warning: Timing violation in
   /network_proc_full_tb/uut/gpu_instance/ICache/inst/  $recovery( CLKB:30.700
   us, CLKA:30.700 us,1.000 ns)

WARNING:Simulator:29 - at 30.700 us: Warning: Timing violation in
   /network_proc_full_tb/uut/gpu_instance/ICache/inst/  $recovery( CLKA:30.700
   us, CLKB:30.700 us,1.000 ns)

WARNING:Simulator:29 - at 30.800 us: Warning: Timing violation in
   /network_proc_full_tb/uut/fifo_instance/ram_inst/inst/  $recovery(
   CLKB:30.800 us, CLKA:30.800 us,1.000 ns)

WARNING:Simulator:29 - at 30.800 us: Warning: Timing violation in
   /network_proc_full_tb/uut/fifo_instance/ram_inst/inst/  $recovery(
   CLKA:30.800 us, CLKB:30.800 us,1.000 ns)

WARNING:Simulator:29 - at 30.800 us: Warning: Timing violation in
   /network_proc_full_tb/uut/gpu_instance/ICache/inst/  $recovery( CLKB:30.800
   us, CLKA:30.800 us,1.000 ns)

WARNING:Simulator:29 - at 30.800 us: Warning: Timing violation in
   /network_proc_full_tb/uut/gpu_instance/ICache/inst/  $recovery( CLKA:30.800
   us, CLKB:30.800 us,1.000 ns)

WARNING:Simulator:29 - at 30.900 us: Warning: Timing violation in
   /network_proc_full_tb/uut/fifo_instance/ram_inst/inst/  $recovery(
   CLKB:30.900 us, CLKA:30.900 us,1.000 ns)

WARNING:Simulator:29 - at 30.900 us: Warning: Timing violation in
   /network_proc_full_tb/uut/fifo_instance/ram_inst/inst/  $recovery(
   CLKA:30.900 us, CLKB:30.900 us,1.000 ns)

WARNING:Simulator:29 - at 30.900 us: Warning: Timing violation in
   /network_proc_full_tb/uut/gpu_instance/ICache/inst/  $recovery( CLKB:30.900
   us, CLKA:30.900 us,1.000 ns)

WARNING:Simulator:29 - at 30.900 us: Warning: Timing violation in
   /network_proc_full_tb/uut/gpu_instance/ICache/inst/  $recovery( CLKA:30.900
   us, CLKB:30.900 us,1.000 ns)

WARNING:Simulator:29 - at 31.000 us: Warning: Timing violation in
   /network_proc_full_tb/uut/fifo_instance/ram_inst/inst/  $recovery(
   CLKB:31.000 us, CLKA:31.000 us,1.000 ns)

WARNING:Simulator:29 - at 31.000 us: Warning: Timing violation in
   /network_proc_full_tb/uut/fifo_instance/ram_inst/inst/  $recovery(
   CLKA:31.000 us, CLKB:31.000 us,1.000 ns)

WARNING:Simulator:29 - at 31.000 us: Warning: Timing violation in
   /network_proc_full_tb/uut/gpu_instance/ICache/inst/  $recovery( CLKB:31.000
   us, CLKA:31.000 us,1.000 ns)

WARNING:Simulator:29 - at 31.000 us: Warning: Timing violation in
   /network_proc_full_tb/uut/gpu_instance/ICache/inst/  $recovery( CLKA:31.000
   us, CLKB:31.000 us,1.000 ns)

WARNING:Simulator:29 - at 31.100 us: Warning: Timing violation in
   /network_proc_full_tb/uut/fifo_instance/ram_inst/inst/  $recovery(
   CLKB:31.100 us, CLKA:31.100 us,1.000 ns)

WARNING:Simulator:29 - at 31.100 us: Warning: Timing violation in
   /network_proc_full_tb/uut/fifo_instance/ram_inst/inst/  $recovery(
   CLKA:31.100 us, CLKB:31.100 us,1.000 ns)

WARNING:Simulator:29 - at 31.100 us: Warning: Timing violation in
   /network_proc_full_tb/uut/gpu_instance/ICache/inst/  $recovery( CLKB:31.100
   us, CLKA:31.100 us,1.000 ns)

WARNING:Simulator:29 - at 31.100 us: Warning: Timing violation in
   /network_proc_full_tb/uut/gpu_instance/ICache/inst/  $recovery( CLKA:31.100
   us, CLKB:31.100 us,1.000 ns)

WARNING:Simulator:29 - at 31.200 us: Warning: Timing violation in
   /network_proc_full_tb/uut/fifo_instance/ram_inst/inst/  $recovery(
   CLKB:31.200 us, CLKA:31.200 us,1.000 ns)

WARNING:Simulator:29 - at 31.200 us: Warning: Timing violation in
   /network_proc_full_tb/uut/fifo_instance/ram_inst/inst/  $recovery(
   CLKA:31.200 us, CLKB:31.200 us,1.000 ns)

WARNING:Simulator:29 - at 31.200 us: Warning: Timing violation in
   /network_proc_full_tb/uut/gpu_instance/ICache/inst/  $recovery( CLKB:31.200
   us, CLKA:31.200 us,1.000 ns)

WARNING:Simulator:29 - at 31.200 us: Warning: Timing violation in
   /network_proc_full_tb/uut/gpu_instance/ICache/inst/  $recovery( CLKA:31.200
   us, CLKB:31.200 us,1.000 ns)

WARNING:Simulator:29 - at 31.300 us: Warning: Timing violation in
   /network_proc_full_tb/uut/fifo_instance/ram_inst/inst/  $recovery(
   CLKB:31.300 us, CLKA:31.300 us,1.000 ns)

WARNING:Simulator:29 - at 31.300 us: Warning: Timing violation in
   /network_proc_full_tb/uut/fifo_instance/ram_inst/inst/  $recovery(
   CLKA:31.300 us, CLKB:31.300 us,1.000 ns)

WARNING:Simulator:29 - at 31.300 us: Warning: Timing violation in
   /network_proc_full_tb/uut/gpu_instance/ICache/inst/  $recovery( CLKB:31.300
   us, CLKA:31.300 us,1.000 ns)

WARNING:Simulator:29 - at 31.300 us: Warning: Timing violation in
   /network_proc_full_tb/uut/gpu_instance/ICache/inst/  $recovery( CLKA:31.300
   us, CLKB:31.300 us,1.000 ns)

WARNING:Simulator:29 - at 31.400 us: Warning: Timing violation in
   /network_proc_full_tb/uut/fifo_instance/ram_inst/inst/  $recovery(
   CLKB:31.400 us, CLKA:31.400 us,1.000 ns)

WARNING:Simulator:29 - at 31.400 us: Warning: Timing violation in
   /network_proc_full_tb/uut/fifo_instance/ram_inst/inst/  $recovery(
   CLKA:31.400 us, CLKB:31.400 us,1.000 ns)

WARNING:Simulator:29 - at 31.400 us: Warning: Timing violation in
   /network_proc_full_tb/uut/gpu_instance/ICache/inst/  $recovery( CLKB:31.400
   us, CLKA:31.400 us,1.000 ns)

WARNING:Simulator:29 - at 31.400 us: Warning: Timing violation in
   /network_proc_full_tb/uut/gpu_instance/ICache/inst/  $recovery( CLKA:31.400
   us, CLKB:31.400 us,1.000 ns)

WARNING:Simulator:29 - at 31.500 us: Warning: Timing violation in
   /network_proc_full_tb/uut/fifo_instance/ram_inst/inst/  $recovery(
   CLKB:31.500 us, CLKA:31.500 us,1.000 ns)

WARNING:Simulator:29 - at 31.500 us: Warning: Timing violation in
   /network_proc_full_tb/uut/fifo_instance/ram_inst/inst/  $recovery(
   CLKA:31.500 us, CLKB:31.500 us,1.000 ns)

WARNING:Simulator:29 - at 31.500 us: Warning: Timing violation in
   /network_proc_full_tb/uut/gpu_instance/ICache/inst/  $recovery( CLKB:31.500
   us, CLKA:31.500 us,1.000 ns)

WARNING:Simulator:29 - at 31.500 us: Warning: Timing violation in
   /network_proc_full_tb/uut/gpu_instance/ICache/inst/  $recovery( CLKA:31.500
   us, CLKB:31.500 us,1.000 ns)

WARNING:Simulator:29 - at 31.600 us: Warning: Timing violation in
   /network_proc_full_tb/uut/fifo_instance/ram_inst/inst/  $recovery(
   CLKB:31.600 us, CLKA:31.600 us,1.000 ns)

WARNING:Simulator:29 - at 31.600 us: Warning: Timing violation in
   /network_proc_full_tb/uut/fifo_instance/ram_inst/inst/  $recovery(
   CLKA:31.600 us, CLKB:31.600 us,1.000 ns)

WARNING:Simulator:29 - at 31.600 us: Warning: Timing violation in
   /network_proc_full_tb/uut/gpu_instance/ICache/inst/  $recovery( CLKB:31.600
   us, CLKA:31.600 us,1.000 ns)

WARNING:Simulator:29 - at 31.600 us: Warning: Timing violation in
   /network_proc_full_tb/uut/gpu_instance/ICache/inst/  $recovery( CLKA:31.600
   us, CLKB:31.600 us,1.000 ns)

WARNING:Simulator:29 - at 31.700 us: Warning: Timing violation in
   /network_proc_full_tb/uut/fifo_instance/ram_inst/inst/  $recovery(
   CLKB:31.700 us, CLKA:31.700 us,1.000 ns)

WARNING:Simulator:29 - at 31.700 us: Warning: Timing violation in
   /network_proc_full_tb/uut/fifo_instance/ram_inst/inst/  $recovery(
   CLKA:31.700 us, CLKB:31.700 us,1.000 ns)

WARNING:Simulator:29 - at 31.700 us: Warning: Timing violation in
   /network_proc_full_tb/uut/gpu_instance/ICache/inst/  $recovery( CLKB:31.700
   us, CLKA:31.700 us,1.000 ns)

WARNING:Simulator:29 - at 31.700 us: Warning: Timing violation in
   /network_proc_full_tb/uut/gpu_instance/ICache/inst/  $recovery( CLKA:31.700
   us, CLKB:31.700 us,1.000 ns)

WARNING:Simulator:29 - at 31.800 us: Warning: Timing violation in
   /network_proc_full_tb/uut/fifo_instance/ram_inst/inst/  $recovery(
   CLKB:31.800 us, CLKA:31.800 us,1.000 ns)

WARNING:Simulator:29 - at 31.800 us: Warning: Timing violation in
   /network_proc_full_tb/uut/fifo_instance/ram_inst/inst/  $recovery(
   CLKA:31.800 us, CLKB:31.800 us,1.000 ns)

WARNING:Simulator:29 - at 31.800 us: Warning: Timing violation in
   /network_proc_full_tb/uut/gpu_instance/ICache/inst/  $recovery( CLKB:31.800
   us, CLKA:31.800 us,1.000 ns)

WARNING:Simulator:29 - at 31.800 us: Warning: Timing violation in
   /network_proc_full_tb/uut/gpu_instance/ICache/inst/  $recovery( CLKA:31.800
   us, CLKB:31.800 us,1.000 ns)

WARNING:Simulator:29 - at 31.900 us: Warning: Timing violation in
   /network_proc_full_tb/uut/fifo_instance/ram_inst/inst/  $recovery(
   CLKB:31.900 us, CLKA:31.900 us,1.000 ns)

WARNING:Simulator:29 - at 31.900 us: Warning: Timing violation in
   /network_proc_full_tb/uut/fifo_instance/ram_inst/inst/  $recovery(
   CLKA:31.900 us, CLKB:31.900 us,1.000 ns)

WARNING:Simulator:29 - at 31.900 us: Warning: Timing violation in
   /network_proc_full_tb/uut/gpu_instance/ICache/inst/  $recovery( CLKB:31.900
   us, CLKA:31.900 us,1.000 ns)

WARNING:Simulator:29 - at 31.900 us: Warning: Timing violation in
   /network_proc_full_tb/uut/gpu_instance/ICache/inst/  $recovery( CLKA:31.900
   us, CLKB:31.900 us,1.000 ns)

WARNING:Simulator:29 - at 32.000 us: Warning: Timing violation in
   /network_proc_full_tb/uut/fifo_instance/ram_inst/inst/  $recovery(
   CLKB:32.000 us, CLKA:32.000 us,1.000 ns)

WARNING:Simulator:29 - at 32.000 us: Warning: Timing violation in
   /network_proc_full_tb/uut/fifo_instance/ram_inst/inst/  $recovery(
   CLKA:32.000 us, CLKB:32.000 us,1.000 ns)

WARNING:Simulator:29 - at 32.000 us: Warning: Timing violation in
   /network_proc_full_tb/uut/gpu_instance/ICache/inst/  $recovery( CLKB:32.000
   us, CLKA:32.000 us,1.000 ns)

WARNING:Simulator:29 - at 32.000 us: Warning: Timing violation in
   /network_proc_full_tb/uut/gpu_instance/ICache/inst/  $recovery( CLKA:32.000
   us, CLKB:32.000 us,1.000 ns)

WARNING:Simulator:29 - at 32.100 us: Warning: Timing violation in
   /network_proc_full_tb/uut/fifo_instance/ram_inst/inst/  $recovery(
   CLKB:32.100 us, CLKA:32.100 us,1.000 ns)

WARNING:Simulator:29 - at 32.100 us: Warning: Timing violation in
   /network_proc_full_tb/uut/fifo_instance/ram_inst/inst/  $recovery(
   CLKA:32.100 us, CLKB:32.100 us,1.000 ns)

WARNING:Simulator:29 - at 32.100 us: Warning: Timing violation in
   /network_proc_full_tb/uut/gpu_instance/ICache/inst/  $recovery( CLKB:32.100
   us, CLKA:32.100 us,1.000 ns)

WARNING:Simulator:29 - at 32.100 us: Warning: Timing violation in
   /network_proc_full_tb/uut/gpu_instance/ICache/inst/  $recovery( CLKA:32.100
   us, CLKB:32.100 us,1.000 ns)

WARNING:Simulator:29 - at 32.200 us: Warning: Timing violation in
   /network_proc_full_tb/uut/fifo_instance/ram_inst/inst/  $recovery(
   CLKB:32.200 us, CLKA:32.200 us,1.000 ns)

WARNING:Simulator:29 - at 32.200 us: Warning: Timing violation in
   /network_proc_full_tb/uut/fifo_instance/ram_inst/inst/  $recovery(
   CLKA:32.200 us, CLKB:32.200 us,1.000 ns)

WARNING:Simulator:29 - at 32.200 us: Warning: Timing violation in
   /network_proc_full_tb/uut/gpu_instance/ICache/inst/  $recovery( CLKB:32.200
   us, CLKA:32.200 us,1.000 ns)

WARNING:Simulator:29 - at 32.200 us: Warning: Timing violation in
   /network_proc_full_tb/uut/gpu_instance/ICache/inst/  $recovery( CLKA:32.200
   us, CLKB:32.200 us,1.000 ns)

WARNING:Simulator:29 - at 32.300 us: Warning: Timing violation in
   /network_proc_full_tb/uut/fifo_instance/ram_inst/inst/  $recovery(
   CLKB:32.300 us, CLKA:32.300 us,1.000 ns)

WARNING:Simulator:29 - at 32.300 us: Warning: Timing violation in
   /network_proc_full_tb/uut/fifo_instance/ram_inst/inst/  $recovery(
   CLKA:32.300 us, CLKB:32.300 us,1.000 ns)

WARNING:Simulator:29 - at 32.300 us: Warning: Timing violation in
   /network_proc_full_tb/uut/gpu_instance/ICache/inst/  $recovery( CLKB:32.300
   us, CLKA:32.300 us,1.000 ns)

WARNING:Simulator:29 - at 32.300 us: Warning: Timing violation in
   /network_proc_full_tb/uut/gpu_instance/ICache/inst/  $recovery( CLKA:32.300
   us, CLKB:32.300 us,1.000 ns)

WARNING:Simulator:29 - at 32.400 us: Warning: Timing violation in
   /network_proc_full_tb/uut/fifo_instance/ram_inst/inst/  $recovery(
   CLKB:32.400 us, CLKA:32.400 us,1.000 ns)

WARNING:Simulator:29 - at 32.400 us: Warning: Timing violation in
   /network_proc_full_tb/uut/fifo_instance/ram_inst/inst/  $recovery(
   CLKA:32.400 us, CLKB:32.400 us,1.000 ns)

WARNING:Simulator:29 - at 32.400 us: Warning: Timing violation in
   /network_proc_full_tb/uut/gpu_instance/ICache/inst/  $recovery( CLKB:32.400
   us, CLKA:32.400 us,1.000 ns)

WARNING:Simulator:29 - at 32.400 us: Warning: Timing violation in
   /network_proc_full_tb/uut/gpu_instance/ICache/inst/  $recovery( CLKA:32.400
   us, CLKB:32.400 us,1.000 ns)

WARNING:Simulator:29 - at 32.500 us: Warning: Timing violation in
   /network_proc_full_tb/uut/fifo_instance/ram_inst/inst/  $recovery(
   CLKB:32.500 us, CLKA:32.500 us,1.000 ns)

WARNING:Simulator:29 - at 32.500 us: Warning: Timing violation in
   /network_proc_full_tb/uut/fifo_instance/ram_inst/inst/  $recovery(
   CLKA:32.500 us, CLKB:32.500 us,1.000 ns)

WARNING:Simulator:29 - at 32.500 us: Warning: Timing violation in
   /network_proc_full_tb/uut/gpu_instance/ICache/inst/  $recovery( CLKB:32.500
   us, CLKA:32.500 us,1.000 ns)

WARNING:Simulator:29 - at 32.500 us: Warning: Timing violation in
   /network_proc_full_tb/uut/gpu_instance/ICache/inst/  $recovery( CLKA:32.500
   us, CLKB:32.500 us,1.000 ns)

WARNING:Simulator:29 - at 32.600 us: Warning: Timing violation in
   /network_proc_full_tb/uut/fifo_instance/ram_inst/inst/  $recovery(
   CLKB:32.600 us, CLKA:32.600 us,1.000 ns)

WARNING:Simulator:29 - at 32.600 us: Warning: Timing violation in
   /network_proc_full_tb/uut/fifo_instance/ram_inst/inst/  $recovery(
   CLKA:32.600 us, CLKB:32.600 us,1.000 ns)

WARNING:Simulator:29 - at 32.600 us: Warning: Timing violation in
   /network_proc_full_tb/uut/gpu_instance/ICache/inst/  $recovery( CLKB:32.600
   us, CLKA:32.600 us,1.000 ns)

WARNING:Simulator:29 - at 32.600 us: Warning: Timing violation in
   /network_proc_full_tb/uut/gpu_instance/ICache/inst/  $recovery( CLKA:32.600
   us, CLKB:32.600 us,1.000 ns)

WARNING:Simulator:29 - at 32.700 us: Warning: Timing violation in
   /network_proc_full_tb/uut/fifo_instance/ram_inst/inst/  $recovery(
   CLKB:32.700 us, CLKA:32.700 us,1.000 ns)

WARNING:Simulator:29 - at 32.700 us: Warning: Timing violation in
   /network_proc_full_tb/uut/fifo_instance/ram_inst/inst/  $recovery(
   CLKA:32.700 us, CLKB:32.700 us,1.000 ns)

WARNING:Simulator:29 - at 32.700 us: Warning: Timing violation in
   /network_proc_full_tb/uut/gpu_instance/ICache/inst/  $recovery( CLKB:32.700
   us, CLKA:32.700 us,1.000 ns)

WARNING:Simulator:29 - at 32.700 us: Warning: Timing violation in
   /network_proc_full_tb/uut/gpu_instance/ICache/inst/  $recovery( CLKA:32.700
   us, CLKB:32.700 us,1.000 ns)

WARNING:Simulator:29 - at 32.800 us: Warning: Timing violation in
   /network_proc_full_tb/uut/fifo_instance/ram_inst/inst/  $recovery(
   CLKB:32.800 us, CLKA:32.800 us,1.000 ns)

WARNING:Simulator:29 - at 32.800 us: Warning: Timing violation in
   /network_proc_full_tb/uut/fifo_instance/ram_inst/inst/  $recovery(
   CLKA:32.800 us, CLKB:32.800 us,1.000 ns)

WARNING:Simulator:29 - at 32.800 us: Warning: Timing violation in
   /network_proc_full_tb/uut/gpu_instance/ICache/inst/  $recovery( CLKB:32.800
   us, CLKA:32.800 us,1.000 ns)

WARNING:Simulator:29 - at 32.800 us: Warning: Timing violation in
   /network_proc_full_tb/uut/gpu_instance/ICache/inst/  $recovery( CLKA:32.800
   us, CLKB:32.800 us,1.000 ns)

WARNING:Simulator:29 - at 32.900 us: Warning: Timing violation in
   /network_proc_full_tb/uut/fifo_instance/ram_inst/inst/  $recovery(
   CLKB:32.900 us, CLKA:32.900 us,1.000 ns)

WARNING:Simulator:29 - at 32.900 us: Warning: Timing violation in
   /network_proc_full_tb/uut/fifo_instance/ram_inst/inst/  $recovery(
   CLKA:32.900 us, CLKB:32.900 us,1.000 ns)

WARNING:Simulator:29 - at 32.900 us: Warning: Timing violation in
   /network_proc_full_tb/uut/gpu_instance/ICache/inst/  $recovery( CLKB:32.900
   us, CLKA:32.900 us,1.000 ns)

WARNING:Simulator:29 - at 32.900 us: Warning: Timing violation in
   /network_proc_full_tb/uut/gpu_instance/ICache/inst/  $recovery( CLKA:32.900
   us, CLKB:32.900 us,1.000 ns)

WARNING:Simulator:29 - at 33.000 us: Warning: Timing violation in
   /network_proc_full_tb/uut/fifo_instance/ram_inst/inst/  $recovery(
   CLKB:33.000 us, CLKA:33.000 us,1.000 ns)

WARNING:Simulator:29 - at 33.000 us: Warning: Timing violation in
   /network_proc_full_tb/uut/fifo_instance/ram_inst/inst/  $recovery(
   CLKA:33.000 us, CLKB:33.000 us,1.000 ns)

WARNING:Simulator:29 - at 33.000 us: Warning: Timing violation in
   /network_proc_full_tb/uut/gpu_instance/ICache/inst/  $recovery( CLKB:33.000
   us, CLKA:33.000 us,1.000 ns)

WARNING:Simulator:29 - at 33.000 us: Warning: Timing violation in
   /network_proc_full_tb/uut/gpu_instance/ICache/inst/  $recovery( CLKA:33.000
   us, CLKB:33.000 us,1.000 ns)

WARNING:Simulator:29 - at 33.100 us: Warning: Timing violation in
   /network_proc_full_tb/uut/fifo_instance/ram_inst/inst/  $recovery(
   CLKB:33.100 us, CLKA:33.100 us,1.000 ns)

WARNING:Simulator:29 - at 33.100 us: Warning: Timing violation in
   /network_proc_full_tb/uut/fifo_instance/ram_inst/inst/  $recovery(
   CLKA:33.100 us, CLKB:33.100 us,1.000 ns)

WARNING:Simulator:29 - at 33.100 us: Warning: Timing violation in
   /network_proc_full_tb/uut/gpu_instance/ICache/inst/  $recovery( CLKB:33.100
   us, CLKA:33.100 us,1.000 ns)

WARNING:Simulator:29 - at 33.100 us: Warning: Timing violation in
   /network_proc_full_tb/uut/gpu_instance/ICache/inst/  $recovery( CLKA:33.100
   us, CLKB:33.100 us,1.000 ns)

WARNING:Simulator:29 - at 33.200 us: Warning: Timing violation in
   /network_proc_full_tb/uut/fifo_instance/ram_inst/inst/  $recovery(
   CLKB:33.200 us, CLKA:33.200 us,1.000 ns)

WARNING:Simulator:29 - at 33.200 us: Warning: Timing violation in
   /network_proc_full_tb/uut/fifo_instance/ram_inst/inst/  $recovery(
   CLKA:33.200 us, CLKB:33.200 us,1.000 ns)

WARNING:Simulator:29 - at 33.200 us: Warning: Timing violation in
   /network_proc_full_tb/uut/gpu_instance/ICache/inst/  $recovery( CLKB:33.200
   us, CLKA:33.200 us,1.000 ns)

WARNING:Simulator:29 - at 33.200 us: Warning: Timing violation in
   /network_proc_full_tb/uut/gpu_instance/ICache/inst/  $recovery( CLKA:33.200
   us, CLKB:33.200 us,1.000 ns)

WARNING:Simulator:29 - at 33.300 us: Warning: Timing violation in
   /network_proc_full_tb/uut/fifo_instance/ram_inst/inst/  $recovery(
   CLKB:33.300 us, CLKA:33.300 us,1.000 ns)

WARNING:Simulator:29 - at 33.300 us: Warning: Timing violation in
   /network_proc_full_tb/uut/fifo_instance/ram_inst/inst/  $recovery(
   CLKA:33.300 us, CLKB:33.300 us,1.000 ns)

WARNING:Simulator:29 - at 33.300 us: Warning: Timing violation in
   /network_proc_full_tb/uut/gpu_instance/ICache/inst/  $recovery( CLKB:33.300
   us, CLKA:33.300 us,1.000 ns)

WARNING:Simulator:29 - at 33.300 us: Warning: Timing violation in
   /network_proc_full_tb/uut/gpu_instance/ICache/inst/  $recovery( CLKA:33.300
   us, CLKB:33.300 us,1.000 ns)

WARNING:Simulator:29 - at 33.400 us: Warning: Timing violation in
   /network_proc_full_tb/uut/fifo_instance/ram_inst/inst/  $recovery(
   CLKB:33.400 us, CLKA:33.400 us,1.000 ns)

WARNING:Simulator:29 - at 33.400 us: Warning: Timing violation in
   /network_proc_full_tb/uut/fifo_instance/ram_inst/inst/  $recovery(
   CLKA:33.400 us, CLKB:33.400 us,1.000 ns)

WARNING:Simulator:29 - at 33.400 us: Warning: Timing violation in
   /network_proc_full_tb/uut/gpu_instance/ICache/inst/  $recovery( CLKB:33.400
   us, CLKA:33.400 us,1.000 ns)

WARNING:Simulator:29 - at 33.400 us: Warning: Timing violation in
   /network_proc_full_tb/uut/gpu_instance/ICache/inst/  $recovery( CLKA:33.400
   us, CLKB:33.400 us,1.000 ns)

WARNING:Simulator:29 - at 33.500 us: Warning: Timing violation in
   /network_proc_full_tb/uut/fifo_instance/ram_inst/inst/  $recovery(
   CLKB:33.500 us, CLKA:33.500 us,1.000 ns)

WARNING:Simulator:29 - at 33.500 us: Warning: Timing violation in
   /network_proc_full_tb/uut/fifo_instance/ram_inst/inst/  $recovery(
   CLKA:33.500 us, CLKB:33.500 us,1.000 ns)

WARNING:Simulator:29 - at 33.500 us: Warning: Timing violation in
   /network_proc_full_tb/uut/gpu_instance/ICache/inst/  $recovery( CLKB:33.500
   us, CLKA:33.500 us,1.000 ns)

WARNING:Simulator:29 - at 33.500 us: Warning: Timing violation in
   /network_proc_full_tb/uut/gpu_instance/ICache/inst/  $recovery( CLKA:33.500
   us, CLKB:33.500 us,1.000 ns)

WARNING:Simulator:29 - at 33.600 us: Warning: Timing violation in
   /network_proc_full_tb/uut/fifo_instance/ram_inst/inst/  $recovery(
   CLKB:33.600 us, CLKA:33.600 us,1.000 ns)

WARNING:Simulator:29 - at 33.600 us: Warning: Timing violation in
   /network_proc_full_tb/uut/fifo_instance/ram_inst/inst/  $recovery(
   CLKA:33.600 us, CLKB:33.600 us,1.000 ns)

WARNING:Simulator:29 - at 33.600 us: Warning: Timing violation in
   /network_proc_full_tb/uut/gpu_instance/ICache/inst/  $recovery( CLKB:33.600
   us, CLKA:33.600 us,1.000 ns)

WARNING:Simulator:29 - at 33.600 us: Warning: Timing violation in
   /network_proc_full_tb/uut/gpu_instance/ICache/inst/  $recovery( CLKA:33.600
   us, CLKB:33.600 us,1.000 ns)

WARNING:Simulator:29 - at 33.700 us: Warning: Timing violation in
   /network_proc_full_tb/uut/fifo_instance/ram_inst/inst/  $recovery(
   CLKB:33.700 us, CLKA:33.700 us,1.000 ns)

WARNING:Simulator:29 - at 33.700 us: Warning: Timing violation in
   /network_proc_full_tb/uut/fifo_instance/ram_inst/inst/  $recovery(
   CLKA:33.700 us, CLKB:33.700 us,1.000 ns)

WARNING:Simulator:29 - at 33.700 us: Warning: Timing violation in
   /network_proc_full_tb/uut/gpu_instance/ICache/inst/  $recovery( CLKB:33.700
   us, CLKA:33.700 us,1.000 ns)

WARNING:Simulator:29 - at 33.700 us: Warning: Timing violation in
   /network_proc_full_tb/uut/gpu_instance/ICache/inst/  $recovery( CLKA:33.700
   us, CLKB:33.700 us,1.000 ns)

WARNING:Simulator:29 - at 33.800 us: Warning: Timing violation in
   /network_proc_full_tb/uut/fifo_instance/ram_inst/inst/  $recovery(
   CLKB:33.800 us, CLKA:33.800 us,1.000 ns)

WARNING:Simulator:29 - at 33.800 us: Warning: Timing violation in
   /network_proc_full_tb/uut/fifo_instance/ram_inst/inst/  $recovery(
   CLKA:33.800 us, CLKB:33.800 us,1.000 ns)

WARNING:Simulator:29 - at 33.800 us: Warning: Timing violation in
   /network_proc_full_tb/uut/gpu_instance/ICache/inst/  $recovery( CLKB:33.800
   us, CLKA:33.800 us,1.000 ns)

WARNING:Simulator:29 - at 33.800 us: Warning: Timing violation in
   /network_proc_full_tb/uut/gpu_instance/ICache/inst/  $recovery( CLKA:33.800
   us, CLKB:33.800 us,1.000 ns)

WARNING:Simulator:29 - at 33.900 us: Warning: Timing violation in
   /network_proc_full_tb/uut/fifo_instance/ram_inst/inst/  $recovery(
   CLKB:33.900 us, CLKA:33.900 us,1.000 ns)

WARNING:Simulator:29 - at 33.900 us: Warning: Timing violation in
   /network_proc_full_tb/uut/fifo_instance/ram_inst/inst/  $recovery(
   CLKA:33.900 us, CLKB:33.900 us,1.000 ns)

WARNING:Simulator:29 - at 33.900 us: Warning: Timing violation in
   /network_proc_full_tb/uut/gpu_instance/ICache/inst/  $recovery( CLKB:33.900
   us, CLKA:33.900 us,1.000 ns)

WARNING:Simulator:29 - at 33.900 us: Warning: Timing violation in
   /network_proc_full_tb/uut/gpu_instance/ICache/inst/  $recovery( CLKA:33.900
   us, CLKB:33.900 us,1.000 ns)

WARNING:Simulator:29 - at 34.000 us: Warning: Timing violation in
   /network_proc_full_tb/uut/fifo_instance/ram_inst/inst/  $recovery(
   CLKB:34.000 us, CLKA:34.000 us,1.000 ns)

WARNING:Simulator:29 - at 34.000 us: Warning: Timing violation in
   /network_proc_full_tb/uut/fifo_instance/ram_inst/inst/  $recovery(
   CLKA:34.000 us, CLKB:34.000 us,1.000 ns)

WARNING:Simulator:29 - at 34.000 us: Warning: Timing violation in
   /network_proc_full_tb/uut/gpu_instance/ICache/inst/  $recovery( CLKB:34.000
   us, CLKA:34.000 us,1.000 ns)

WARNING:Simulator:29 - at 34.000 us: Warning: Timing violation in
   /network_proc_full_tb/uut/gpu_instance/ICache/inst/  $recovery( CLKA:34.000
   us, CLKB:34.000 us,1.000 ns)

WARNING:Simulator:29 - at 34.100 us: Warning: Timing violation in
   /network_proc_full_tb/uut/fifo_instance/ram_inst/inst/  $recovery(
   CLKB:34.100 us, CLKA:34.100 us,1.000 ns)

WARNING:Simulator:29 - at 34.100 us: Warning: Timing violation in
   /network_proc_full_tb/uut/fifo_instance/ram_inst/inst/  $recovery(
   CLKA:34.100 us, CLKB:34.100 us,1.000 ns)

WARNING:Simulator:29 - at 34.100 us: Warning: Timing violation in
   /network_proc_full_tb/uut/gpu_instance/ICache/inst/  $recovery( CLKB:34.100
   us, CLKA:34.100 us,1.000 ns)

WARNING:Simulator:29 - at 34.100 us: Warning: Timing violation in
   /network_proc_full_tb/uut/gpu_instance/ICache/inst/  $recovery( CLKA:34.100
   us, CLKB:34.100 us,1.000 ns)

WARNING:Simulator:29 - at 34.200 us: Warning: Timing violation in
   /network_proc_full_tb/uut/fifo_instance/ram_inst/inst/  $recovery(
   CLKB:34.200 us, CLKA:34.200 us,1.000 ns)

WARNING:Simulator:29 - at 34.200 us: Warning: Timing violation in
   /network_proc_full_tb/uut/fifo_instance/ram_inst/inst/  $recovery(
   CLKA:34.200 us, CLKB:34.200 us,1.000 ns)

WARNING:Simulator:29 - at 34.200 us: Warning: Timing violation in
   /network_proc_full_tb/uut/gpu_instance/ICache/inst/  $recovery( CLKB:34.200
   us, CLKA:34.200 us,1.000 ns)

WARNING:Simulator:29 - at 34.200 us: Warning: Timing violation in
   /network_proc_full_tb/uut/gpu_instance/ICache/inst/  $recovery( CLKA:34.200
   us, CLKB:34.200 us,1.000 ns)

WARNING:Simulator:29 - at 34.300 us: Warning: Timing violation in
   /network_proc_full_tb/uut/fifo_instance/ram_inst/inst/  $recovery(
   CLKB:34.300 us, CLKA:34.300 us,1.000 ns)

WARNING:Simulator:29 - at 34.300 us: Warning: Timing violation in
   /network_proc_full_tb/uut/fifo_instance/ram_inst/inst/  $recovery(
   CLKA:34.300 us, CLKB:34.300 us,1.000 ns)

WARNING:Simulator:29 - at 34.300 us: Warning: Timing violation in
   /network_proc_full_tb/uut/gpu_instance/ICache/inst/  $recovery( CLKB:34.300
   us, CLKA:34.300 us,1.000 ns)

WARNING:Simulator:29 - at 34.300 us: Warning: Timing violation in
   /network_proc_full_tb/uut/gpu_instance/ICache/inst/  $recovery( CLKA:34.300
   us, CLKB:34.300 us,1.000 ns)

WARNING:Simulator:29 - at 34.400 us: Warning: Timing violation in
   /network_proc_full_tb/uut/fifo_instance/ram_inst/inst/  $recovery(
   CLKB:34.400 us, CLKA:34.400 us,1.000 ns)

WARNING:Simulator:29 - at 34.400 us: Warning: Timing violation in
   /network_proc_full_tb/uut/fifo_instance/ram_inst/inst/  $recovery(
   CLKA:34.400 us, CLKB:34.400 us,1.000 ns)

WARNING:Simulator:29 - at 34.400 us: Warning: Timing violation in
   /network_proc_full_tb/uut/gpu_instance/ICache/inst/  $recovery( CLKB:34.400
   us, CLKA:34.400 us,1.000 ns)

WARNING:Simulator:29 - at 34.400 us: Warning: Timing violation in
   /network_proc_full_tb/uut/gpu_instance/ICache/inst/  $recovery( CLKA:34.400
   us, CLKB:34.400 us,1.000 ns)

WARNING:Simulator:29 - at 34.500 us: Warning: Timing violation in
   /network_proc_full_tb/uut/fifo_instance/ram_inst/inst/  $recovery(
   CLKB:34.500 us, CLKA:34.500 us,1.000 ns)

WARNING:Simulator:29 - at 34.500 us: Warning: Timing violation in
   /network_proc_full_tb/uut/fifo_instance/ram_inst/inst/  $recovery(
   CLKA:34.500 us, CLKB:34.500 us,1.000 ns)

WARNING:Simulator:29 - at 34.500 us: Warning: Timing violation in
   /network_proc_full_tb/uut/gpu_instance/ICache/inst/  $recovery( CLKB:34.500
   us, CLKA:34.500 us,1.000 ns)

WARNING:Simulator:29 - at 34.500 us: Warning: Timing violation in
   /network_proc_full_tb/uut/gpu_instance/ICache/inst/  $recovery( CLKA:34.500
   us, CLKB:34.500 us,1.000 ns)

WARNING:Simulator:29 - at 34.600 us: Warning: Timing violation in
   /network_proc_full_tb/uut/fifo_instance/ram_inst/inst/  $recovery(
   CLKB:34.600 us, CLKA:34.600 us,1.000 ns)

WARNING:Simulator:29 - at 34.600 us: Warning: Timing violation in
   /network_proc_full_tb/uut/fifo_instance/ram_inst/inst/  $recovery(
   CLKA:34.600 us, CLKB:34.600 us,1.000 ns)

WARNING:Simulator:29 - at 34.600 us: Warning: Timing violation in
   /network_proc_full_tb/uut/gpu_instance/ICache/inst/  $recovery( CLKB:34.600
   us, CLKA:34.600 us,1.000 ns)

WARNING:Simulator:29 - at 34.600 us: Warning: Timing violation in
   /network_proc_full_tb/uut/gpu_instance/ICache/inst/  $recovery( CLKA:34.600
   us, CLKB:34.600 us,1.000 ns)

WARNING:Simulator:29 - at 34.700 us: Warning: Timing violation in
   /network_proc_full_tb/uut/fifo_instance/ram_inst/inst/  $recovery(
   CLKB:34.700 us, CLKA:34.700 us,1.000 ns)

WARNING:Simulator:29 - at 34.700 us: Warning: Timing violation in
   /network_proc_full_tb/uut/fifo_instance/ram_inst/inst/  $recovery(
   CLKA:34.700 us, CLKB:34.700 us,1.000 ns)

WARNING:Simulator:29 - at 34.700 us: Warning: Timing violation in
   /network_proc_full_tb/uut/gpu_instance/ICache/inst/  $recovery( CLKB:34.700
   us, CLKA:34.700 us,1.000 ns)

WARNING:Simulator:29 - at 34.700 us: Warning: Timing violation in
   /network_proc_full_tb/uut/gpu_instance/ICache/inst/  $recovery( CLKA:34.700
   us, CLKB:34.700 us,1.000 ns)

WARNING:Simulator:29 - at 34.800 us: Warning: Timing violation in
   /network_proc_full_tb/uut/fifo_instance/ram_inst/inst/  $recovery(
   CLKB:34.800 us, CLKA:34.800 us,1.000 ns)

WARNING:Simulator:29 - at 34.800 us: Warning: Timing violation in
   /network_proc_full_tb/uut/fifo_instance/ram_inst/inst/  $recovery(
   CLKA:34.800 us, CLKB:34.800 us,1.000 ns)

WARNING:Simulator:29 - at 34.800 us: Warning: Timing violation in
   /network_proc_full_tb/uut/gpu_instance/ICache/inst/  $recovery( CLKB:34.800
   us, CLKA:34.800 us,1.000 ns)

WARNING:Simulator:29 - at 34.800 us: Warning: Timing violation in
   /network_proc_full_tb/uut/gpu_instance/ICache/inst/  $recovery( CLKA:34.800
   us, CLKB:34.800 us,1.000 ns)

WARNING:Simulator:29 - at 34.900 us: Warning: Timing violation in
   /network_proc_full_tb/uut/fifo_instance/ram_inst/inst/  $recovery(
   CLKB:34.900 us, CLKA:34.900 us,1.000 ns)

WARNING:Simulator:29 - at 34.900 us: Warning: Timing violation in
   /network_proc_full_tb/uut/fifo_instance/ram_inst/inst/  $recovery(
   CLKA:34.900 us, CLKB:34.900 us,1.000 ns)

WARNING:Simulator:29 - at 34.900 us: Warning: Timing violation in
   /network_proc_full_tb/uut/gpu_instance/ICache/inst/  $recovery( CLKB:34.900
   us, CLKA:34.900 us,1.000 ns)

WARNING:Simulator:29 - at 34.900 us: Warning: Timing violation in
   /network_proc_full_tb/uut/gpu_instance/ICache/inst/  $recovery( CLKA:34.900
   us, CLKB:34.900 us,1.000 ns)

WARNING:Simulator:29 - at 35.000 us: Warning: Timing violation in
   /network_proc_full_tb/uut/fifo_instance/ram_inst/inst/  $recovery(
   CLKB:35.000 us, CLKA:35.000 us,1.000 ns)

WARNING:Simulator:29 - at 35.000 us: Warning: Timing violation in
   /network_proc_full_tb/uut/fifo_instance/ram_inst/inst/  $recovery(
   CLKA:35.000 us, CLKB:35.000 us,1.000 ns)

WARNING:Simulator:29 - at 35.000 us: Warning: Timing violation in
   /network_proc_full_tb/uut/gpu_instance/ICache/inst/  $recovery( CLKB:35.000
   us, CLKA:35.000 us,1.000 ns)

WARNING:Simulator:29 - at 35.000 us: Warning: Timing violation in
   /network_proc_full_tb/uut/gpu_instance/ICache/inst/  $recovery( CLKA:35.000
   us, CLKB:35.000 us,1.000 ns)

WARNING:Simulator:29 - at 35.100 us: Warning: Timing violation in
   /network_proc_full_tb/uut/fifo_instance/ram_inst/inst/  $recovery(
   CLKB:35.100 us, CLKA:35.100 us,1.000 ns)

WARNING:Simulator:29 - at 35.100 us: Warning: Timing violation in
   /network_proc_full_tb/uut/fifo_instance/ram_inst/inst/  $recovery(
   CLKA:35.100 us, CLKB:35.100 us,1.000 ns)

WARNING:Simulator:29 - at 35.100 us: Warning: Timing violation in
   /network_proc_full_tb/uut/gpu_instance/ICache/inst/  $recovery( CLKB:35.100
   us, CLKA:35.100 us,1.000 ns)

WARNING:Simulator:29 - at 35.100 us: Warning: Timing violation in
   /network_proc_full_tb/uut/gpu_instance/ICache/inst/  $recovery( CLKA:35.100
   us, CLKB:35.100 us,1.000 ns)

WARNING:Simulator:29 - at 35.200 us: Warning: Timing violation in
   /network_proc_full_tb/uut/fifo_instance/ram_inst/inst/  $recovery(
   CLKB:35.200 us, CLKA:35.200 us,1.000 ns)

WARNING:Simulator:29 - at 35.200 us: Warning: Timing violation in
   /network_proc_full_tb/uut/fifo_instance/ram_inst/inst/  $recovery(
   CLKA:35.200 us, CLKB:35.200 us,1.000 ns)

WARNING:Simulator:29 - at 35.200 us: Warning: Timing violation in
   /network_proc_full_tb/uut/gpu_instance/ICache/inst/  $recovery( CLKB:35.200
   us, CLKA:35.200 us,1.000 ns)

WARNING:Simulator:29 - at 35.200 us: Warning: Timing violation in
   /network_proc_full_tb/uut/gpu_instance/ICache/inst/  $recovery( CLKA:35.200
   us, CLKB:35.200 us,1.000 ns)

WARNING:Simulator:29 - at 35.300 us: Warning: Timing violation in
   /network_proc_full_tb/uut/fifo_instance/ram_inst/inst/  $recovery(
   CLKB:35.300 us, CLKA:35.300 us,1.000 ns)

WARNING:Simulator:29 - at 35.300 us: Warning: Timing violation in
   /network_proc_full_tb/uut/fifo_instance/ram_inst/inst/  $recovery(
   CLKA:35.300 us, CLKB:35.300 us,1.000 ns)

WARNING:Simulator:29 - at 35.300 us: Warning: Timing violation in
   /network_proc_full_tb/uut/gpu_instance/ICache/inst/  $recovery( CLKB:35.300
   us, CLKA:35.300 us,1.000 ns)

WARNING:Simulator:29 - at 35.300 us: Warning: Timing violation in
   /network_proc_full_tb/uut/gpu_instance/ICache/inst/  $recovery( CLKA:35.300
   us, CLKB:35.300 us,1.000 ns)

WARNING:Simulator:29 - at 35.400 us: Warning: Timing violation in
   /network_proc_full_tb/uut/fifo_instance/ram_inst/inst/  $recovery(
   CLKB:35.400 us, CLKA:35.400 us,1.000 ns)

WARNING:Simulator:29 - at 35.400 us: Warning: Timing violation in
   /network_proc_full_tb/uut/fifo_instance/ram_inst/inst/  $recovery(
   CLKA:35.400 us, CLKB:35.400 us,1.000 ns)

WARNING:Simulator:29 - at 35.400 us: Warning: Timing violation in
   /network_proc_full_tb/uut/gpu_instance/ICache/inst/  $recovery( CLKB:35.400
   us, CLKA:35.400 us,1.000 ns)

WARNING:Simulator:29 - at 35.400 us: Warning: Timing violation in
   /network_proc_full_tb/uut/gpu_instance/ICache/inst/  $recovery( CLKA:35.400
   us, CLKB:35.400 us,1.000 ns)

WARNING:Simulator:29 - at 35.500 us: Warning: Timing violation in
   /network_proc_full_tb/uut/fifo_instance/ram_inst/inst/  $recovery(
   CLKB:35.500 us, CLKA:35.500 us,1.000 ns)

WARNING:Simulator:29 - at 35.500 us: Warning: Timing violation in
   /network_proc_full_tb/uut/fifo_instance/ram_inst/inst/  $recovery(
   CLKA:35.500 us, CLKB:35.500 us,1.000 ns)

WARNING:Simulator:29 - at 35.500 us: Warning: Timing violation in
   /network_proc_full_tb/uut/gpu_instance/ICache/inst/  $recovery( CLKB:35.500
   us, CLKA:35.500 us,1.000 ns)

WARNING:Simulator:29 - at 35.500 us: Warning: Timing violation in
   /network_proc_full_tb/uut/gpu_instance/ICache/inst/  $recovery( CLKA:35.500
   us, CLKB:35.500 us,1.000 ns)

WARNING:Simulator:29 - at 35.600 us: Warning: Timing violation in
   /network_proc_full_tb/uut/fifo_instance/ram_inst/inst/  $recovery(
   CLKB:35.600 us, CLKA:35.600 us,1.000 ns)

WARNING:Simulator:29 - at 35.600 us: Warning: Timing violation in
   /network_proc_full_tb/uut/fifo_instance/ram_inst/inst/  $recovery(
   CLKA:35.600 us, CLKB:35.600 us,1.000 ns)

WARNING:Simulator:29 - at 35.600 us: Warning: Timing violation in
   /network_proc_full_tb/uut/gpu_instance/ICache/inst/  $recovery( CLKB:35.600
   us, CLKA:35.600 us,1.000 ns)

WARNING:Simulator:29 - at 35.600 us: Warning: Timing violation in
   /network_proc_full_tb/uut/gpu_instance/ICache/inst/  $recovery( CLKA:35.600
   us, CLKB:35.600 us,1.000 ns)

WARNING:Simulator:29 - at 35.700 us: Warning: Timing violation in
   /network_proc_full_tb/uut/fifo_instance/ram_inst/inst/  $recovery(
   CLKB:35.700 us, CLKA:35.700 us,1.000 ns)

WARNING:Simulator:29 - at 35.700 us: Warning: Timing violation in
   /network_proc_full_tb/uut/fifo_instance/ram_inst/inst/  $recovery(
   CLKA:35.700 us, CLKB:35.700 us,1.000 ns)

WARNING:Simulator:29 - at 35.700 us: Warning: Timing violation in
   /network_proc_full_tb/uut/gpu_instance/ICache/inst/  $recovery( CLKB:35.700
   us, CLKA:35.700 us,1.000 ns)

WARNING:Simulator:29 - at 35.700 us: Warning: Timing violation in
   /network_proc_full_tb/uut/gpu_instance/ICache/inst/  $recovery( CLKA:35.700
   us, CLKB:35.700 us,1.000 ns)

WARNING:Simulator:29 - at 35.800 us: Warning: Timing violation in
   /network_proc_full_tb/uut/fifo_instance/ram_inst/inst/  $recovery(
   CLKB:35.800 us, CLKA:35.800 us,1.000 ns)

WARNING:Simulator:29 - at 35.800 us: Warning: Timing violation in
   /network_proc_full_tb/uut/fifo_instance/ram_inst/inst/  $recovery(
   CLKA:35.800 us, CLKB:35.800 us,1.000 ns)

WARNING:Simulator:29 - at 35.800 us: Warning: Timing violation in
   /network_proc_full_tb/uut/gpu_instance/ICache/inst/  $recovery( CLKB:35.800
   us, CLKA:35.800 us,1.000 ns)

WARNING:Simulator:29 - at 35.800 us: Warning: Timing violation in
   /network_proc_full_tb/uut/gpu_instance/ICache/inst/  $recovery( CLKA:35.800
   us, CLKB:35.800 us,1.000 ns)

WARNING:Simulator:29 - at 35.900 us: Warning: Timing violation in
   /network_proc_full_tb/uut/fifo_instance/ram_inst/inst/  $recovery(
   CLKB:35.900 us, CLKA:35.900 us,1.000 ns)

WARNING:Simulator:29 - at 35.900 us: Warning: Timing violation in
   /network_proc_full_tb/uut/fifo_instance/ram_inst/inst/  $recovery(
   CLKA:35.900 us, CLKB:35.900 us,1.000 ns)

WARNING:Simulator:29 - at 35.900 us: Warning: Timing violation in
   /network_proc_full_tb/uut/gpu_instance/ICache/inst/  $recovery( CLKB:35.900
   us, CLKA:35.900 us,1.000 ns)

WARNING:Simulator:29 - at 35.900 us: Warning: Timing violation in
   /network_proc_full_tb/uut/gpu_instance/ICache/inst/  $recovery( CLKA:35.900
   us, CLKB:35.900 us,1.000 ns)

WARNING:Simulator:29 - at 36.000 us: Warning: Timing violation in
   /network_proc_full_tb/uut/fifo_instance/ram_inst/inst/  $recovery(
   CLKB:36.000 us, CLKA:36.000 us,1.000 ns)

WARNING:Simulator:29 - at 36.000 us: Warning: Timing violation in
   /network_proc_full_tb/uut/fifo_instance/ram_inst/inst/  $recovery(
   CLKA:36.000 us, CLKB:36.000 us,1.000 ns)

WARNING:Simulator:29 - at 36.000 us: Warning: Timing violation in
   /network_proc_full_tb/uut/gpu_instance/ICache/inst/  $recovery( CLKB:36.000
   us, CLKA:36.000 us,1.000 ns)

WARNING:Simulator:29 - at 36.000 us: Warning: Timing violation in
   /network_proc_full_tb/uut/gpu_instance/ICache/inst/  $recovery( CLKA:36.000
   us, CLKB:36.000 us,1.000 ns)

WARNING:Simulator:29 - at 36.100 us: Warning: Timing violation in
   /network_proc_full_tb/uut/fifo_instance/ram_inst/inst/  $recovery(
   CLKB:36.100 us, CLKA:36.100 us,1.000 ns)

WARNING:Simulator:29 - at 36.100 us: Warning: Timing violation in
   /network_proc_full_tb/uut/fifo_instance/ram_inst/inst/  $recovery(
   CLKA:36.100 us, CLKB:36.100 us,1.000 ns)

WARNING:Simulator:29 - at 36.100 us: Warning: Timing violation in
   /network_proc_full_tb/uut/gpu_instance/ICache/inst/  $recovery( CLKB:36.100
   us, CLKA:36.100 us,1.000 ns)

WARNING:Simulator:29 - at 36.100 us: Warning: Timing violation in
   /network_proc_full_tb/uut/gpu_instance/ICache/inst/  $recovery( CLKA:36.100
   us, CLKB:36.100 us,1.000 ns)

WARNING:Simulator:29 - at 36.200 us: Warning: Timing violation in
   /network_proc_full_tb/uut/fifo_instance/ram_inst/inst/  $recovery(
   CLKB:36.200 us, CLKA:36.200 us,1.000 ns)

WARNING:Simulator:29 - at 36.200 us: Warning: Timing violation in
   /network_proc_full_tb/uut/fifo_instance/ram_inst/inst/  $recovery(
   CLKA:36.200 us, CLKB:36.200 us,1.000 ns)

WARNING:Simulator:29 - at 36.200 us: Warning: Timing violation in
   /network_proc_full_tb/uut/gpu_instance/ICache/inst/  $recovery( CLKB:36.200
   us, CLKA:36.200 us,1.000 ns)

WARNING:Simulator:29 - at 36.200 us: Warning: Timing violation in
   /network_proc_full_tb/uut/gpu_instance/ICache/inst/  $recovery( CLKA:36.200
   us, CLKB:36.200 us,1.000 ns)

WARNING:Simulator:29 - at 36.300 us: Warning: Timing violation in
   /network_proc_full_tb/uut/fifo_instance/ram_inst/inst/  $recovery(
   CLKB:36.300 us, CLKA:36.300 us,1.000 ns)

WARNING:Simulator:29 - at 36.300 us: Warning: Timing violation in
   /network_proc_full_tb/uut/fifo_instance/ram_inst/inst/  $recovery(
   CLKA:36.300 us, CLKB:36.300 us,1.000 ns)

WARNING:Simulator:29 - at 36.300 us: Warning: Timing violation in
   /network_proc_full_tb/uut/gpu_instance/ICache/inst/  $recovery( CLKB:36.300
   us, CLKA:36.300 us,1.000 ns)

WARNING:Simulator:29 - at 36.300 us: Warning: Timing violation in
   /network_proc_full_tb/uut/gpu_instance/ICache/inst/  $recovery( CLKA:36.300
   us, CLKB:36.300 us,1.000 ns)

WARNING:Simulator:29 - at 36.400 us: Warning: Timing violation in
   /network_proc_full_tb/uut/fifo_instance/ram_inst/inst/  $recovery(
   CLKB:36.400 us, CLKA:36.400 us,1.000 ns)

WARNING:Simulator:29 - at 36.400 us: Warning: Timing violation in
   /network_proc_full_tb/uut/fifo_instance/ram_inst/inst/  $recovery(
   CLKA:36.400 us, CLKB:36.400 us,1.000 ns)

WARNING:Simulator:29 - at 36.400 us: Warning: Timing violation in
   /network_proc_full_tb/uut/gpu_instance/ICache/inst/  $recovery( CLKB:36.400
   us, CLKA:36.400 us,1.000 ns)

WARNING:Simulator:29 - at 36.400 us: Warning: Timing violation in
   /network_proc_full_tb/uut/gpu_instance/ICache/inst/  $recovery( CLKA:36.400
   us, CLKB:36.400 us,1.000 ns)

WARNING:Simulator:29 - at 36.500 us: Warning: Timing violation in
   /network_proc_full_tb/uut/fifo_instance/ram_inst/inst/  $recovery(
   CLKB:36.500 us, CLKA:36.500 us,1.000 ns)

WARNING:Simulator:29 - at 36.500 us: Warning: Timing violation in
   /network_proc_full_tb/uut/fifo_instance/ram_inst/inst/  $recovery(
   CLKA:36.500 us, CLKB:36.500 us,1.000 ns)

WARNING:Simulator:29 - at 36.500 us: Warning: Timing violation in
   /network_proc_full_tb/uut/gpu_instance/ICache/inst/  $recovery( CLKB:36.500
   us, CLKA:36.500 us,1.000 ns)

WARNING:Simulator:29 - at 36.500 us: Warning: Timing violation in
   /network_proc_full_tb/uut/gpu_instance/ICache/inst/  $recovery( CLKA:36.500
   us, CLKB:36.500 us,1.000 ns)

WARNING:Simulator:29 - at 36.600 us: Warning: Timing violation in
   /network_proc_full_tb/uut/fifo_instance/ram_inst/inst/  $recovery(
   CLKB:36.600 us, CLKA:36.600 us,1.000 ns)

WARNING:Simulator:29 - at 36.600 us: Warning: Timing violation in
   /network_proc_full_tb/uut/fifo_instance/ram_inst/inst/  $recovery(
   CLKA:36.600 us, CLKB:36.600 us,1.000 ns)

WARNING:Simulator:29 - at 36.600 us: Warning: Timing violation in
   /network_proc_full_tb/uut/gpu_instance/ICache/inst/  $recovery( CLKB:36.600
   us, CLKA:36.600 us,1.000 ns)

WARNING:Simulator:29 - at 36.600 us: Warning: Timing violation in
   /network_proc_full_tb/uut/gpu_instance/ICache/inst/  $recovery( CLKA:36.600
   us, CLKB:36.600 us,1.000 ns)

WARNING:Simulator:29 - at 36.700 us: Warning: Timing violation in
   /network_proc_full_tb/uut/fifo_instance/ram_inst/inst/  $recovery(
   CLKB:36.700 us, CLKA:36.700 us,1.000 ns)

WARNING:Simulator:29 - at 36.700 us: Warning: Timing violation in
   /network_proc_full_tb/uut/fifo_instance/ram_inst/inst/  $recovery(
   CLKA:36.700 us, CLKB:36.700 us,1.000 ns)

WARNING:Simulator:29 - at 36.700 us: Warning: Timing violation in
   /network_proc_full_tb/uut/gpu_instance/ICache/inst/  $recovery( CLKB:36.700
   us, CLKA:36.700 us,1.000 ns)

WARNING:Simulator:29 - at 36.700 us: Warning: Timing violation in
   /network_proc_full_tb/uut/gpu_instance/ICache/inst/  $recovery( CLKA:36.700
   us, CLKB:36.700 us,1.000 ns)

WARNING:Simulator:29 - at 36.800 us: Warning: Timing violation in
   /network_proc_full_tb/uut/fifo_instance/ram_inst/inst/  $recovery(
   CLKB:36.800 us, CLKA:36.800 us,1.000 ns)

WARNING:Simulator:29 - at 36.800 us: Warning: Timing violation in
   /network_proc_full_tb/uut/fifo_instance/ram_inst/inst/  $recovery(
   CLKA:36.800 us, CLKB:36.800 us,1.000 ns)

WARNING:Simulator:29 - at 36.800 us: Warning: Timing violation in
   /network_proc_full_tb/uut/gpu_instance/ICache/inst/  $recovery( CLKB:36.800
   us, CLKA:36.800 us,1.000 ns)

WARNING:Simulator:29 - at 36.800 us: Warning: Timing violation in
   /network_proc_full_tb/uut/gpu_instance/ICache/inst/  $recovery( CLKA:36.800
   us, CLKB:36.800 us,1.000 ns)

WARNING:Simulator:29 - at 36.900 us: Warning: Timing violation in
   /network_proc_full_tb/uut/fifo_instance/ram_inst/inst/  $recovery(
   CLKB:36.900 us, CLKA:36.900 us,1.000 ns)

WARNING:Simulator:29 - at 36.900 us: Warning: Timing violation in
   /network_proc_full_tb/uut/fifo_instance/ram_inst/inst/  $recovery(
   CLKA:36.900 us, CLKB:36.900 us,1.000 ns)

WARNING:Simulator:29 - at 36.900 us: Warning: Timing violation in
   /network_proc_full_tb/uut/gpu_instance/ICache/inst/  $recovery( CLKB:36.900
   us, CLKA:36.900 us,1.000 ns)

WARNING:Simulator:29 - at 36.900 us: Warning: Timing violation in
   /network_proc_full_tb/uut/gpu_instance/ICache/inst/  $recovery( CLKA:36.900
   us, CLKB:36.900 us,1.000 ns)

WARNING:Simulator:29 - at 37.000 us: Warning: Timing violation in
   /network_proc_full_tb/uut/fifo_instance/ram_inst/inst/  $recovery(
   CLKB:37.000 us, CLKA:37.000 us,1.000 ns)

WARNING:Simulator:29 - at 37.000 us: Warning: Timing violation in
   /network_proc_full_tb/uut/fifo_instance/ram_inst/inst/  $recovery(
   CLKA:37.000 us, CLKB:37.000 us,1.000 ns)

WARNING:Simulator:29 - at 37.000 us: Warning: Timing violation in
   /network_proc_full_tb/uut/gpu_instance/ICache/inst/  $recovery( CLKB:37.000
   us, CLKA:37.000 us,1.000 ns)

WARNING:Simulator:29 - at 37.000 us: Warning: Timing violation in
   /network_proc_full_tb/uut/gpu_instance/ICache/inst/  $recovery( CLKA:37.000
   us, CLKB:37.000 us,1.000 ns)

WARNING:Simulator:29 - at 37.100 us: Warning: Timing violation in
   /network_proc_full_tb/uut/fifo_instance/ram_inst/inst/  $recovery(
   CLKB:37.100 us, CLKA:37.100 us,1.000 ns)

WARNING:Simulator:29 - at 37.100 us: Warning: Timing violation in
   /network_proc_full_tb/uut/fifo_instance/ram_inst/inst/  $recovery(
   CLKA:37.100 us, CLKB:37.100 us,1.000 ns)

WARNING:Simulator:29 - at 37.100 us: Warning: Timing violation in
   /network_proc_full_tb/uut/gpu_instance/ICache/inst/  $recovery( CLKB:37.100
   us, CLKA:37.100 us,1.000 ns)

WARNING:Simulator:29 - at 37.100 us: Warning: Timing violation in
   /network_proc_full_tb/uut/gpu_instance/ICache/inst/  $recovery( CLKA:37.100
   us, CLKB:37.100 us,1.000 ns)

WARNING:Simulator:29 - at 37.200 us: Warning: Timing violation in
   /network_proc_full_tb/uut/fifo_instance/ram_inst/inst/  $recovery(
   CLKB:37.200 us, CLKA:37.200 us,1.000 ns)

WARNING:Simulator:29 - at 37.200 us: Warning: Timing violation in
   /network_proc_full_tb/uut/fifo_instance/ram_inst/inst/  $recovery(
   CLKA:37.200 us, CLKB:37.200 us,1.000 ns)

WARNING:Simulator:29 - at 37.200 us: Warning: Timing violation in
   /network_proc_full_tb/uut/gpu_instance/ICache/inst/  $recovery( CLKB:37.200
   us, CLKA:37.200 us,1.000 ns)

WARNING:Simulator:29 - at 37.200 us: Warning: Timing violation in
   /network_proc_full_tb/uut/gpu_instance/ICache/inst/  $recovery( CLKA:37.200
   us, CLKB:37.200 us,1.000 ns)

WARNING:Simulator:29 - at 37.300 us: Warning: Timing violation in
   /network_proc_full_tb/uut/fifo_instance/ram_inst/inst/  $recovery(
   CLKB:37.300 us, CLKA:37.300 us,1.000 ns)

WARNING:Simulator:29 - at 37.300 us: Warning: Timing violation in
   /network_proc_full_tb/uut/fifo_instance/ram_inst/inst/  $recovery(
   CLKA:37.300 us, CLKB:37.300 us,1.000 ns)

WARNING:Simulator:29 - at 37.300 us: Warning: Timing violation in
   /network_proc_full_tb/uut/gpu_instance/ICache/inst/  $recovery( CLKB:37.300
   us, CLKA:37.300 us,1.000 ns)

WARNING:Simulator:29 - at 37.300 us: Warning: Timing violation in
   /network_proc_full_tb/uut/gpu_instance/ICache/inst/  $recovery( CLKA:37.300
   us, CLKB:37.300 us,1.000 ns)

WARNING:Simulator:29 - at 37.400 us: Warning: Timing violation in
   /network_proc_full_tb/uut/fifo_instance/ram_inst/inst/  $recovery(
   CLKB:37.400 us, CLKA:37.400 us,1.000 ns)

WARNING:Simulator:29 - at 37.400 us: Warning: Timing violation in
   /network_proc_full_tb/uut/fifo_instance/ram_inst/inst/  $recovery(
   CLKA:37.400 us, CLKB:37.400 us,1.000 ns)

WARNING:Simulator:29 - at 37.400 us: Warning: Timing violation in
   /network_proc_full_tb/uut/gpu_instance/ICache/inst/  $recovery( CLKB:37.400
   us, CLKA:37.400 us,1.000 ns)

WARNING:Simulator:29 - at 37.400 us: Warning: Timing violation in
   /network_proc_full_tb/uut/gpu_instance/ICache/inst/  $recovery( CLKA:37.400
   us, CLKB:37.400 us,1.000 ns)

WARNING:Simulator:29 - at 37.500 us: Warning: Timing violation in
   /network_proc_full_tb/uut/fifo_instance/ram_inst/inst/  $recovery(
   CLKB:37.500 us, CLKA:37.500 us,1.000 ns)

WARNING:Simulator:29 - at 37.500 us: Warning: Timing violation in
   /network_proc_full_tb/uut/fifo_instance/ram_inst/inst/  $recovery(
   CLKA:37.500 us, CLKB:37.500 us,1.000 ns)

WARNING:Simulator:29 - at 37.500 us: Warning: Timing violation in
   /network_proc_full_tb/uut/gpu_instance/ICache/inst/  $recovery( CLKB:37.500
   us, CLKA:37.500 us,1.000 ns)

WARNING:Simulator:29 - at 37.500 us: Warning: Timing violation in
   /network_proc_full_tb/uut/gpu_instance/ICache/inst/  $recovery( CLKA:37.500
   us, CLKB:37.500 us,1.000 ns)

WARNING:Simulator:29 - at 37.600 us: Warning: Timing violation in
   /network_proc_full_tb/uut/fifo_instance/ram_inst/inst/  $recovery(
   CLKB:37.600 us, CLKA:37.600 us,1.000 ns)

WARNING:Simulator:29 - at 37.600 us: Warning: Timing violation in
   /network_proc_full_tb/uut/fifo_instance/ram_inst/inst/  $recovery(
   CLKA:37.600 us, CLKB:37.600 us,1.000 ns)

WARNING:Simulator:29 - at 37.600 us: Warning: Timing violation in
   /network_proc_full_tb/uut/gpu_instance/ICache/inst/  $recovery( CLKB:37.600
   us, CLKA:37.600 us,1.000 ns)

WARNING:Simulator:29 - at 37.600 us: Warning: Timing violation in
   /network_proc_full_tb/uut/gpu_instance/ICache/inst/  $recovery( CLKA:37.600
   us, CLKB:37.600 us,1.000 ns)

WARNING:Simulator:29 - at 37.700 us: Warning: Timing violation in
   /network_proc_full_tb/uut/fifo_instance/ram_inst/inst/  $recovery(
   CLKB:37.700 us, CLKA:37.700 us,1.000 ns)

WARNING:Simulator:29 - at 37.700 us: Warning: Timing violation in
   /network_proc_full_tb/uut/fifo_instance/ram_inst/inst/  $recovery(
   CLKA:37.700 us, CLKB:37.700 us,1.000 ns)

WARNING:Simulator:29 - at 37.700 us: Warning: Timing violation in
   /network_proc_full_tb/uut/gpu_instance/ICache/inst/  $recovery( CLKB:37.700
   us, CLKA:37.700 us,1.000 ns)

WARNING:Simulator:29 - at 37.700 us: Warning: Timing violation in
   /network_proc_full_tb/uut/gpu_instance/ICache/inst/  $recovery( CLKA:37.700
   us, CLKB:37.700 us,1.000 ns)

WARNING:Simulator:29 - at 37.800 us: Warning: Timing violation in
   /network_proc_full_tb/uut/fifo_instance/ram_inst/inst/  $recovery(
   CLKB:37.800 us, CLKA:37.800 us,1.000 ns)

WARNING:Simulator:29 - at 37.800 us: Warning: Timing violation in
   /network_proc_full_tb/uut/fifo_instance/ram_inst/inst/  $recovery(
   CLKA:37.800 us, CLKB:37.800 us,1.000 ns)

WARNING:Simulator:29 - at 37.800 us: Warning: Timing violation in
   /network_proc_full_tb/uut/gpu_instance/ICache/inst/  $recovery( CLKB:37.800
   us, CLKA:37.800 us,1.000 ns)

WARNING:Simulator:29 - at 37.800 us: Warning: Timing violation in
   /network_proc_full_tb/uut/gpu_instance/ICache/inst/  $recovery( CLKA:37.800
   us, CLKB:37.800 us,1.000 ns)

WARNING:Simulator:29 - at 37.900 us: Warning: Timing violation in
   /network_proc_full_tb/uut/fifo_instance/ram_inst/inst/  $recovery(
   CLKB:37.900 us, CLKA:37.900 us,1.000 ns)

WARNING:Simulator:29 - at 37.900 us: Warning: Timing violation in
   /network_proc_full_tb/uut/fifo_instance/ram_inst/inst/  $recovery(
   CLKA:37.900 us, CLKB:37.900 us,1.000 ns)

WARNING:Simulator:29 - at 37.900 us: Warning: Timing violation in
   /network_proc_full_tb/uut/gpu_instance/ICache/inst/  $recovery( CLKB:37.900
   us, CLKA:37.900 us,1.000 ns)

WARNING:Simulator:29 - at 37.900 us: Warning: Timing violation in
   /network_proc_full_tb/uut/gpu_instance/ICache/inst/  $recovery( CLKA:37.900
   us, CLKB:37.900 us,1.000 ns)

WARNING:Simulator:29 - at 38.000 us: Warning: Timing violation in
   /network_proc_full_tb/uut/fifo_instance/ram_inst/inst/  $recovery(
   CLKB:38.000 us, CLKA:38.000 us,1.000 ns)

WARNING:Simulator:29 - at 38.000 us: Warning: Timing violation in
   /network_proc_full_tb/uut/fifo_instance/ram_inst/inst/  $recovery(
   CLKA:38.000 us, CLKB:38.000 us,1.000 ns)

WARNING:Simulator:29 - at 38.000 us: Warning: Timing violation in
   /network_proc_full_tb/uut/gpu_instance/ICache/inst/  $recovery( CLKB:38.000
   us, CLKA:38.000 us,1.000 ns)

WARNING:Simulator:29 - at 38.000 us: Warning: Timing violation in
   /network_proc_full_tb/uut/gpu_instance/ICache/inst/  $recovery( CLKA:38.000
   us, CLKB:38.000 us,1.000 ns)

WARNING:Simulator:29 - at 38.100 us: Warning: Timing violation in
   /network_proc_full_tb/uut/fifo_instance/ram_inst/inst/  $recovery(
   CLKB:38.100 us, CLKA:38.100 us,1.000 ns)

WARNING:Simulator:29 - at 38.100 us: Warning: Timing violation in
   /network_proc_full_tb/uut/fifo_instance/ram_inst/inst/  $recovery(
   CLKA:38.100 us, CLKB:38.100 us,1.000 ns)

WARNING:Simulator:29 - at 38.100 us: Warning: Timing violation in
   /network_proc_full_tb/uut/gpu_instance/ICache/inst/  $recovery( CLKB:38.100
   us, CLKA:38.100 us,1.000 ns)

WARNING:Simulator:29 - at 38.100 us: Warning: Timing violation in
   /network_proc_full_tb/uut/gpu_instance/ICache/inst/  $recovery( CLKA:38.100
   us, CLKB:38.100 us,1.000 ns)

WARNING:Simulator:29 - at 38.200 us: Warning: Timing violation in
   /network_proc_full_tb/uut/fifo_instance/ram_inst/inst/  $recovery(
   CLKB:38.200 us, CLKA:38.200 us,1.000 ns)

WARNING:Simulator:29 - at 38.200 us: Warning: Timing violation in
   /network_proc_full_tb/uut/fifo_instance/ram_inst/inst/  $recovery(
   CLKA:38.200 us, CLKB:38.200 us,1.000 ns)

WARNING:Simulator:29 - at 38.200 us: Warning: Timing violation in
   /network_proc_full_tb/uut/gpu_instance/ICache/inst/  $recovery( CLKB:38.200
   us, CLKA:38.200 us,1.000 ns)

WARNING:Simulator:29 - at 38.200 us: Warning: Timing violation in
   /network_proc_full_tb/uut/gpu_instance/ICache/inst/  $recovery( CLKA:38.200
   us, CLKB:38.200 us,1.000 ns)

WARNING:Simulator:29 - at 38.300 us: Warning: Timing violation in
   /network_proc_full_tb/uut/fifo_instance/ram_inst/inst/  $recovery(
   CLKB:38.300 us, CLKA:38.300 us,1.000 ns)

WARNING:Simulator:29 - at 38.300 us: Warning: Timing violation in
   /network_proc_full_tb/uut/fifo_instance/ram_inst/inst/  $recovery(
   CLKA:38.300 us, CLKB:38.300 us,1.000 ns)

WARNING:Simulator:29 - at 38.300 us: Warning: Timing violation in
   /network_proc_full_tb/uut/gpu_instance/ICache/inst/  $recovery( CLKB:38.300
   us, CLKA:38.300 us,1.000 ns)

WARNING:Simulator:29 - at 38.300 us: Warning: Timing violation in
   /network_proc_full_tb/uut/gpu_instance/ICache/inst/  $recovery( CLKA:38.300
   us, CLKB:38.300 us,1.000 ns)

WARNING:Simulator:29 - at 38.400 us: Warning: Timing violation in
   /network_proc_full_tb/uut/fifo_instance/ram_inst/inst/  $recovery(
   CLKB:38.400 us, CLKA:38.400 us,1.000 ns)

WARNING:Simulator:29 - at 38.400 us: Warning: Timing violation in
   /network_proc_full_tb/uut/fifo_instance/ram_inst/inst/  $recovery(
   CLKA:38.400 us, CLKB:38.400 us,1.000 ns)

WARNING:Simulator:29 - at 38.400 us: Warning: Timing violation in
   /network_proc_full_tb/uut/gpu_instance/ICache/inst/  $recovery( CLKB:38.400
   us, CLKA:38.400 us,1.000 ns)

WARNING:Simulator:29 - at 38.400 us: Warning: Timing violation in
   /network_proc_full_tb/uut/gpu_instance/ICache/inst/  $recovery( CLKA:38.400
   us, CLKB:38.400 us,1.000 ns)

WARNING:Simulator:29 - at 38.500 us: Warning: Timing violation in
   /network_proc_full_tb/uut/fifo_instance/ram_inst/inst/  $recovery(
   CLKB:38.500 us, CLKA:38.500 us,1.000 ns)

WARNING:Simulator:29 - at 38.500 us: Warning: Timing violation in
   /network_proc_full_tb/uut/fifo_instance/ram_inst/inst/  $recovery(
   CLKA:38.500 us, CLKB:38.500 us,1.000 ns)

WARNING:Simulator:29 - at 38.500 us: Warning: Timing violation in
   /network_proc_full_tb/uut/gpu_instance/ICache/inst/  $recovery( CLKB:38.500
   us, CLKA:38.500 us,1.000 ns)

WARNING:Simulator:29 - at 38.500 us: Warning: Timing violation in
   /network_proc_full_tb/uut/gpu_instance/ICache/inst/  $recovery( CLKA:38.500
   us, CLKB:38.500 us,1.000 ns)

WARNING:Simulator:29 - at 38.600 us: Warning: Timing violation in
   /network_proc_full_tb/uut/fifo_instance/ram_inst/inst/  $recovery(
   CLKB:38.600 us, CLKA:38.600 us,1.000 ns)

WARNING:Simulator:29 - at 38.600 us: Warning: Timing violation in
   /network_proc_full_tb/uut/fifo_instance/ram_inst/inst/  $recovery(
   CLKA:38.600 us, CLKB:38.600 us,1.000 ns)

WARNING:Simulator:29 - at 38.600 us: Warning: Timing violation in
   /network_proc_full_tb/uut/gpu_instance/ICache/inst/  $recovery( CLKB:38.600
   us, CLKA:38.600 us,1.000 ns)

WARNING:Simulator:29 - at 38.600 us: Warning: Timing violation in
   /network_proc_full_tb/uut/gpu_instance/ICache/inst/  $recovery( CLKA:38.600
   us, CLKB:38.600 us,1.000 ns)

WARNING:Simulator:29 - at 38.700 us: Warning: Timing violation in
   /network_proc_full_tb/uut/fifo_instance/ram_inst/inst/  $recovery(
   CLKB:38.700 us, CLKA:38.700 us,1.000 ns)

WARNING:Simulator:29 - at 38.700 us: Warning: Timing violation in
   /network_proc_full_tb/uut/fifo_instance/ram_inst/inst/  $recovery(
   CLKA:38.700 us, CLKB:38.700 us,1.000 ns)

WARNING:Simulator:29 - at 38.700 us: Warning: Timing violation in
   /network_proc_full_tb/uut/gpu_instance/ICache/inst/  $recovery( CLKB:38.700
   us, CLKA:38.700 us,1.000 ns)

WARNING:Simulator:29 - at 38.700 us: Warning: Timing violation in
   /network_proc_full_tb/uut/gpu_instance/ICache/inst/  $recovery( CLKA:38.700
   us, CLKB:38.700 us,1.000 ns)

WARNING:Simulator:29 - at 38.800 us: Warning: Timing violation in
   /network_proc_full_tb/uut/fifo_instance/ram_inst/inst/  $recovery(
   CLKB:38.800 us, CLKA:38.800 us,1.000 ns)

WARNING:Simulator:29 - at 38.800 us: Warning: Timing violation in
   /network_proc_full_tb/uut/fifo_instance/ram_inst/inst/  $recovery(
   CLKA:38.800 us, CLKB:38.800 us,1.000 ns)

WARNING:Simulator:29 - at 38.800 us: Warning: Timing violation in
   /network_proc_full_tb/uut/gpu_instance/ICache/inst/  $recovery( CLKB:38.800
   us, CLKA:38.800 us,1.000 ns)

WARNING:Simulator:29 - at 38.800 us: Warning: Timing violation in
   /network_proc_full_tb/uut/gpu_instance/ICache/inst/  $recovery( CLKA:38.800
   us, CLKB:38.800 us,1.000 ns)

WARNING:Simulator:29 - at 38.900 us: Warning: Timing violation in
   /network_proc_full_tb/uut/fifo_instance/ram_inst/inst/  $recovery(
   CLKB:38.900 us, CLKA:38.900 us,1.000 ns)

WARNING:Simulator:29 - at 38.900 us: Warning: Timing violation in
   /network_proc_full_tb/uut/fifo_instance/ram_inst/inst/  $recovery(
   CLKA:38.900 us, CLKB:38.900 us,1.000 ns)

WARNING:Simulator:29 - at 38.900 us: Warning: Timing violation in
   /network_proc_full_tb/uut/gpu_instance/ICache/inst/  $recovery( CLKB:38.900
   us, CLKA:38.900 us,1.000 ns)

WARNING:Simulator:29 - at 38.900 us: Warning: Timing violation in
   /network_proc_full_tb/uut/gpu_instance/ICache/inst/  $recovery( CLKA:38.900
   us, CLKB:38.900 us,1.000 ns)

WARNING:Simulator:29 - at 39.000 us: Warning: Timing violation in
   /network_proc_full_tb/uut/fifo_instance/ram_inst/inst/  $recovery(
   CLKB:39.000 us, CLKA:39.000 us,1.000 ns)

WARNING:Simulator:29 - at 39.000 us: Warning: Timing violation in
   /network_proc_full_tb/uut/fifo_instance/ram_inst/inst/  $recovery(
   CLKA:39.000 us, CLKB:39.000 us,1.000 ns)

WARNING:Simulator:29 - at 39.000 us: Warning: Timing violation in
   /network_proc_full_tb/uut/gpu_instance/ICache/inst/  $recovery( CLKB:39.000
   us, CLKA:39.000 us,1.000 ns)

WARNING:Simulator:29 - at 39.000 us: Warning: Timing violation in
   /network_proc_full_tb/uut/gpu_instance/ICache/inst/  $recovery( CLKA:39.000
   us, CLKB:39.000 us,1.000 ns)

WARNING:Simulator:29 - at 39.100 us: Warning: Timing violation in
   /network_proc_full_tb/uut/fifo_instance/ram_inst/inst/  $recovery(
   CLKB:39.100 us, CLKA:39.100 us,1.000 ns)

WARNING:Simulator:29 - at 39.100 us: Warning: Timing violation in
   /network_proc_full_tb/uut/fifo_instance/ram_inst/inst/  $recovery(
   CLKA:39.100 us, CLKB:39.100 us,1.000 ns)

WARNING:Simulator:29 - at 39.100 us: Warning: Timing violation in
   /network_proc_full_tb/uut/gpu_instance/ICache/inst/  $recovery( CLKB:39.100
   us, CLKA:39.100 us,1.000 ns)

WARNING:Simulator:29 - at 39.100 us: Warning: Timing violation in
   /network_proc_full_tb/uut/gpu_instance/ICache/inst/  $recovery( CLKA:39.100
   us, CLKB:39.100 us,1.000 ns)

WARNING:Simulator:29 - at 39.200 us: Warning: Timing violation in
   /network_proc_full_tb/uut/fifo_instance/ram_inst/inst/  $recovery(
   CLKB:39.200 us, CLKA:39.200 us,1.000 ns)

WARNING:Simulator:29 - at 39.200 us: Warning: Timing violation in
   /network_proc_full_tb/uut/fifo_instance/ram_inst/inst/  $recovery(
   CLKA:39.200 us, CLKB:39.200 us,1.000 ns)

WARNING:Simulator:29 - at 39.200 us: Warning: Timing violation in
   /network_proc_full_tb/uut/gpu_instance/ICache/inst/  $recovery( CLKB:39.200
   us, CLKA:39.200 us,1.000 ns)

WARNING:Simulator:29 - at 39.200 us: Warning: Timing violation in
   /network_proc_full_tb/uut/gpu_instance/ICache/inst/  $recovery( CLKA:39.200
   us, CLKB:39.200 us,1.000 ns)

WARNING:Simulator:29 - at 39.300 us: Warning: Timing violation in
   /network_proc_full_tb/uut/fifo_instance/ram_inst/inst/  $recovery(
   CLKB:39.300 us, CLKA:39.300 us,1.000 ns)

WARNING:Simulator:29 - at 39.300 us: Warning: Timing violation in
   /network_proc_full_tb/uut/fifo_instance/ram_inst/inst/  $recovery(
   CLKA:39.300 us, CLKB:39.300 us,1.000 ns)

WARNING:Simulator:29 - at 39.300 us: Warning: Timing violation in
   /network_proc_full_tb/uut/gpu_instance/ICache/inst/  $recovery( CLKB:39.300
   us, CLKA:39.300 us,1.000 ns)

WARNING:Simulator:29 - at 39.300 us: Warning: Timing violation in
   /network_proc_full_tb/uut/gpu_instance/ICache/inst/  $recovery( CLKA:39.300
   us, CLKB:39.300 us,1.000 ns)

WARNING:Simulator:29 - at 39.400 us: Warning: Timing violation in
   /network_proc_full_tb/uut/fifo_instance/ram_inst/inst/  $recovery(
   CLKB:39.400 us, CLKA:39.400 us,1.000 ns)

WARNING:Simulator:29 - at 39.400 us: Warning: Timing violation in
   /network_proc_full_tb/uut/fifo_instance/ram_inst/inst/  $recovery(
   CLKA:39.400 us, CLKB:39.400 us,1.000 ns)

WARNING:Simulator:29 - at 39.400 us: Warning: Timing violation in
   /network_proc_full_tb/uut/gpu_instance/ICache/inst/  $recovery( CLKB:39.400
   us, CLKA:39.400 us,1.000 ns)

WARNING:Simulator:29 - at 39.400 us: Warning: Timing violation in
   /network_proc_full_tb/uut/gpu_instance/ICache/inst/  $recovery( CLKA:39.400
   us, CLKB:39.400 us,1.000 ns)

WARNING:Simulator:29 - at 39.500 us: Warning: Timing violation in
   /network_proc_full_tb/uut/fifo_instance/ram_inst/inst/  $recovery(
   CLKB:39.500 us, CLKA:39.500 us,1.000 ns)

WARNING:Simulator:29 - at 39.500 us: Warning: Timing violation in
   /network_proc_full_tb/uut/fifo_instance/ram_inst/inst/  $recovery(
   CLKA:39.500 us, CLKB:39.500 us,1.000 ns)

WARNING:Simulator:29 - at 39.500 us: Warning: Timing violation in
   /network_proc_full_tb/uut/gpu_instance/ICache/inst/  $recovery( CLKB:39.500
   us, CLKA:39.500 us,1.000 ns)

WARNING:Simulator:29 - at 39.500 us: Warning: Timing violation in
   /network_proc_full_tb/uut/gpu_instance/ICache/inst/  $recovery( CLKA:39.500
   us, CLKB:39.500 us,1.000 ns)

WARNING:Simulator:29 - at 39.600 us: Warning: Timing violation in
   /network_proc_full_tb/uut/fifo_instance/ram_inst/inst/  $recovery(
   CLKB:39.600 us, CLKA:39.600 us,1.000 ns)

WARNING:Simulator:29 - at 39.600 us: Warning: Timing violation in
   /network_proc_full_tb/uut/fifo_instance/ram_inst/inst/  $recovery(
   CLKA:39.600 us, CLKB:39.600 us,1.000 ns)

WARNING:Simulator:29 - at 39.600 us: Warning: Timing violation in
   /network_proc_full_tb/uut/gpu_instance/ICache/inst/  $recovery( CLKB:39.600
   us, CLKA:39.600 us,1.000 ns)

WARNING:Simulator:29 - at 39.600 us: Warning: Timing violation in
   /network_proc_full_tb/uut/gpu_instance/ICache/inst/  $recovery( CLKA:39.600
   us, CLKB:39.600 us,1.000 ns)

WARNING:Simulator:29 - at 39.700 us: Warning: Timing violation in
   /network_proc_full_tb/uut/fifo_instance/ram_inst/inst/  $recovery(
   CLKB:39.700 us, CLKA:39.700 us,1.000 ns)

WARNING:Simulator:29 - at 39.700 us: Warning: Timing violation in
   /network_proc_full_tb/uut/fifo_instance/ram_inst/inst/  $recovery(
   CLKA:39.700 us, CLKB:39.700 us,1.000 ns)

WARNING:Simulator:29 - at 39.700 us: Warning: Timing violation in
   /network_proc_full_tb/uut/gpu_instance/ICache/inst/  $recovery( CLKB:39.700
   us, CLKA:39.700 us,1.000 ns)

WARNING:Simulator:29 - at 39.700 us: Warning: Timing violation in
   /network_proc_full_tb/uut/gpu_instance/ICache/inst/  $recovery( CLKA:39.700
   us, CLKB:39.700 us,1.000 ns)

WARNING:Simulator:29 - at 39.800 us: Warning: Timing violation in
   /network_proc_full_tb/uut/fifo_instance/ram_inst/inst/  $recovery(
   CLKB:39.800 us, CLKA:39.800 us,1.000 ns)

WARNING:Simulator:29 - at 39.800 us: Warning: Timing violation in
   /network_proc_full_tb/uut/fifo_instance/ram_inst/inst/  $recovery(
   CLKA:39.800 us, CLKB:39.800 us,1.000 ns)

WARNING:Simulator:29 - at 39.800 us: Warning: Timing violation in
   /network_proc_full_tb/uut/gpu_instance/ICache/inst/  $recovery( CLKB:39.800
   us, CLKA:39.800 us,1.000 ns)

WARNING:Simulator:29 - at 39.800 us: Warning: Timing violation in
   /network_proc_full_tb/uut/gpu_instance/ICache/inst/  $recovery( CLKA:39.800
   us, CLKB:39.800 us,1.000 ns)

WARNING:Simulator:29 - at 39.900 us: Warning: Timing violation in
   /network_proc_full_tb/uut/fifo_instance/ram_inst/inst/  $recovery(
   CLKB:39.900 us, CLKA:39.900 us,1.000 ns)

WARNING:Simulator:29 - at 39.900 us: Warning: Timing violation in
   /network_proc_full_tb/uut/fifo_instance/ram_inst/inst/  $recovery(
   CLKA:39.900 us, CLKB:39.900 us,1.000 ns)

WARNING:Simulator:29 - at 39.900 us: Warning: Timing violation in
   /network_proc_full_tb/uut/gpu_instance/ICache/inst/  $recovery( CLKB:39.900
   us, CLKA:39.900 us,1.000 ns)

WARNING:Simulator:29 - at 39.900 us: Warning: Timing violation in
   /network_proc_full_tb/uut/gpu_instance/ICache/inst/  $recovery( CLKA:39.900
   us, CLKB:39.900 us,1.000 ns)

WARNING:Simulator:29 - at 40.000 us: Warning: Timing violation in
   /network_proc_full_tb/uut/fifo_instance/ram_inst/inst/  $recovery(
   CLKB:40.000 us, CLKA:40.000 us,1.000 ns)

WARNING:Simulator:29 - at 40.000 us: Warning: Timing violation in
   /network_proc_full_tb/uut/fifo_instance/ram_inst/inst/  $recovery(
   CLKA:40.000 us, CLKB:40.000 us,1.000 ns)

WARNING:Simulator:29 - at 40.000 us: Warning: Timing violation in
   /network_proc_full_tb/uut/gpu_instance/ICache/inst/  $recovery( CLKB:40.000
   us, CLKA:40.000 us,1.000 ns)

WARNING:Simulator:29 - at 40.000 us: Warning: Timing violation in
   /network_proc_full_tb/uut/gpu_instance/ICache/inst/  $recovery( CLKA:40.000
   us, CLKB:40.000 us,1.000 ns)

WARNING:Simulator:29 - at 40.100 us: Warning: Timing violation in
   /network_proc_full_tb/uut/fifo_instance/ram_inst/inst/  $recovery(
   CLKB:40.100 us, CLKA:40.100 us,1.000 ns)

WARNING:Simulator:29 - at 40.100 us: Warning: Timing violation in
   /network_proc_full_tb/uut/fifo_instance/ram_inst/inst/  $recovery(
   CLKA:40.100 us, CLKB:40.100 us,1.000 ns)

WARNING:Simulator:29 - at 40.100 us: Warning: Timing violation in
   /network_proc_full_tb/uut/gpu_instance/ICache/inst/  $recovery( CLKB:40.100
   us, CLKA:40.100 us,1.000 ns)

WARNING:Simulator:29 - at 40.100 us: Warning: Timing violation in
   /network_proc_full_tb/uut/gpu_instance/ICache/inst/  $recovery( CLKA:40.100
   us, CLKB:40.100 us,1.000 ns)

WARNING:Simulator:29 - at 40.200 us: Warning: Timing violation in
   /network_proc_full_tb/uut/fifo_instance/ram_inst/inst/  $recovery(
   CLKB:40.200 us, CLKA:40.200 us,1.000 ns)

WARNING:Simulator:29 - at 40.200 us: Warning: Timing violation in
   /network_proc_full_tb/uut/fifo_instance/ram_inst/inst/  $recovery(
   CLKA:40.200 us, CLKB:40.200 us,1.000 ns)

WARNING:Simulator:29 - at 40.200 us: Warning: Timing violation in
   /network_proc_full_tb/uut/gpu_instance/ICache/inst/  $recovery( CLKB:40.200
   us, CLKA:40.200 us,1.000 ns)

WARNING:Simulator:29 - at 40.200 us: Warning: Timing violation in
   /network_proc_full_tb/uut/gpu_instance/ICache/inst/  $recovery( CLKA:40.200
   us, CLKB:40.200 us,1.000 ns)

WARNING:Simulator:29 - at 40.300 us: Warning: Timing violation in
   /network_proc_full_tb/uut/fifo_instance/ram_inst/inst/  $recovery(
   CLKB:40.300 us, CLKA:40.300 us,1.000 ns)

WARNING:Simulator:29 - at 40.300 us: Warning: Timing violation in
   /network_proc_full_tb/uut/fifo_instance/ram_inst/inst/  $recovery(
   CLKA:40.300 us, CLKB:40.300 us,1.000 ns)

WARNING:Simulator:29 - at 40.300 us: Warning: Timing violation in
   /network_proc_full_tb/uut/gpu_instance/ICache/inst/  $recovery( CLKB:40.300
   us, CLKA:40.300 us,1.000 ns)

WARNING:Simulator:29 - at 40.300 us: Warning: Timing violation in
   /network_proc_full_tb/uut/gpu_instance/ICache/inst/  $recovery( CLKA:40.300
   us, CLKB:40.300 us,1.000 ns)

WARNING:Simulator:29 - at 40.400 us: Warning: Timing violation in
   /network_proc_full_tb/uut/fifo_instance/ram_inst/inst/  $recovery(
   CLKB:40.400 us, CLKA:40.400 us,1.000 ns)

WARNING:Simulator:29 - at 40.400 us: Warning: Timing violation in
   /network_proc_full_tb/uut/fifo_instance/ram_inst/inst/  $recovery(
   CLKA:40.400 us, CLKB:40.400 us,1.000 ns)

WARNING:Simulator:29 - at 40.400 us: Warning: Timing violation in
   /network_proc_full_tb/uut/gpu_instance/ICache/inst/  $recovery( CLKB:40.400
   us, CLKA:40.400 us,1.000 ns)

WARNING:Simulator:29 - at 40.400 us: Warning: Timing violation in
   /network_proc_full_tb/uut/gpu_instance/ICache/inst/  $recovery( CLKA:40.400
   us, CLKB:40.400 us,1.000 ns)

WARNING:Simulator:29 - at 40.500 us: Warning: Timing violation in
   /network_proc_full_tb/uut/fifo_instance/ram_inst/inst/  $recovery(
   CLKB:40.500 us, CLKA:40.500 us,1.000 ns)

WARNING:Simulator:29 - at 40.500 us: Warning: Timing violation in
   /network_proc_full_tb/uut/fifo_instance/ram_inst/inst/  $recovery(
   CLKA:40.500 us, CLKB:40.500 us,1.000 ns)

WARNING:Simulator:29 - at 40.500 us: Warning: Timing violation in
   /network_proc_full_tb/uut/gpu_instance/ICache/inst/  $recovery( CLKB:40.500
   us, CLKA:40.500 us,1.000 ns)

WARNING:Simulator:29 - at 40.500 us: Warning: Timing violation in
   /network_proc_full_tb/uut/gpu_instance/ICache/inst/  $recovery( CLKA:40.500
   us, CLKB:40.500 us,1.000 ns)

WARNING:Simulator:29 - at 40.600 us: Warning: Timing violation in
   /network_proc_full_tb/uut/fifo_instance/ram_inst/inst/  $recovery(
   CLKB:40.600 us, CLKA:40.600 us,1.000 ns)

WARNING:Simulator:29 - at 40.600 us: Warning: Timing violation in
   /network_proc_full_tb/uut/fifo_instance/ram_inst/inst/  $recovery(
   CLKA:40.600 us, CLKB:40.600 us,1.000 ns)

WARNING:Simulator:29 - at 40.600 us: Warning: Timing violation in
   /network_proc_full_tb/uut/gpu_instance/ICache/inst/  $recovery( CLKB:40.600
   us, CLKA:40.600 us,1.000 ns)

WARNING:Simulator:29 - at 40.600 us: Warning: Timing violation in
   /network_proc_full_tb/uut/gpu_instance/ICache/inst/  $recovery( CLKA:40.600
   us, CLKB:40.600 us,1.000 ns)

WARNING:Simulator:29 - at 40.700 us: Warning: Timing violation in
   /network_proc_full_tb/uut/fifo_instance/ram_inst/inst/  $recovery(
   CLKB:40.700 us, CLKA:40.700 us,1.000 ns)

WARNING:Simulator:29 - at 40.700 us: Warning: Timing violation in
   /network_proc_full_tb/uut/fifo_instance/ram_inst/inst/  $recovery(
   CLKA:40.700 us, CLKB:40.700 us,1.000 ns)

WARNING:Simulator:29 - at 40.700 us: Warning: Timing violation in
   /network_proc_full_tb/uut/gpu_instance/ICache/inst/  $recovery( CLKB:40.700
   us, CLKA:40.700 us,1.000 ns)

WARNING:Simulator:29 - at 40.700 us: Warning: Timing violation in
   /network_proc_full_tb/uut/gpu_instance/ICache/inst/  $recovery( CLKA:40.700
   us, CLKB:40.700 us,1.000 ns)

WARNING:Simulator:29 - at 40.800 us: Warning: Timing violation in
   /network_proc_full_tb/uut/fifo_instance/ram_inst/inst/  $recovery(
   CLKB:40.800 us, CLKA:40.800 us,1.000 ns)

WARNING:Simulator:29 - at 40.800 us: Warning: Timing violation in
   /network_proc_full_tb/uut/fifo_instance/ram_inst/inst/  $recovery(
   CLKA:40.800 us, CLKB:40.800 us,1.000 ns)

WARNING:Simulator:29 - at 40.800 us: Warning: Timing violation in
   /network_proc_full_tb/uut/gpu_instance/ICache/inst/  $recovery( CLKB:40.800
   us, CLKA:40.800 us,1.000 ns)

WARNING:Simulator:29 - at 40.800 us: Warning: Timing violation in
   /network_proc_full_tb/uut/gpu_instance/ICache/inst/  $recovery( CLKA:40.800
   us, CLKB:40.800 us,1.000 ns)

WARNING:Simulator:29 - at 40.900 us: Warning: Timing violation in
   /network_proc_full_tb/uut/fifo_instance/ram_inst/inst/  $recovery(
   CLKB:40.900 us, CLKA:40.900 us,1.000 ns)

WARNING:Simulator:29 - at 40.900 us: Warning: Timing violation in
   /network_proc_full_tb/uut/fifo_instance/ram_inst/inst/  $recovery(
   CLKA:40.900 us, CLKB:40.900 us,1.000 ns)

WARNING:Simulator:29 - at 40.900 us: Warning: Timing violation in
   /network_proc_full_tb/uut/gpu_instance/ICache/inst/  $recovery( CLKB:40.900
   us, CLKA:40.900 us,1.000 ns)

WARNING:Simulator:29 - at 40.900 us: Warning: Timing violation in
   /network_proc_full_tb/uut/gpu_instance/ICache/inst/  $recovery( CLKA:40.900
   us, CLKB:40.900 us,1.000 ns)

WARNING:Simulator:29 - at 41.000 us: Warning: Timing violation in
   /network_proc_full_tb/uut/fifo_instance/ram_inst/inst/  $recovery(
   CLKB:41.000 us, CLKA:41.000 us,1.000 ns)

WARNING:Simulator:29 - at 41.000 us: Warning: Timing violation in
   /network_proc_full_tb/uut/fifo_instance/ram_inst/inst/  $recovery(
   CLKA:41.000 us, CLKB:41.000 us,1.000 ns)

WARNING:Simulator:29 - at 41.000 us: Warning: Timing violation in
   /network_proc_full_tb/uut/gpu_instance/ICache/inst/  $recovery( CLKB:41.000
   us, CLKA:41.000 us,1.000 ns)

WARNING:Simulator:29 - at 41.000 us: Warning: Timing violation in
   /network_proc_full_tb/uut/gpu_instance/ICache/inst/  $recovery( CLKA:41.000
   us, CLKB:41.000 us,1.000 ns)

WARNING:Simulator:29 - at 41.100 us: Warning: Timing violation in
   /network_proc_full_tb/uut/fifo_instance/ram_inst/inst/  $recovery(
   CLKB:41.100 us, CLKA:41.100 us,1.000 ns)

WARNING:Simulator:29 - at 41.100 us: Warning: Timing violation in
   /network_proc_full_tb/uut/fifo_instance/ram_inst/inst/  $recovery(
   CLKA:41.100 us, CLKB:41.100 us,1.000 ns)

WARNING:Simulator:29 - at 41.100 us: Warning: Timing violation in
   /network_proc_full_tb/uut/gpu_instance/ICache/inst/  $recovery( CLKB:41.100
   us, CLKA:41.100 us,1.000 ns)

WARNING:Simulator:29 - at 41.100 us: Warning: Timing violation in
   /network_proc_full_tb/uut/gpu_instance/ICache/inst/  $recovery( CLKA:41.100
   us, CLKB:41.100 us,1.000 ns)

WARNING:Simulator:29 - at 41.200 us: Warning: Timing violation in
   /network_proc_full_tb/uut/fifo_instance/ram_inst/inst/  $recovery(
   CLKB:41.200 us, CLKA:41.200 us,1.000 ns)

WARNING:Simulator:29 - at 41.200 us: Warning: Timing violation in
   /network_proc_full_tb/uut/fifo_instance/ram_inst/inst/  $recovery(
   CLKA:41.200 us, CLKB:41.200 us,1.000 ns)

WARNING:Simulator:29 - at 41.200 us: Warning: Timing violation in
   /network_proc_full_tb/uut/gpu_instance/ICache/inst/  $recovery( CLKB:41.200
   us, CLKA:41.200 us,1.000 ns)

WARNING:Simulator:29 - at 41.200 us: Warning: Timing violation in
   /network_proc_full_tb/uut/gpu_instance/ICache/inst/  $recovery( CLKA:41.200
   us, CLKB:41.200 us,1.000 ns)

WARNING:Simulator:29 - at 41.300 us: Warning: Timing violation in
   /network_proc_full_tb/uut/fifo_instance/ram_inst/inst/  $recovery(
   CLKB:41.300 us, CLKA:41.300 us,1.000 ns)

WARNING:Simulator:29 - at 41.300 us: Warning: Timing violation in
   /network_proc_full_tb/uut/fifo_instance/ram_inst/inst/  $recovery(
   CLKA:41.300 us, CLKB:41.300 us,1.000 ns)

WARNING:Simulator:29 - at 41.300 us: Warning: Timing violation in
   /network_proc_full_tb/uut/gpu_instance/ICache/inst/  $recovery( CLKB:41.300
   us, CLKA:41.300 us,1.000 ns)

WARNING:Simulator:29 - at 41.300 us: Warning: Timing violation in
   /network_proc_full_tb/uut/gpu_instance/ICache/inst/  $recovery( CLKA:41.300
   us, CLKB:41.300 us,1.000 ns)

WARNING:Simulator:29 - at 41.400 us: Warning: Timing violation in
   /network_proc_full_tb/uut/fifo_instance/ram_inst/inst/  $recovery(
   CLKB:41.400 us, CLKA:41.400 us,1.000 ns)

WARNING:Simulator:29 - at 41.400 us: Warning: Timing violation in
   /network_proc_full_tb/uut/fifo_instance/ram_inst/inst/  $recovery(
   CLKA:41.400 us, CLKB:41.400 us,1.000 ns)

WARNING:Simulator:29 - at 41.400 us: Warning: Timing violation in
   /network_proc_full_tb/uut/gpu_instance/ICache/inst/  $recovery( CLKB:41.400
   us, CLKA:41.400 us,1.000 ns)

WARNING:Simulator:29 - at 41.400 us: Warning: Timing violation in
   /network_proc_full_tb/uut/gpu_instance/ICache/inst/  $recovery( CLKA:41.400
   us, CLKB:41.400 us,1.000 ns)

WARNING:Simulator:29 - at 41.500 us: Warning: Timing violation in
   /network_proc_full_tb/uut/fifo_instance/ram_inst/inst/  $recovery(
   CLKB:41.500 us, CLKA:41.500 us,1.000 ns)

WARNING:Simulator:29 - at 41.500 us: Warning: Timing violation in
   /network_proc_full_tb/uut/fifo_instance/ram_inst/inst/  $recovery(
   CLKA:41.500 us, CLKB:41.500 us,1.000 ns)

WARNING:Simulator:29 - at 41.500 us: Warning: Timing violation in
   /network_proc_full_tb/uut/gpu_instance/ICache/inst/  $recovery( CLKB:41.500
   us, CLKA:41.500 us,1.000 ns)

WARNING:Simulator:29 - at 41.500 us: Warning: Timing violation in
   /network_proc_full_tb/uut/gpu_instance/ICache/inst/  $recovery( CLKA:41.500
   us, CLKB:41.500 us,1.000 ns)

WARNING:Simulator:29 - at 41.600 us: Warning: Timing violation in
   /network_proc_full_tb/uut/fifo_instance/ram_inst/inst/  $recovery(
   CLKB:41.600 us, CLKA:41.600 us,1.000 ns)

WARNING:Simulator:29 - at 41.600 us: Warning: Timing violation in
   /network_proc_full_tb/uut/fifo_instance/ram_inst/inst/  $recovery(
   CLKA:41.600 us, CLKB:41.600 us,1.000 ns)

WARNING:Simulator:29 - at 41.600 us: Warning: Timing violation in
   /network_proc_full_tb/uut/gpu_instance/ICache/inst/  $recovery( CLKB:41.600
   us, CLKA:41.600 us,1.000 ns)

WARNING:Simulator:29 - at 41.600 us: Warning: Timing violation in
   /network_proc_full_tb/uut/gpu_instance/ICache/inst/  $recovery( CLKA:41.600
   us, CLKB:41.600 us,1.000 ns)

WARNING:Simulator:29 - at 41.700 us: Warning: Timing violation in
   /network_proc_full_tb/uut/fifo_instance/ram_inst/inst/  $recovery(
   CLKB:41.700 us, CLKA:41.700 us,1.000 ns)

WARNING:Simulator:29 - at 41.700 us: Warning: Timing violation in
   /network_proc_full_tb/uut/fifo_instance/ram_inst/inst/  $recovery(
   CLKA:41.700 us, CLKB:41.700 us,1.000 ns)

WARNING:Simulator:29 - at 41.700 us: Warning: Timing violation in
   /network_proc_full_tb/uut/gpu_instance/ICache/inst/  $recovery( CLKB:41.700
   us, CLKA:41.700 us,1.000 ns)

WARNING:Simulator:29 - at 41.700 us: Warning: Timing violation in
   /network_proc_full_tb/uut/gpu_instance/ICache/inst/  $recovery( CLKA:41.700
   us, CLKB:41.700 us,1.000 ns)

WARNING:Simulator:29 - at 41.800 us: Warning: Timing violation in
   /network_proc_full_tb/uut/fifo_instance/ram_inst/inst/  $recovery(
   CLKB:41.800 us, CLKA:41.800 us,1.000 ns)

WARNING:Simulator:29 - at 41.800 us: Warning: Timing violation in
   /network_proc_full_tb/uut/fifo_instance/ram_inst/inst/  $recovery(
   CLKA:41.800 us, CLKB:41.800 us,1.000 ns)

WARNING:Simulator:29 - at 41.800 us: Warning: Timing violation in
   /network_proc_full_tb/uut/gpu_instance/ICache/inst/  $recovery( CLKB:41.800
   us, CLKA:41.800 us,1.000 ns)

WARNING:Simulator:29 - at 41.800 us: Warning: Timing violation in
   /network_proc_full_tb/uut/gpu_instance/ICache/inst/  $recovery( CLKA:41.800
   us, CLKB:41.800 us,1.000 ns)

WARNING:Simulator:29 - at 41.900 us: Warning: Timing violation in
   /network_proc_full_tb/uut/fifo_instance/ram_inst/inst/  $recovery(
   CLKB:41.900 us, CLKA:41.900 us,1.000 ns)

WARNING:Simulator:29 - at 41.900 us: Warning: Timing violation in
   /network_proc_full_tb/uut/fifo_instance/ram_inst/inst/  $recovery(
   CLKA:41.900 us, CLKB:41.900 us,1.000 ns)

WARNING:Simulator:29 - at 41.900 us: Warning: Timing violation in
   /network_proc_full_tb/uut/gpu_instance/ICache/inst/  $recovery( CLKB:41.900
   us, CLKA:41.900 us,1.000 ns)

WARNING:Simulator:29 - at 41.900 us: Warning: Timing violation in
   /network_proc_full_tb/uut/gpu_instance/ICache/inst/  $recovery( CLKA:41.900
   us, CLKB:41.900 us,1.000 ns)

WARNING:Simulator:29 - at 42.000 us: Warning: Timing violation in
   /network_proc_full_tb/uut/fifo_instance/ram_inst/inst/  $recovery(
   CLKB:42.000 us, CLKA:42.000 us,1.000 ns)

WARNING:Simulator:29 - at 42.000 us: Warning: Timing violation in
   /network_proc_full_tb/uut/fifo_instance/ram_inst/inst/  $recovery(
   CLKA:42.000 us, CLKB:42.000 us,1.000 ns)

WARNING:Simulator:29 - at 42.000 us: Warning: Timing violation in
   /network_proc_full_tb/uut/gpu_instance/ICache/inst/  $recovery( CLKB:42.000
   us, CLKA:42.000 us,1.000 ns)

WARNING:Simulator:29 - at 42.000 us: Warning: Timing violation in
   /network_proc_full_tb/uut/gpu_instance/ICache/inst/  $recovery( CLKA:42.000
   us, CLKB:42.000 us,1.000 ns)

WARNING:Simulator:29 - at 42.100 us: Warning: Timing violation in
   /network_proc_full_tb/uut/fifo_instance/ram_inst/inst/  $recovery(
   CLKB:42.100 us, CLKA:42.100 us,1.000 ns)

WARNING:Simulator:29 - at 42.100 us: Warning: Timing violation in
   /network_proc_full_tb/uut/fifo_instance/ram_inst/inst/  $recovery(
   CLKA:42.100 us, CLKB:42.100 us,1.000 ns)

WARNING:Simulator:29 - at 42.100 us: Warning: Timing violation in
   /network_proc_full_tb/uut/gpu_instance/ICache/inst/  $recovery( CLKB:42.100
   us, CLKA:42.100 us,1.000 ns)

WARNING:Simulator:29 - at 42.100 us: Warning: Timing violation in
   /network_proc_full_tb/uut/gpu_instance/ICache/inst/  $recovery( CLKA:42.100
   us, CLKB:42.100 us,1.000 ns)

WARNING:Simulator:29 - at 42.200 us: Warning: Timing violation in
   /network_proc_full_tb/uut/fifo_instance/ram_inst/inst/  $recovery(
   CLKB:42.200 us, CLKA:42.200 us,1.000 ns)

WARNING:Simulator:29 - at 42.200 us: Warning: Timing violation in
   /network_proc_full_tb/uut/fifo_instance/ram_inst/inst/  $recovery(
   CLKA:42.200 us, CLKB:42.200 us,1.000 ns)

WARNING:Simulator:29 - at 42.200 us: Warning: Timing violation in
   /network_proc_full_tb/uut/gpu_instance/ICache/inst/  $recovery( CLKB:42.200
   us, CLKA:42.200 us,1.000 ns)

WARNING:Simulator:29 - at 42.200 us: Warning: Timing violation in
   /network_proc_full_tb/uut/gpu_instance/ICache/inst/  $recovery( CLKA:42.200
   us, CLKB:42.200 us,1.000 ns)

WARNING:Simulator:29 - at 42.300 us: Warning: Timing violation in
   /network_proc_full_tb/uut/fifo_instance/ram_inst/inst/  $recovery(
   CLKB:42.300 us, CLKA:42.300 us,1.000 ns)

WARNING:Simulator:29 - at 42.300 us: Warning: Timing violation in
   /network_proc_full_tb/uut/fifo_instance/ram_inst/inst/  $recovery(
   CLKA:42.300 us, CLKB:42.300 us,1.000 ns)

WARNING:Simulator:29 - at 42.300 us: Warning: Timing violation in
   /network_proc_full_tb/uut/gpu_instance/ICache/inst/  $recovery( CLKB:42.300
   us, CLKA:42.300 us,1.000 ns)

WARNING:Simulator:29 - at 42.300 us: Warning: Timing violation in
   /network_proc_full_tb/uut/gpu_instance/ICache/inst/  $recovery( CLKA:42.300
   us, CLKB:42.300 us,1.000 ns)

WARNING:Simulator:29 - at 42.400 us: Warning: Timing violation in
   /network_proc_full_tb/uut/fifo_instance/ram_inst/inst/  $recovery(
   CLKB:42.400 us, CLKA:42.400 us,1.000 ns)

WARNING:Simulator:29 - at 42.400 us: Warning: Timing violation in
   /network_proc_full_tb/uut/fifo_instance/ram_inst/inst/  $recovery(
   CLKA:42.400 us, CLKB:42.400 us,1.000 ns)

WARNING:Simulator:29 - at 42.400 us: Warning: Timing violation in
   /network_proc_full_tb/uut/gpu_instance/ICache/inst/  $recovery( CLKB:42.400
   us, CLKA:42.400 us,1.000 ns)

WARNING:Simulator:29 - at 42.400 us: Warning: Timing violation in
   /network_proc_full_tb/uut/gpu_instance/ICache/inst/  $recovery( CLKA:42.400
   us, CLKB:42.400 us,1.000 ns)

WARNING:Simulator:29 - at 42.500 us: Warning: Timing violation in
   /network_proc_full_tb/uut/fifo_instance/ram_inst/inst/  $recovery(
   CLKB:42.500 us, CLKA:42.500 us,1.000 ns)

WARNING:Simulator:29 - at 42.500 us: Warning: Timing violation in
   /network_proc_full_tb/uut/fifo_instance/ram_inst/inst/  $recovery(
   CLKA:42.500 us, CLKB:42.500 us,1.000 ns)

WARNING:Simulator:29 - at 42.500 us: Warning: Timing violation in
   /network_proc_full_tb/uut/gpu_instance/ICache/inst/  $recovery( CLKB:42.500
   us, CLKA:42.500 us,1.000 ns)

WARNING:Simulator:29 - at 42.500 us: Warning: Timing violation in
   /network_proc_full_tb/uut/gpu_instance/ICache/inst/  $recovery( CLKA:42.500
   us, CLKB:42.500 us,1.000 ns)

WARNING:Simulator:29 - at 42.600 us: Warning: Timing violation in
   /network_proc_full_tb/uut/fifo_instance/ram_inst/inst/  $recovery(
   CLKB:42.600 us, CLKA:42.600 us,1.000 ns)

WARNING:Simulator:29 - at 42.600 us: Warning: Timing violation in
   /network_proc_full_tb/uut/fifo_instance/ram_inst/inst/  $recovery(
   CLKA:42.600 us, CLKB:42.600 us,1.000 ns)

WARNING:Simulator:29 - at 42.600 us: Warning: Timing violation in
   /network_proc_full_tb/uut/gpu_instance/ICache/inst/  $recovery( CLKB:42.600
   us, CLKA:42.600 us,1.000 ns)

WARNING:Simulator:29 - at 42.600 us: Warning: Timing violation in
   /network_proc_full_tb/uut/gpu_instance/ICache/inst/  $recovery( CLKA:42.600
   us, CLKB:42.600 us,1.000 ns)

WARNING:Simulator:29 - at 42.700 us: Warning: Timing violation in
   /network_proc_full_tb/uut/fifo_instance/ram_inst/inst/  $recovery(
   CLKB:42.700 us, CLKA:42.700 us,1.000 ns)

WARNING:Simulator:29 - at 42.700 us: Warning: Timing violation in
   /network_proc_full_tb/uut/fifo_instance/ram_inst/inst/  $recovery(
   CLKA:42.700 us, CLKB:42.700 us,1.000 ns)

WARNING:Simulator:29 - at 42.700 us: Warning: Timing violation in
   /network_proc_full_tb/uut/gpu_instance/ICache/inst/  $recovery( CLKB:42.700
   us, CLKA:42.700 us,1.000 ns)

WARNING:Simulator:29 - at 42.700 us: Warning: Timing violation in
   /network_proc_full_tb/uut/gpu_instance/ICache/inst/  $recovery( CLKA:42.700
   us, CLKB:42.700 us,1.000 ns)

WARNING:Simulator:29 - at 42.800 us: Warning: Timing violation in
   /network_proc_full_tb/uut/fifo_instance/ram_inst/inst/  $recovery(
   CLKB:42.800 us, CLKA:42.800 us,1.000 ns)

WARNING:Simulator:29 - at 42.800 us: Warning: Timing violation in
   /network_proc_full_tb/uut/fifo_instance/ram_inst/inst/  $recovery(
   CLKA:42.800 us, CLKB:42.800 us,1.000 ns)

WARNING:Simulator:29 - at 42.800 us: Warning: Timing violation in
   /network_proc_full_tb/uut/gpu_instance/ICache/inst/  $recovery( CLKB:42.800
   us, CLKA:42.800 us,1.000 ns)

WARNING:Simulator:29 - at 42.800 us: Warning: Timing violation in
   /network_proc_full_tb/uut/gpu_instance/ICache/inst/  $recovery( CLKA:42.800
   us, CLKB:42.800 us,1.000 ns)

WARNING:Simulator:29 - at 42.900 us: Warning: Timing violation in
   /network_proc_full_tb/uut/fifo_instance/ram_inst/inst/  $recovery(
   CLKB:42.900 us, CLKA:42.900 us,1.000 ns)

WARNING:Simulator:29 - at 42.900 us: Warning: Timing violation in
   /network_proc_full_tb/uut/fifo_instance/ram_inst/inst/  $recovery(
   CLKA:42.900 us, CLKB:42.900 us,1.000 ns)

WARNING:Simulator:29 - at 42.900 us: Warning: Timing violation in
   /network_proc_full_tb/uut/gpu_instance/ICache/inst/  $recovery( CLKB:42.900
   us, CLKA:42.900 us,1.000 ns)

WARNING:Simulator:29 - at 42.900 us: Warning: Timing violation in
   /network_proc_full_tb/uut/gpu_instance/ICache/inst/  $recovery( CLKA:42.900
   us, CLKB:42.900 us,1.000 ns)

WARNING:Simulator:29 - at 43.000 us: Warning: Timing violation in
   /network_proc_full_tb/uut/fifo_instance/ram_inst/inst/  $recovery(
   CLKB:43.000 us, CLKA:43.000 us,1.000 ns)

WARNING:Simulator:29 - at 43.000 us: Warning: Timing violation in
   /network_proc_full_tb/uut/fifo_instance/ram_inst/inst/  $recovery(
   CLKA:43.000 us, CLKB:43.000 us,1.000 ns)

WARNING:Simulator:29 - at 43.000 us: Warning: Timing violation in
   /network_proc_full_tb/uut/gpu_instance/ICache/inst/  $recovery( CLKB:43.000
   us, CLKA:43.000 us,1.000 ns)

WARNING:Simulator:29 - at 43.000 us: Warning: Timing violation in
   /network_proc_full_tb/uut/gpu_instance/ICache/inst/  $recovery( CLKA:43.000
   us, CLKB:43.000 us,1.000 ns)

WARNING:Simulator:29 - at 43.100 us: Warning: Timing violation in
   /network_proc_full_tb/uut/fifo_instance/ram_inst/inst/  $recovery(
   CLKB:43.100 us, CLKA:43.100 us,1.000 ns)

WARNING:Simulator:29 - at 43.100 us: Warning: Timing violation in
   /network_proc_full_tb/uut/fifo_instance/ram_inst/inst/  $recovery(
   CLKA:43.100 us, CLKB:43.100 us,1.000 ns)

WARNING:Simulator:29 - at 43.100 us: Warning: Timing violation in
   /network_proc_full_tb/uut/gpu_instance/ICache/inst/  $recovery( CLKB:43.100
   us, CLKA:43.100 us,1.000 ns)

WARNING:Simulator:29 - at 43.100 us: Warning: Timing violation in
   /network_proc_full_tb/uut/gpu_instance/ICache/inst/  $recovery( CLKA:43.100
   us, CLKB:43.100 us,1.000 ns)

WARNING:Simulator:29 - at 43.200 us: Warning: Timing violation in
   /network_proc_full_tb/uut/fifo_instance/ram_inst/inst/  $recovery(
   CLKB:43.200 us, CLKA:43.200 us,1.000 ns)

WARNING:Simulator:29 - at 43.200 us: Warning: Timing violation in
   /network_proc_full_tb/uut/fifo_instance/ram_inst/inst/  $recovery(
   CLKA:43.200 us, CLKB:43.200 us,1.000 ns)

WARNING:Simulator:29 - at 43.200 us: Warning: Timing violation in
   /network_proc_full_tb/uut/gpu_instance/ICache/inst/  $recovery( CLKB:43.200
   us, CLKA:43.200 us,1.000 ns)

WARNING:Simulator:29 - at 43.200 us: Warning: Timing violation in
   /network_proc_full_tb/uut/gpu_instance/ICache/inst/  $recovery( CLKA:43.200
   us, CLKB:43.200 us,1.000 ns)

WARNING:Simulator:29 - at 43.300 us: Warning: Timing violation in
   /network_proc_full_tb/uut/fifo_instance/ram_inst/inst/  $recovery(
   CLKB:43.300 us, CLKA:43.300 us,1.000 ns)

WARNING:Simulator:29 - at 43.300 us: Warning: Timing violation in
   /network_proc_full_tb/uut/fifo_instance/ram_inst/inst/  $recovery(
   CLKA:43.300 us, CLKB:43.300 us,1.000 ns)

WARNING:Simulator:29 - at 43.300 us: Warning: Timing violation in
   /network_proc_full_tb/uut/gpu_instance/ICache/inst/  $recovery( CLKB:43.300
   us, CLKA:43.300 us,1.000 ns)

WARNING:Simulator:29 - at 43.300 us: Warning: Timing violation in
   /network_proc_full_tb/uut/gpu_instance/ICache/inst/  $recovery( CLKA:43.300
   us, CLKB:43.300 us,1.000 ns)

WARNING:Simulator:29 - at 43.400 us: Warning: Timing violation in
   /network_proc_full_tb/uut/fifo_instance/ram_inst/inst/  $recovery(
   CLKB:43.400 us, CLKA:43.400 us,1.000 ns)

WARNING:Simulator:29 - at 43.400 us: Warning: Timing violation in
   /network_proc_full_tb/uut/fifo_instance/ram_inst/inst/  $recovery(
   CLKA:43.400 us, CLKB:43.400 us,1.000 ns)

WARNING:Simulator:29 - at 43.400 us: Warning: Timing violation in
   /network_proc_full_tb/uut/gpu_instance/ICache/inst/  $recovery( CLKB:43.400
   us, CLKA:43.400 us,1.000 ns)

WARNING:Simulator:29 - at 43.400 us: Warning: Timing violation in
   /network_proc_full_tb/uut/gpu_instance/ICache/inst/  $recovery( CLKA:43.400
   us, CLKB:43.400 us,1.000 ns)

WARNING:Simulator:29 - at 43.500 us: Warning: Timing violation in
   /network_proc_full_tb/uut/fifo_instance/ram_inst/inst/  $recovery(
   CLKB:43.500 us, CLKA:43.500 us,1.000 ns)

WARNING:Simulator:29 - at 43.500 us: Warning: Timing violation in
   /network_proc_full_tb/uut/fifo_instance/ram_inst/inst/  $recovery(
   CLKA:43.500 us, CLKB:43.500 us,1.000 ns)

WARNING:Simulator:29 - at 43.500 us: Warning: Timing violation in
   /network_proc_full_tb/uut/gpu_instance/ICache/inst/  $recovery( CLKB:43.500
   us, CLKA:43.500 us,1.000 ns)

WARNING:Simulator:29 - at 43.500 us: Warning: Timing violation in
   /network_proc_full_tb/uut/gpu_instance/ICache/inst/  $recovery( CLKA:43.500
   us, CLKB:43.500 us,1.000 ns)

WARNING:Simulator:29 - at 43.600 us: Warning: Timing violation in
   /network_proc_full_tb/uut/fifo_instance/ram_inst/inst/  $recovery(
   CLKB:43.600 us, CLKA:43.600 us,1.000 ns)

WARNING:Simulator:29 - at 43.600 us: Warning: Timing violation in
   /network_proc_full_tb/uut/fifo_instance/ram_inst/inst/  $recovery(
   CLKA:43.600 us, CLKB:43.600 us,1.000 ns)

WARNING:Simulator:29 - at 43.600 us: Warning: Timing violation in
   /network_proc_full_tb/uut/gpu_instance/ICache/inst/  $recovery( CLKB:43.600
   us, CLKA:43.600 us,1.000 ns)

WARNING:Simulator:29 - at 43.600 us: Warning: Timing violation in
   /network_proc_full_tb/uut/gpu_instance/ICache/inst/  $recovery( CLKA:43.600
   us, CLKB:43.600 us,1.000 ns)

WARNING:Simulator:29 - at 43.700 us: Warning: Timing violation in
   /network_proc_full_tb/uut/fifo_instance/ram_inst/inst/  $recovery(
   CLKB:43.700 us, CLKA:43.700 us,1.000 ns)

WARNING:Simulator:29 - at 43.700 us: Warning: Timing violation in
   /network_proc_full_tb/uut/fifo_instance/ram_inst/inst/  $recovery(
   CLKA:43.700 us, CLKB:43.700 us,1.000 ns)

WARNING:Simulator:29 - at 43.700 us: Warning: Timing violation in
   /network_proc_full_tb/uut/gpu_instance/ICache/inst/  $recovery( CLKB:43.700
   us, CLKA:43.700 us,1.000 ns)

WARNING:Simulator:29 - at 43.700 us: Warning: Timing violation in
   /network_proc_full_tb/uut/gpu_instance/ICache/inst/  $recovery( CLKA:43.700
   us, CLKB:43.700 us,1.000 ns)

WARNING:Simulator:29 - at 43.800 us: Warning: Timing violation in
   /network_proc_full_tb/uut/fifo_instance/ram_inst/inst/  $recovery(
   CLKB:43.800 us, CLKA:43.800 us,1.000 ns)

WARNING:Simulator:29 - at 43.800 us: Warning: Timing violation in
   /network_proc_full_tb/uut/fifo_instance/ram_inst/inst/  $recovery(
   CLKA:43.800 us, CLKB:43.800 us,1.000 ns)

WARNING:Simulator:29 - at 43.800 us: Warning: Timing violation in
   /network_proc_full_tb/uut/gpu_instance/ICache/inst/  $recovery( CLKB:43.800
   us, CLKA:43.800 us,1.000 ns)

WARNING:Simulator:29 - at 43.800 us: Warning: Timing violation in
   /network_proc_full_tb/uut/gpu_instance/ICache/inst/  $recovery( CLKA:43.800
   us, CLKB:43.800 us,1.000 ns)

WARNING:Simulator:29 - at 43.900 us: Warning: Timing violation in
   /network_proc_full_tb/uut/fifo_instance/ram_inst/inst/  $recovery(
   CLKB:43.900 us, CLKA:43.900 us,1.000 ns)

WARNING:Simulator:29 - at 43.900 us: Warning: Timing violation in
   /network_proc_full_tb/uut/fifo_instance/ram_inst/inst/  $recovery(
   CLKA:43.900 us, CLKB:43.900 us,1.000 ns)

WARNING:Simulator:29 - at 43.900 us: Warning: Timing violation in
   /network_proc_full_tb/uut/gpu_instance/ICache/inst/  $recovery( CLKB:43.900
   us, CLKA:43.900 us,1.000 ns)

WARNING:Simulator:29 - at 43.900 us: Warning: Timing violation in
   /network_proc_full_tb/uut/gpu_instance/ICache/inst/  $recovery( CLKA:43.900
   us, CLKB:43.900 us,1.000 ns)

WARNING:Simulator:29 - at 44.000 us: Warning: Timing violation in
   /network_proc_full_tb/uut/fifo_instance/ram_inst/inst/  $recovery(
   CLKB:44.000 us, CLKA:44.000 us,1.000 ns)

WARNING:Simulator:29 - at 44.000 us: Warning: Timing violation in
   /network_proc_full_tb/uut/fifo_instance/ram_inst/inst/  $recovery(
   CLKA:44.000 us, CLKB:44.000 us,1.000 ns)

WARNING:Simulator:29 - at 44.000 us: Warning: Timing violation in
   /network_proc_full_tb/uut/gpu_instance/ICache/inst/  $recovery( CLKB:44.000
   us, CLKA:44.000 us,1.000 ns)

WARNING:Simulator:29 - at 44.000 us: Warning: Timing violation in
   /network_proc_full_tb/uut/gpu_instance/ICache/inst/  $recovery( CLKA:44.000
   us, CLKB:44.000 us,1.000 ns)

WARNING:Simulator:29 - at 44.100 us: Warning: Timing violation in
   /network_proc_full_tb/uut/fifo_instance/ram_inst/inst/  $recovery(
   CLKB:44.100 us, CLKA:44.100 us,1.000 ns)

WARNING:Simulator:29 - at 44.100 us: Warning: Timing violation in
   /network_proc_full_tb/uut/fifo_instance/ram_inst/inst/  $recovery(
   CLKA:44.100 us, CLKB:44.100 us,1.000 ns)

WARNING:Simulator:29 - at 44.100 us: Warning: Timing violation in
   /network_proc_full_tb/uut/gpu_instance/ICache/inst/  $recovery( CLKB:44.100
   us, CLKA:44.100 us,1.000 ns)

WARNING:Simulator:29 - at 44.100 us: Warning: Timing violation in
   /network_proc_full_tb/uut/gpu_instance/ICache/inst/  $recovery( CLKA:44.100
   us, CLKB:44.100 us,1.000 ns)

WARNING:Simulator:29 - at 44.200 us: Warning: Timing violation in
   /network_proc_full_tb/uut/fifo_instance/ram_inst/inst/  $recovery(
   CLKB:44.200 us, CLKA:44.200 us,1.000 ns)

WARNING:Simulator:29 - at 44.200 us: Warning: Timing violation in
   /network_proc_full_tb/uut/fifo_instance/ram_inst/inst/  $recovery(
   CLKA:44.200 us, CLKB:44.200 us,1.000 ns)

WARNING:Simulator:29 - at 44.200 us: Warning: Timing violation in
   /network_proc_full_tb/uut/gpu_instance/ICache/inst/  $recovery( CLKB:44.200
   us, CLKA:44.200 us,1.000 ns)

WARNING:Simulator:29 - at 44.200 us: Warning: Timing violation in
   /network_proc_full_tb/uut/gpu_instance/ICache/inst/  $recovery( CLKA:44.200
   us, CLKB:44.200 us,1.000 ns)

WARNING:Simulator:29 - at 44.300 us: Warning: Timing violation in
   /network_proc_full_tb/uut/fifo_instance/ram_inst/inst/  $recovery(
   CLKB:44.300 us, CLKA:44.300 us,1.000 ns)

WARNING:Simulator:29 - at 44.300 us: Warning: Timing violation in
   /network_proc_full_tb/uut/fifo_instance/ram_inst/inst/  $recovery(
   CLKA:44.300 us, CLKB:44.300 us,1.000 ns)

WARNING:Simulator:29 - at 44.300 us: Warning: Timing violation in
   /network_proc_full_tb/uut/gpu_instance/ICache/inst/  $recovery( CLKB:44.300
   us, CLKA:44.300 us,1.000 ns)

WARNING:Simulator:29 - at 44.300 us: Warning: Timing violation in
   /network_proc_full_tb/uut/gpu_instance/ICache/inst/  $recovery( CLKA:44.300
   us, CLKB:44.300 us,1.000 ns)

WARNING:Simulator:29 - at 44.400 us: Warning: Timing violation in
   /network_proc_full_tb/uut/fifo_instance/ram_inst/inst/  $recovery(
   CLKB:44.400 us, CLKA:44.400 us,1.000 ns)

WARNING:Simulator:29 - at 44.400 us: Warning: Timing violation in
   /network_proc_full_tb/uut/fifo_instance/ram_inst/inst/  $recovery(
   CLKA:44.400 us, CLKB:44.400 us,1.000 ns)

WARNING:Simulator:29 - at 44.400 us: Warning: Timing violation in
   /network_proc_full_tb/uut/gpu_instance/ICache/inst/  $recovery( CLKB:44.400
   us, CLKA:44.400 us,1.000 ns)

WARNING:Simulator:29 - at 44.400 us: Warning: Timing violation in
   /network_proc_full_tb/uut/gpu_instance/ICache/inst/  $recovery( CLKA:44.400
   us, CLKB:44.400 us,1.000 ns)

WARNING:Simulator:29 - at 44.500 us: Warning: Timing violation in
   /network_proc_full_tb/uut/fifo_instance/ram_inst/inst/  $recovery(
   CLKB:44.500 us, CLKA:44.500 us,1.000 ns)

WARNING:Simulator:29 - at 44.500 us: Warning: Timing violation in
   /network_proc_full_tb/uut/fifo_instance/ram_inst/inst/  $recovery(
   CLKA:44.500 us, CLKB:44.500 us,1.000 ns)

WARNING:Simulator:29 - at 44.500 us: Warning: Timing violation in
   /network_proc_full_tb/uut/gpu_instance/ICache/inst/  $recovery( CLKB:44.500
   us, CLKA:44.500 us,1.000 ns)

WARNING:Simulator:29 - at 44.500 us: Warning: Timing violation in
   /network_proc_full_tb/uut/gpu_instance/ICache/inst/  $recovery( CLKA:44.500
   us, CLKB:44.500 us,1.000 ns)

WARNING:Simulator:29 - at 44.600 us: Warning: Timing violation in
   /network_proc_full_tb/uut/fifo_instance/ram_inst/inst/  $recovery(
   CLKB:44.600 us, CLKA:44.600 us,1.000 ns)

WARNING:Simulator:29 - at 44.600 us: Warning: Timing violation in
   /network_proc_full_tb/uut/fifo_instance/ram_inst/inst/  $recovery(
   CLKA:44.600 us, CLKB:44.600 us,1.000 ns)

WARNING:Simulator:29 - at 44.600 us: Warning: Timing violation in
   /network_proc_full_tb/uut/gpu_instance/ICache/inst/  $recovery( CLKB:44.600
   us, CLKA:44.600 us,1.000 ns)

WARNING:Simulator:29 - at 44.600 us: Warning: Timing violation in
   /network_proc_full_tb/uut/gpu_instance/ICache/inst/  $recovery( CLKA:44.600
   us, CLKB:44.600 us,1.000 ns)

WARNING:Simulator:29 - at 44.700 us: Warning: Timing violation in
   /network_proc_full_tb/uut/fifo_instance/ram_inst/inst/  $recovery(
   CLKB:44.700 us, CLKA:44.700 us,1.000 ns)

WARNING:Simulator:29 - at 44.700 us: Warning: Timing violation in
   /network_proc_full_tb/uut/fifo_instance/ram_inst/inst/  $recovery(
   CLKA:44.700 us, CLKB:44.700 us,1.000 ns)

WARNING:Simulator:29 - at 44.700 us: Warning: Timing violation in
   /network_proc_full_tb/uut/gpu_instance/ICache/inst/  $recovery( CLKB:44.700
   us, CLKA:44.700 us,1.000 ns)

WARNING:Simulator:29 - at 44.700 us: Warning: Timing violation in
   /network_proc_full_tb/uut/gpu_instance/ICache/inst/  $recovery( CLKA:44.700
   us, CLKB:44.700 us,1.000 ns)

WARNING:Simulator:29 - at 44.800 us: Warning: Timing violation in
   /network_proc_full_tb/uut/fifo_instance/ram_inst/inst/  $recovery(
   CLKB:44.800 us, CLKA:44.800 us,1.000 ns)

WARNING:Simulator:29 - at 44.800 us: Warning: Timing violation in
   /network_proc_full_tb/uut/fifo_instance/ram_inst/inst/  $recovery(
   CLKA:44.800 us, CLKB:44.800 us,1.000 ns)

WARNING:Simulator:29 - at 44.800 us: Warning: Timing violation in
   /network_proc_full_tb/uut/gpu_instance/ICache/inst/  $recovery( CLKB:44.800
   us, CLKA:44.800 us,1.000 ns)

WARNING:Simulator:29 - at 44.800 us: Warning: Timing violation in
   /network_proc_full_tb/uut/gpu_instance/ICache/inst/  $recovery( CLKA:44.800
   us, CLKB:44.800 us,1.000 ns)

WARNING:Simulator:29 - at 44.900 us: Warning: Timing violation in
   /network_proc_full_tb/uut/fifo_instance/ram_inst/inst/  $recovery(
   CLKB:44.900 us, CLKA:44.900 us,1.000 ns)

WARNING:Simulator:29 - at 44.900 us: Warning: Timing violation in
   /network_proc_full_tb/uut/fifo_instance/ram_inst/inst/  $recovery(
   CLKA:44.900 us, CLKB:44.900 us,1.000 ns)

WARNING:Simulator:29 - at 44.900 us: Warning: Timing violation in
   /network_proc_full_tb/uut/gpu_instance/ICache/inst/  $recovery( CLKB:44.900
   us, CLKA:44.900 us,1.000 ns)

WARNING:Simulator:29 - at 44.900 us: Warning: Timing violation in
   /network_proc_full_tb/uut/gpu_instance/ICache/inst/  $recovery( CLKA:44.900
   us, CLKB:44.900 us,1.000 ns)

WARNING:Simulator:29 - at 45.000 us: Warning: Timing violation in
   /network_proc_full_tb/uut/fifo_instance/ram_inst/inst/  $recovery(
   CLKB:45.000 us, CLKA:45.000 us,1.000 ns)

WARNING:Simulator:29 - at 45.000 us: Warning: Timing violation in
   /network_proc_full_tb/uut/fifo_instance/ram_inst/inst/  $recovery(
   CLKA:45.000 us, CLKB:45.000 us,1.000 ns)

WARNING:Simulator:29 - at 45.000 us: Warning: Timing violation in
   /network_proc_full_tb/uut/gpu_instance/ICache/inst/  $recovery( CLKB:45.000
   us, CLKA:45.000 us,1.000 ns)

WARNING:Simulator:29 - at 45.000 us: Warning: Timing violation in
   /network_proc_full_tb/uut/gpu_instance/ICache/inst/  $recovery( CLKA:45.000
   us, CLKB:45.000 us,1.000 ns)

WARNING:Simulator:29 - at 45.100 us: Warning: Timing violation in
   /network_proc_full_tb/uut/fifo_instance/ram_inst/inst/  $recovery(
   CLKB:45.100 us, CLKA:45.100 us,1.000 ns)

WARNING:Simulator:29 - at 45.100 us: Warning: Timing violation in
   /network_proc_full_tb/uut/fifo_instance/ram_inst/inst/  $recovery(
   CLKA:45.100 us, CLKB:45.100 us,1.000 ns)

WARNING:Simulator:29 - at 45.100 us: Warning: Timing violation in
   /network_proc_full_tb/uut/gpu_instance/ICache/inst/  $recovery( CLKB:45.100
   us, CLKA:45.100 us,1.000 ns)

WARNING:Simulator:29 - at 45.100 us: Warning: Timing violation in
   /network_proc_full_tb/uut/gpu_instance/ICache/inst/  $recovery( CLKA:45.100
   us, CLKB:45.100 us,1.000 ns)

WARNING:Simulator:29 - at 45.200 us: Warning: Timing violation in
   /network_proc_full_tb/uut/fifo_instance/ram_inst/inst/  $recovery(
   CLKB:45.200 us, CLKA:45.200 us,1.000 ns)

WARNING:Simulator:29 - at 45.200 us: Warning: Timing violation in
   /network_proc_full_tb/uut/fifo_instance/ram_inst/inst/  $recovery(
   CLKA:45.200 us, CLKB:45.200 us,1.000 ns)

WARNING:Simulator:29 - at 45.200 us: Warning: Timing violation in
   /network_proc_full_tb/uut/gpu_instance/ICache/inst/  $recovery( CLKB:45.200
   us, CLKA:45.200 us,1.000 ns)

WARNING:Simulator:29 - at 45.200 us: Warning: Timing violation in
   /network_proc_full_tb/uut/gpu_instance/ICache/inst/  $recovery( CLKA:45.200
   us, CLKB:45.200 us,1.000 ns)

WARNING:Simulator:29 - at 45.300 us: Warning: Timing violation in
   /network_proc_full_tb/uut/fifo_instance/ram_inst/inst/  $recovery(
   CLKB:45.300 us, CLKA:45.300 us,1.000 ns)

WARNING:Simulator:29 - at 45.300 us: Warning: Timing violation in
   /network_proc_full_tb/uut/fifo_instance/ram_inst/inst/  $recovery(
   CLKA:45.300 us, CLKB:45.300 us,1.000 ns)

WARNING:Simulator:29 - at 45.300 us: Warning: Timing violation in
   /network_proc_full_tb/uut/gpu_instance/ICache/inst/  $recovery( CLKB:45.300
   us, CLKA:45.300 us,1.000 ns)

WARNING:Simulator:29 - at 45.300 us: Warning: Timing violation in
   /network_proc_full_tb/uut/gpu_instance/ICache/inst/  $recovery( CLKA:45.300
   us, CLKB:45.300 us,1.000 ns)

WARNING:Simulator:29 - at 45.400 us: Warning: Timing violation in
   /network_proc_full_tb/uut/fifo_instance/ram_inst/inst/  $recovery(
   CLKB:45.400 us, CLKA:45.400 us,1.000 ns)

WARNING:Simulator:29 - at 45.400 us: Warning: Timing violation in
   /network_proc_full_tb/uut/fifo_instance/ram_inst/inst/  $recovery(
   CLKA:45.400 us, CLKB:45.400 us,1.000 ns)

WARNING:Simulator:29 - at 45.400 us: Warning: Timing violation in
   /network_proc_full_tb/uut/gpu_instance/ICache/inst/  $recovery( CLKB:45.400
   us, CLKA:45.400 us,1.000 ns)

WARNING:Simulator:29 - at 45.400 us: Warning: Timing violation in
   /network_proc_full_tb/uut/gpu_instance/ICache/inst/  $recovery( CLKA:45.400
   us, CLKB:45.400 us,1.000 ns)

WARNING:Simulator:29 - at 45.500 us: Warning: Timing violation in
   /network_proc_full_tb/uut/fifo_instance/ram_inst/inst/  $recovery(
   CLKB:45.500 us, CLKA:45.500 us,1.000 ns)

WARNING:Simulator:29 - at 45.500 us: Warning: Timing violation in
   /network_proc_full_tb/uut/fifo_instance/ram_inst/inst/  $recovery(
   CLKA:45.500 us, CLKB:45.500 us,1.000 ns)

WARNING:Simulator:29 - at 45.500 us: Warning: Timing violation in
   /network_proc_full_tb/uut/gpu_instance/ICache/inst/  $recovery( CLKB:45.500
   us, CLKA:45.500 us,1.000 ns)

WARNING:Simulator:29 - at 45.500 us: Warning: Timing violation in
   /network_proc_full_tb/uut/gpu_instance/ICache/inst/  $recovery( CLKA:45.500
   us, CLKB:45.500 us,1.000 ns)

WARNING:Simulator:29 - at 45.600 us: Warning: Timing violation in
   /network_proc_full_tb/uut/fifo_instance/ram_inst/inst/  $recovery(
   CLKB:45.600 us, CLKA:45.600 us,1.000 ns)

WARNING:Simulator:29 - at 45.600 us: Warning: Timing violation in
   /network_proc_full_tb/uut/fifo_instance/ram_inst/inst/  $recovery(
   CLKA:45.600 us, CLKB:45.600 us,1.000 ns)

WARNING:Simulator:29 - at 45.600 us: Warning: Timing violation in
   /network_proc_full_tb/uut/gpu_instance/ICache/inst/  $recovery( CLKB:45.600
   us, CLKA:45.600 us,1.000 ns)

WARNING:Simulator:29 - at 45.600 us: Warning: Timing violation in
   /network_proc_full_tb/uut/gpu_instance/ICache/inst/  $recovery( CLKA:45.600
   us, CLKB:45.600 us,1.000 ns)

WARNING:Simulator:29 - at 45.700 us: Warning: Timing violation in
   /network_proc_full_tb/uut/fifo_instance/ram_inst/inst/  $recovery(
   CLKB:45.700 us, CLKA:45.700 us,1.000 ns)

WARNING:Simulator:29 - at 45.700 us: Warning: Timing violation in
   /network_proc_full_tb/uut/fifo_instance/ram_inst/inst/  $recovery(
   CLKA:45.700 us, CLKB:45.700 us,1.000 ns)

WARNING:Simulator:29 - at 45.700 us: Warning: Timing violation in
   /network_proc_full_tb/uut/gpu_instance/ICache/inst/  $recovery( CLKB:45.700
   us, CLKA:45.700 us,1.000 ns)

WARNING:Simulator:29 - at 45.700 us: Warning: Timing violation in
   /network_proc_full_tb/uut/gpu_instance/ICache/inst/  $recovery( CLKA:45.700
   us, CLKB:45.700 us,1.000 ns)

WARNING:Simulator:29 - at 45.800 us: Warning: Timing violation in
   /network_proc_full_tb/uut/fifo_instance/ram_inst/inst/  $recovery(
   CLKB:45.800 us, CLKA:45.800 us,1.000 ns)

WARNING:Simulator:29 - at 45.800 us: Warning: Timing violation in
   /network_proc_full_tb/uut/fifo_instance/ram_inst/inst/  $recovery(
   CLKA:45.800 us, CLKB:45.800 us,1.000 ns)

WARNING:Simulator:29 - at 45.800 us: Warning: Timing violation in
   /network_proc_full_tb/uut/gpu_instance/ICache/inst/  $recovery( CLKB:45.800
   us, CLKA:45.800 us,1.000 ns)

WARNING:Simulator:29 - at 45.800 us: Warning: Timing violation in
   /network_proc_full_tb/uut/gpu_instance/ICache/inst/  $recovery( CLKA:45.800
   us, CLKB:45.800 us,1.000 ns)

WARNING:Simulator:29 - at 45.900 us: Warning: Timing violation in
   /network_proc_full_tb/uut/fifo_instance/ram_inst/inst/  $recovery(
   CLKB:45.900 us, CLKA:45.900 us,1.000 ns)

WARNING:Simulator:29 - at 45.900 us: Warning: Timing violation in
   /network_proc_full_tb/uut/fifo_instance/ram_inst/inst/  $recovery(
   CLKA:45.900 us, CLKB:45.900 us,1.000 ns)

WARNING:Simulator:29 - at 45.900 us: Warning: Timing violation in
   /network_proc_full_tb/uut/gpu_instance/ICache/inst/  $recovery( CLKB:45.900
   us, CLKA:45.900 us,1.000 ns)

WARNING:Simulator:29 - at 45.900 us: Warning: Timing violation in
   /network_proc_full_tb/uut/gpu_instance/ICache/inst/  $recovery( CLKA:45.900
   us, CLKB:45.900 us,1.000 ns)

WARNING:Simulator:29 - at 46.000 us: Warning: Timing violation in
   /network_proc_full_tb/uut/fifo_instance/ram_inst/inst/  $recovery(
   CLKB:46.000 us, CLKA:46.000 us,1.000 ns)

WARNING:Simulator:29 - at 46.000 us: Warning: Timing violation in
   /network_proc_full_tb/uut/fifo_instance/ram_inst/inst/  $recovery(
   CLKA:46.000 us, CLKB:46.000 us,1.000 ns)

WARNING:Simulator:29 - at 46.000 us: Warning: Timing violation in
   /network_proc_full_tb/uut/gpu_instance/ICache/inst/  $recovery( CLKB:46.000
   us, CLKA:46.000 us,1.000 ns)

WARNING:Simulator:29 - at 46.000 us: Warning: Timing violation in
   /network_proc_full_tb/uut/gpu_instance/ICache/inst/  $recovery( CLKA:46.000
   us, CLKB:46.000 us,1.000 ns)

WARNING:Simulator:29 - at 46.100 us: Warning: Timing violation in
   /network_proc_full_tb/uut/fifo_instance/ram_inst/inst/  $recovery(
   CLKB:46.100 us, CLKA:46.100 us,1.000 ns)

WARNING:Simulator:29 - at 46.100 us: Warning: Timing violation in
   /network_proc_full_tb/uut/fifo_instance/ram_inst/inst/  $recovery(
   CLKA:46.100 us, CLKB:46.100 us,1.000 ns)

WARNING:Simulator:29 - at 46.100 us: Warning: Timing violation in
   /network_proc_full_tb/uut/gpu_instance/ICache/inst/  $recovery( CLKB:46.100
   us, CLKA:46.100 us,1.000 ns)

WARNING:Simulator:29 - at 46.100 us: Warning: Timing violation in
   /network_proc_full_tb/uut/gpu_instance/ICache/inst/  $recovery( CLKA:46.100
   us, CLKB:46.100 us,1.000 ns)

WARNING:Simulator:29 - at 46.200 us: Warning: Timing violation in
   /network_proc_full_tb/uut/fifo_instance/ram_inst/inst/  $recovery(
   CLKB:46.200 us, CLKA:46.200 us,1.000 ns)

WARNING:Simulator:29 - at 46.200 us: Warning: Timing violation in
   /network_proc_full_tb/uut/fifo_instance/ram_inst/inst/  $recovery(
   CLKA:46.200 us, CLKB:46.200 us,1.000 ns)

WARNING:Simulator:29 - at 46.200 us: Warning: Timing violation in
   /network_proc_full_tb/uut/gpu_instance/ICache/inst/  $recovery( CLKB:46.200
   us, CLKA:46.200 us,1.000 ns)

WARNING:Simulator:29 - at 46.200 us: Warning: Timing violation in
   /network_proc_full_tb/uut/gpu_instance/ICache/inst/  $recovery( CLKA:46.200
   us, CLKB:46.200 us,1.000 ns)

WARNING:Simulator:29 - at 46.300 us: Warning: Timing violation in
   /network_proc_full_tb/uut/fifo_instance/ram_inst/inst/  $recovery(
   CLKB:46.300 us, CLKA:46.300 us,1.000 ns)

WARNING:Simulator:29 - at 46.300 us: Warning: Timing violation in
   /network_proc_full_tb/uut/fifo_instance/ram_inst/inst/  $recovery(
   CLKA:46.300 us, CLKB:46.300 us,1.000 ns)

WARNING:Simulator:29 - at 46.300 us: Warning: Timing violation in
   /network_proc_full_tb/uut/gpu_instance/ICache/inst/  $recovery( CLKB:46.300
   us, CLKA:46.300 us,1.000 ns)

WARNING:Simulator:29 - at 46.300 us: Warning: Timing violation in
   /network_proc_full_tb/uut/gpu_instance/ICache/inst/  $recovery( CLKA:46.300
   us, CLKB:46.300 us,1.000 ns)

WARNING:Simulator:29 - at 46.400 us: Warning: Timing violation in
   /network_proc_full_tb/uut/fifo_instance/ram_inst/inst/  $recovery(
   CLKB:46.400 us, CLKA:46.400 us,1.000 ns)

WARNING:Simulator:29 - at 46.400 us: Warning: Timing violation in
   /network_proc_full_tb/uut/fifo_instance/ram_inst/inst/  $recovery(
   CLKA:46.400 us, CLKB:46.400 us,1.000 ns)

WARNING:Simulator:29 - at 46.400 us: Warning: Timing violation in
   /network_proc_full_tb/uut/gpu_instance/ICache/inst/  $recovery( CLKB:46.400
   us, CLKA:46.400 us,1.000 ns)

WARNING:Simulator:29 - at 46.400 us: Warning: Timing violation in
   /network_proc_full_tb/uut/gpu_instance/ICache/inst/  $recovery( CLKA:46.400
   us, CLKB:46.400 us,1.000 ns)

WARNING:Simulator:29 - at 46.500 us: Warning: Timing violation in
   /network_proc_full_tb/uut/fifo_instance/ram_inst/inst/  $recovery(
   CLKB:46.500 us, CLKA:46.500 us,1.000 ns)

WARNING:Simulator:29 - at 46.500 us: Warning: Timing violation in
   /network_proc_full_tb/uut/fifo_instance/ram_inst/inst/  $recovery(
   CLKA:46.500 us, CLKB:46.500 us,1.000 ns)

WARNING:Simulator:29 - at 46.500 us: Warning: Timing violation in
   /network_proc_full_tb/uut/gpu_instance/ICache/inst/  $recovery( CLKB:46.500
   us, CLKA:46.500 us,1.000 ns)

WARNING:Simulator:29 - at 46.500 us: Warning: Timing violation in
   /network_proc_full_tb/uut/gpu_instance/ICache/inst/  $recovery( CLKA:46.500
   us, CLKB:46.500 us,1.000 ns)

WARNING:Simulator:29 - at 46.600 us: Warning: Timing violation in
   /network_proc_full_tb/uut/fifo_instance/ram_inst/inst/  $recovery(
   CLKB:46.600 us, CLKA:46.600 us,1.000 ns)

WARNING:Simulator:29 - at 46.600 us: Warning: Timing violation in
   /network_proc_full_tb/uut/fifo_instance/ram_inst/inst/  $recovery(
   CLKA:46.600 us, CLKB:46.600 us,1.000 ns)

WARNING:Simulator:29 - at 46.600 us: Warning: Timing violation in
   /network_proc_full_tb/uut/gpu_instance/ICache/inst/  $recovery( CLKB:46.600
   us, CLKA:46.600 us,1.000 ns)

WARNING:Simulator:29 - at 46.600 us: Warning: Timing violation in
   /network_proc_full_tb/uut/gpu_instance/ICache/inst/  $recovery( CLKA:46.600
   us, CLKB:46.600 us,1.000 ns)

WARNING:Simulator:29 - at 46.700 us: Warning: Timing violation in
   /network_proc_full_tb/uut/fifo_instance/ram_inst/inst/  $recovery(
   CLKB:46.700 us, CLKA:46.700 us,1.000 ns)

WARNING:Simulator:29 - at 46.700 us: Warning: Timing violation in
   /network_proc_full_tb/uut/fifo_instance/ram_inst/inst/  $recovery(
   CLKA:46.700 us, CLKB:46.700 us,1.000 ns)

WARNING:Simulator:29 - at 46.700 us: Warning: Timing violation in
   /network_proc_full_tb/uut/gpu_instance/ICache/inst/  $recovery( CLKB:46.700
   us, CLKA:46.700 us,1.000 ns)

WARNING:Simulator:29 - at 46.700 us: Warning: Timing violation in
   /network_proc_full_tb/uut/gpu_instance/ICache/inst/  $recovery( CLKA:46.700
   us, CLKB:46.700 us,1.000 ns)

WARNING:Simulator:29 - at 46.800 us: Warning: Timing violation in
   /network_proc_full_tb/uut/fifo_instance/ram_inst/inst/  $recovery(
   CLKB:46.800 us, CLKA:46.800 us,1.000 ns)

WARNING:Simulator:29 - at 46.800 us: Warning: Timing violation in
   /network_proc_full_tb/uut/fifo_instance/ram_inst/inst/  $recovery(
   CLKA:46.800 us, CLKB:46.800 us,1.000 ns)

WARNING:Simulator:29 - at 46.800 us: Warning: Timing violation in
   /network_proc_full_tb/uut/gpu_instance/ICache/inst/  $recovery( CLKB:46.800
   us, CLKA:46.800 us,1.000 ns)

WARNING:Simulator:29 - at 46.800 us: Warning: Timing violation in
   /network_proc_full_tb/uut/gpu_instance/ICache/inst/  $recovery( CLKA:46.800
   us, CLKB:46.800 us,1.000 ns)

WARNING:Simulator:29 - at 46.900 us: Warning: Timing violation in
   /network_proc_full_tb/uut/fifo_instance/ram_inst/inst/  $recovery(
   CLKB:46.900 us, CLKA:46.900 us,1.000 ns)

WARNING:Simulator:29 - at 46.900 us: Warning: Timing violation in
   /network_proc_full_tb/uut/fifo_instance/ram_inst/inst/  $recovery(
   CLKA:46.900 us, CLKB:46.900 us,1.000 ns)

WARNING:Simulator:29 - at 46.900 us: Warning: Timing violation in
   /network_proc_full_tb/uut/gpu_instance/ICache/inst/  $recovery( CLKB:46.900
   us, CLKA:46.900 us,1.000 ns)

WARNING:Simulator:29 - at 46.900 us: Warning: Timing violation in
   /network_proc_full_tb/uut/gpu_instance/ICache/inst/  $recovery( CLKA:46.900
   us, CLKB:46.900 us,1.000 ns)

WARNING:Simulator:29 - at 47.000 us: Warning: Timing violation in
   /network_proc_full_tb/uut/fifo_instance/ram_inst/inst/  $recovery(
   CLKB:47.000 us, CLKA:47.000 us,1.000 ns)

WARNING:Simulator:29 - at 47.000 us: Warning: Timing violation in
   /network_proc_full_tb/uut/fifo_instance/ram_inst/inst/  $recovery(
   CLKA:47.000 us, CLKB:47.000 us,1.000 ns)

WARNING:Simulator:29 - at 47.000 us: Warning: Timing violation in
   /network_proc_full_tb/uut/gpu_instance/ICache/inst/  $recovery( CLKB:47.000
   us, CLKA:47.000 us,1.000 ns)

WARNING:Simulator:29 - at 47.000 us: Warning: Timing violation in
   /network_proc_full_tb/uut/gpu_instance/ICache/inst/  $recovery( CLKA:47.000
   us, CLKB:47.000 us,1.000 ns)

WARNING:Simulator:29 - at 47.100 us: Warning: Timing violation in
   /network_proc_full_tb/uut/fifo_instance/ram_inst/inst/  $recovery(
   CLKB:47.100 us, CLKA:47.100 us,1.000 ns)

WARNING:Simulator:29 - at 47.100 us: Warning: Timing violation in
   /network_proc_full_tb/uut/fifo_instance/ram_inst/inst/  $recovery(
   CLKA:47.100 us, CLKB:47.100 us,1.000 ns)

WARNING:Simulator:29 - at 47.100 us: Warning: Timing violation in
   /network_proc_full_tb/uut/gpu_instance/ICache/inst/  $recovery( CLKB:47.100
   us, CLKA:47.100 us,1.000 ns)

WARNING:Simulator:29 - at 47.100 us: Warning: Timing violation in
   /network_proc_full_tb/uut/gpu_instance/ICache/inst/  $recovery( CLKA:47.100
   us, CLKB:47.100 us,1.000 ns)

WARNING:Simulator:29 - at 47.200 us: Warning: Timing violation in
   /network_proc_full_tb/uut/fifo_instance/ram_inst/inst/  $recovery(
   CLKB:47.200 us, CLKA:47.200 us,1.000 ns)

WARNING:Simulator:29 - at 47.200 us: Warning: Timing violation in
   /network_proc_full_tb/uut/fifo_instance/ram_inst/inst/  $recovery(
   CLKA:47.200 us, CLKB:47.200 us,1.000 ns)

WARNING:Simulator:29 - at 47.200 us: Warning: Timing violation in
   /network_proc_full_tb/uut/gpu_instance/ICache/inst/  $recovery( CLKB:47.200
   us, CLKA:47.200 us,1.000 ns)

WARNING:Simulator:29 - at 47.200 us: Warning: Timing violation in
   /network_proc_full_tb/uut/gpu_instance/ICache/inst/  $recovery( CLKA:47.200
   us, CLKB:47.200 us,1.000 ns)

WARNING:Simulator:29 - at 47.300 us: Warning: Timing violation in
   /network_proc_full_tb/uut/fifo_instance/ram_inst/inst/  $recovery(
   CLKB:47.300 us, CLKA:47.300 us,1.000 ns)

WARNING:Simulator:29 - at 47.300 us: Warning: Timing violation in
   /network_proc_full_tb/uut/fifo_instance/ram_inst/inst/  $recovery(
   CLKA:47.300 us, CLKB:47.300 us,1.000 ns)

WARNING:Simulator:29 - at 47.300 us: Warning: Timing violation in
   /network_proc_full_tb/uut/gpu_instance/ICache/inst/  $recovery( CLKB:47.300
   us, CLKA:47.300 us,1.000 ns)

WARNING:Simulator:29 - at 47.300 us: Warning: Timing violation in
   /network_proc_full_tb/uut/gpu_instance/ICache/inst/  $recovery( CLKA:47.300
   us, CLKB:47.300 us,1.000 ns)

WARNING:Simulator:29 - at 47.400 us: Warning: Timing violation in
   /network_proc_full_tb/uut/fifo_instance/ram_inst/inst/  $recovery(
   CLKB:47.400 us, CLKA:47.400 us,1.000 ns)

WARNING:Simulator:29 - at 47.400 us: Warning: Timing violation in
   /network_proc_full_tb/uut/fifo_instance/ram_inst/inst/  $recovery(
   CLKA:47.400 us, CLKB:47.400 us,1.000 ns)

WARNING:Simulator:29 - at 47.400 us: Warning: Timing violation in
   /network_proc_full_tb/uut/gpu_instance/ICache/inst/  $recovery( CLKB:47.400
   us, CLKA:47.400 us,1.000 ns)

WARNING:Simulator:29 - at 47.400 us: Warning: Timing violation in
   /network_proc_full_tb/uut/gpu_instance/ICache/inst/  $recovery( CLKA:47.400
   us, CLKB:47.400 us,1.000 ns)

WARNING:Simulator:29 - at 47.500 us: Warning: Timing violation in
   /network_proc_full_tb/uut/fifo_instance/ram_inst/inst/  $recovery(
   CLKB:47.500 us, CLKA:47.500 us,1.000 ns)

WARNING:Simulator:29 - at 47.500 us: Warning: Timing violation in
   /network_proc_full_tb/uut/fifo_instance/ram_inst/inst/  $recovery(
   CLKA:47.500 us, CLKB:47.500 us,1.000 ns)

WARNING:Simulator:29 - at 47.500 us: Warning: Timing violation in
   /network_proc_full_tb/uut/gpu_instance/ICache/inst/  $recovery( CLKB:47.500
   us, CLKA:47.500 us,1.000 ns)

WARNING:Simulator:29 - at 47.500 us: Warning: Timing violation in
   /network_proc_full_tb/uut/gpu_instance/ICache/inst/  $recovery( CLKA:47.500
   us, CLKB:47.500 us,1.000 ns)

WARNING:Simulator:29 - at 47.600 us: Warning: Timing violation in
   /network_proc_full_tb/uut/fifo_instance/ram_inst/inst/  $recovery(
   CLKB:47.600 us, CLKA:47.600 us,1.000 ns)

WARNING:Simulator:29 - at 47.600 us: Warning: Timing violation in
   /network_proc_full_tb/uut/fifo_instance/ram_inst/inst/  $recovery(
   CLKA:47.600 us, CLKB:47.600 us,1.000 ns)

WARNING:Simulator:29 - at 47.600 us: Warning: Timing violation in
   /network_proc_full_tb/uut/gpu_instance/ICache/inst/  $recovery( CLKB:47.600
   us, CLKA:47.600 us,1.000 ns)

WARNING:Simulator:29 - at 47.600 us: Warning: Timing violation in
   /network_proc_full_tb/uut/gpu_instance/ICache/inst/  $recovery( CLKA:47.600
   us, CLKB:47.600 us,1.000 ns)

WARNING:Simulator:29 - at 47.700 us: Warning: Timing violation in
   /network_proc_full_tb/uut/fifo_instance/ram_inst/inst/  $recovery(
   CLKB:47.700 us, CLKA:47.700 us,1.000 ns)

WARNING:Simulator:29 - at 47.700 us: Warning: Timing violation in
   /network_proc_full_tb/uut/fifo_instance/ram_inst/inst/  $recovery(
   CLKA:47.700 us, CLKB:47.700 us,1.000 ns)

WARNING:Simulator:29 - at 47.700 us: Warning: Timing violation in
   /network_proc_full_tb/uut/gpu_instance/ICache/inst/  $recovery( CLKB:47.700
   us, CLKA:47.700 us,1.000 ns)

WARNING:Simulator:29 - at 47.700 us: Warning: Timing violation in
   /network_proc_full_tb/uut/gpu_instance/ICache/inst/  $recovery( CLKA:47.700
   us, CLKB:47.700 us,1.000 ns)

WARNING:Simulator:29 - at 47.800 us: Warning: Timing violation in
   /network_proc_full_tb/uut/fifo_instance/ram_inst/inst/  $recovery(
   CLKB:47.800 us, CLKA:47.800 us,1.000 ns)

WARNING:Simulator:29 - at 47.800 us: Warning: Timing violation in
   /network_proc_full_tb/uut/fifo_instance/ram_inst/inst/  $recovery(
   CLKA:47.800 us, CLKB:47.800 us,1.000 ns)

WARNING:Simulator:29 - at 47.800 us: Warning: Timing violation in
   /network_proc_full_tb/uut/gpu_instance/ICache/inst/  $recovery( CLKB:47.800
   us, CLKA:47.800 us,1.000 ns)

WARNING:Simulator:29 - at 47.800 us: Warning: Timing violation in
   /network_proc_full_tb/uut/gpu_instance/ICache/inst/  $recovery( CLKA:47.800
   us, CLKB:47.800 us,1.000 ns)

WARNING:Simulator:29 - at 47.900 us: Warning: Timing violation in
   /network_proc_full_tb/uut/fifo_instance/ram_inst/inst/  $recovery(
   CLKB:47.900 us, CLKA:47.900 us,1.000 ns)

WARNING:Simulator:29 - at 47.900 us: Warning: Timing violation in
   /network_proc_full_tb/uut/fifo_instance/ram_inst/inst/  $recovery(
   CLKA:47.900 us, CLKB:47.900 us,1.000 ns)

WARNING:Simulator:29 - at 47.900 us: Warning: Timing violation in
   /network_proc_full_tb/uut/gpu_instance/ICache/inst/  $recovery( CLKB:47.900
   us, CLKA:47.900 us,1.000 ns)

WARNING:Simulator:29 - at 47.900 us: Warning: Timing violation in
   /network_proc_full_tb/uut/gpu_instance/ICache/inst/  $recovery( CLKA:47.900
   us, CLKB:47.900 us,1.000 ns)

WARNING:Simulator:29 - at 48.000 us: Warning: Timing violation in
   /network_proc_full_tb/uut/fifo_instance/ram_inst/inst/  $recovery(
   CLKB:48.000 us, CLKA:48.000 us,1.000 ns)

WARNING:Simulator:29 - at 48.000 us: Warning: Timing violation in
   /network_proc_full_tb/uut/fifo_instance/ram_inst/inst/  $recovery(
   CLKA:48.000 us, CLKB:48.000 us,1.000 ns)

WARNING:Simulator:29 - at 48.000 us: Warning: Timing violation in
   /network_proc_full_tb/uut/gpu_instance/ICache/inst/  $recovery( CLKB:48.000
   us, CLKA:48.000 us,1.000 ns)

WARNING:Simulator:29 - at 48.000 us: Warning: Timing violation in
   /network_proc_full_tb/uut/gpu_instance/ICache/inst/  $recovery( CLKA:48.000
   us, CLKB:48.000 us,1.000 ns)

WARNING:Simulator:29 - at 48.100 us: Warning: Timing violation in
   /network_proc_full_tb/uut/fifo_instance/ram_inst/inst/  $recovery(
   CLKB:48.100 us, CLKA:48.100 us,1.000 ns)

WARNING:Simulator:29 - at 48.100 us: Warning: Timing violation in
   /network_proc_full_tb/uut/fifo_instance/ram_inst/inst/  $recovery(
   CLKA:48.100 us, CLKB:48.100 us,1.000 ns)

WARNING:Simulator:29 - at 48.100 us: Warning: Timing violation in
   /network_proc_full_tb/uut/gpu_instance/ICache/inst/  $recovery( CLKB:48.100
   us, CLKA:48.100 us,1.000 ns)

WARNING:Simulator:29 - at 48.100 us: Warning: Timing violation in
   /network_proc_full_tb/uut/gpu_instance/ICache/inst/  $recovery( CLKA:48.100
   us, CLKB:48.100 us,1.000 ns)

WARNING:Simulator:29 - at 48.200 us: Warning: Timing violation in
   /network_proc_full_tb/uut/fifo_instance/ram_inst/inst/  $recovery(
   CLKB:48.200 us, CLKA:48.200 us,1.000 ns)

WARNING:Simulator:29 - at 48.200 us: Warning: Timing violation in
   /network_proc_full_tb/uut/fifo_instance/ram_inst/inst/  $recovery(
   CLKA:48.200 us, CLKB:48.200 us,1.000 ns)

WARNING:Simulator:29 - at 48.200 us: Warning: Timing violation in
   /network_proc_full_tb/uut/gpu_instance/ICache/inst/  $recovery( CLKB:48.200
   us, CLKA:48.200 us,1.000 ns)

WARNING:Simulator:29 - at 48.200 us: Warning: Timing violation in
   /network_proc_full_tb/uut/gpu_instance/ICache/inst/  $recovery( CLKA:48.200
   us, CLKB:48.200 us,1.000 ns)

WARNING:Simulator:29 - at 48.300 us: Warning: Timing violation in
   /network_proc_full_tb/uut/fifo_instance/ram_inst/inst/  $recovery(
   CLKB:48.300 us, CLKA:48.300 us,1.000 ns)

WARNING:Simulator:29 - at 48.300 us: Warning: Timing violation in
   /network_proc_full_tb/uut/fifo_instance/ram_inst/inst/  $recovery(
   CLKA:48.300 us, CLKB:48.300 us,1.000 ns)

WARNING:Simulator:29 - at 48.300 us: Warning: Timing violation in
   /network_proc_full_tb/uut/gpu_instance/ICache/inst/  $recovery( CLKB:48.300
   us, CLKA:48.300 us,1.000 ns)

WARNING:Simulator:29 - at 48.300 us: Warning: Timing violation in
   /network_proc_full_tb/uut/gpu_instance/ICache/inst/  $recovery( CLKA:48.300
   us, CLKB:48.300 us,1.000 ns)

WARNING:Simulator:29 - at 48.400 us: Warning: Timing violation in
   /network_proc_full_tb/uut/fifo_instance/ram_inst/inst/  $recovery(
   CLKB:48.400 us, CLKA:48.400 us,1.000 ns)

WARNING:Simulator:29 - at 48.400 us: Warning: Timing violation in
   /network_proc_full_tb/uut/fifo_instance/ram_inst/inst/  $recovery(
   CLKA:48.400 us, CLKB:48.400 us,1.000 ns)

WARNING:Simulator:29 - at 48.400 us: Warning: Timing violation in
   /network_proc_full_tb/uut/gpu_instance/ICache/inst/  $recovery( CLKB:48.400
   us, CLKA:48.400 us,1.000 ns)

WARNING:Simulator:29 - at 48.400 us: Warning: Timing violation in
   /network_proc_full_tb/uut/gpu_instance/ICache/inst/  $recovery( CLKA:48.400
   us, CLKB:48.400 us,1.000 ns)

WARNING:Simulator:29 - at 48.500 us: Warning: Timing violation in
   /network_proc_full_tb/uut/fifo_instance/ram_inst/inst/  $recovery(
   CLKB:48.500 us, CLKA:48.500 us,1.000 ns)

WARNING:Simulator:29 - at 48.500 us: Warning: Timing violation in
   /network_proc_full_tb/uut/fifo_instance/ram_inst/inst/  $recovery(
   CLKA:48.500 us, CLKB:48.500 us,1.000 ns)

WARNING:Simulator:29 - at 48.500 us: Warning: Timing violation in
   /network_proc_full_tb/uut/gpu_instance/ICache/inst/  $recovery( CLKB:48.500
   us, CLKA:48.500 us,1.000 ns)

WARNING:Simulator:29 - at 48.500 us: Warning: Timing violation in
   /network_proc_full_tb/uut/gpu_instance/ICache/inst/  $recovery( CLKA:48.500
   us, CLKB:48.500 us,1.000 ns)

WARNING:Simulator:29 - at 48.600 us: Warning: Timing violation in
   /network_proc_full_tb/uut/fifo_instance/ram_inst/inst/  $recovery(
   CLKB:48.600 us, CLKA:48.600 us,1.000 ns)

WARNING:Simulator:29 - at 48.600 us: Warning: Timing violation in
   /network_proc_full_tb/uut/fifo_instance/ram_inst/inst/  $recovery(
   CLKA:48.600 us, CLKB:48.600 us,1.000 ns)

WARNING:Simulator:29 - at 48.600 us: Warning: Timing violation in
   /network_proc_full_tb/uut/gpu_instance/ICache/inst/  $recovery( CLKB:48.600
   us, CLKA:48.600 us,1.000 ns)

WARNING:Simulator:29 - at 48.600 us: Warning: Timing violation in
   /network_proc_full_tb/uut/gpu_instance/ICache/inst/  $recovery( CLKA:48.600
   us, CLKB:48.600 us,1.000 ns)

WARNING:Simulator:29 - at 48.700 us: Warning: Timing violation in
   /network_proc_full_tb/uut/fifo_instance/ram_inst/inst/  $recovery(
   CLKB:48.700 us, CLKA:48.700 us,1.000 ns)

WARNING:Simulator:29 - at 48.700 us: Warning: Timing violation in
   /network_proc_full_tb/uut/fifo_instance/ram_inst/inst/  $recovery(
   CLKA:48.700 us, CLKB:48.700 us,1.000 ns)

WARNING:Simulator:29 - at 48.700 us: Warning: Timing violation in
   /network_proc_full_tb/uut/gpu_instance/ICache/inst/  $recovery( CLKB:48.700
   us, CLKA:48.700 us,1.000 ns)

WARNING:Simulator:29 - at 48.700 us: Warning: Timing violation in
   /network_proc_full_tb/uut/gpu_instance/ICache/inst/  $recovery( CLKA:48.700
   us, CLKB:48.700 us,1.000 ns)

WARNING:Simulator:29 - at 48.800 us: Warning: Timing violation in
   /network_proc_full_tb/uut/fifo_instance/ram_inst/inst/  $recovery(
   CLKB:48.800 us, CLKA:48.800 us,1.000 ns)

WARNING:Simulator:29 - at 48.800 us: Warning: Timing violation in
   /network_proc_full_tb/uut/fifo_instance/ram_inst/inst/  $recovery(
   CLKA:48.800 us, CLKB:48.800 us,1.000 ns)

WARNING:Simulator:29 - at 48.800 us: Warning: Timing violation in
   /network_proc_full_tb/uut/gpu_instance/ICache/inst/  $recovery( CLKB:48.800
   us, CLKA:48.800 us,1.000 ns)

WARNING:Simulator:29 - at 48.800 us: Warning: Timing violation in
   /network_proc_full_tb/uut/gpu_instance/ICache/inst/  $recovery( CLKA:48.800
   us, CLKB:48.800 us,1.000 ns)

WARNING:Simulator:29 - at 48.900 us: Warning: Timing violation in
   /network_proc_full_tb/uut/fifo_instance/ram_inst/inst/  $recovery(
   CLKB:48.900 us, CLKA:48.900 us,1.000 ns)

WARNING:Simulator:29 - at 48.900 us: Warning: Timing violation in
   /network_proc_full_tb/uut/fifo_instance/ram_inst/inst/  $recovery(
   CLKA:48.900 us, CLKB:48.900 us,1.000 ns)

WARNING:Simulator:29 - at 48.900 us: Warning: Timing violation in
   /network_proc_full_tb/uut/gpu_instance/ICache/inst/  $recovery( CLKB:48.900
   us, CLKA:48.900 us,1.000 ns)

WARNING:Simulator:29 - at 48.900 us: Warning: Timing violation in
   /network_proc_full_tb/uut/gpu_instance/ICache/inst/  $recovery( CLKA:48.900
   us, CLKB:48.900 us,1.000 ns)

WARNING:Simulator:29 - at 49.000 us: Warning: Timing violation in
   /network_proc_full_tb/uut/fifo_instance/ram_inst/inst/  $recovery(
   CLKB:49.000 us, CLKA:49.000 us,1.000 ns)

WARNING:Simulator:29 - at 49.000 us: Warning: Timing violation in
   /network_proc_full_tb/uut/fifo_instance/ram_inst/inst/  $recovery(
   CLKA:49.000 us, CLKB:49.000 us,1.000 ns)

WARNING:Simulator:29 - at 49.000 us: Warning: Timing violation in
   /network_proc_full_tb/uut/gpu_instance/ICache/inst/  $recovery( CLKB:49.000
   us, CLKA:49.000 us,1.000 ns)

WARNING:Simulator:29 - at 49.000 us: Warning: Timing violation in
   /network_proc_full_tb/uut/gpu_instance/ICache/inst/  $recovery( CLKA:49.000
   us, CLKB:49.000 us,1.000 ns)

WARNING:Simulator:29 - at 49.100 us: Warning: Timing violation in
   /network_proc_full_tb/uut/fifo_instance/ram_inst/inst/  $recovery(
   CLKB:49.100 us, CLKA:49.100 us,1.000 ns)

WARNING:Simulator:29 - at 49.100 us: Warning: Timing violation in
   /network_proc_full_tb/uut/fifo_instance/ram_inst/inst/  $recovery(
   CLKA:49.100 us, CLKB:49.100 us,1.000 ns)

WARNING:Simulator:29 - at 49.100 us: Warning: Timing violation in
   /network_proc_full_tb/uut/gpu_instance/ICache/inst/  $recovery( CLKB:49.100
   us, CLKA:49.100 us,1.000 ns)

WARNING:Simulator:29 - at 49.100 us: Warning: Timing violation in
   /network_proc_full_tb/uut/gpu_instance/ICache/inst/  $recovery( CLKA:49.100
   us, CLKB:49.100 us,1.000 ns)

WARNING:Simulator:29 - at 49.200 us: Warning: Timing violation in
   /network_proc_full_tb/uut/fifo_instance/ram_inst/inst/  $recovery(
   CLKB:49.200 us, CLKA:49.200 us,1.000 ns)

WARNING:Simulator:29 - at 49.200 us: Warning: Timing violation in
   /network_proc_full_tb/uut/fifo_instance/ram_inst/inst/  $recovery(
   CLKA:49.200 us, CLKB:49.200 us,1.000 ns)

WARNING:Simulator:29 - at 49.200 us: Warning: Timing violation in
   /network_proc_full_tb/uut/gpu_instance/ICache/inst/  $recovery( CLKB:49.200
   us, CLKA:49.200 us,1.000 ns)

WARNING:Simulator:29 - at 49.200 us: Warning: Timing violation in
   /network_proc_full_tb/uut/gpu_instance/ICache/inst/  $recovery( CLKA:49.200
   us, CLKB:49.200 us,1.000 ns)

WARNING:Simulator:29 - at 49.300 us: Warning: Timing violation in
   /network_proc_full_tb/uut/fifo_instance/ram_inst/inst/  $recovery(
   CLKB:49.300 us, CLKA:49.300 us,1.000 ns)

WARNING:Simulator:29 - at 49.300 us: Warning: Timing violation in
   /network_proc_full_tb/uut/fifo_instance/ram_inst/inst/  $recovery(
   CLKA:49.300 us, CLKB:49.300 us,1.000 ns)

WARNING:Simulator:29 - at 49.300 us: Warning: Timing violation in
   /network_proc_full_tb/uut/gpu_instance/ICache/inst/  $recovery( CLKB:49.300
   us, CLKA:49.300 us,1.000 ns)

WARNING:Simulator:29 - at 49.300 us: Warning: Timing violation in
   /network_proc_full_tb/uut/gpu_instance/ICache/inst/  $recovery( CLKA:49.300
   us, CLKB:49.300 us,1.000 ns)

WARNING:Simulator:29 - at 49.400 us: Warning: Timing violation in
   /network_proc_full_tb/uut/fifo_instance/ram_inst/inst/  $recovery(
   CLKB:49.400 us, CLKA:49.400 us,1.000 ns)

WARNING:Simulator:29 - at 49.400 us: Warning: Timing violation in
   /network_proc_full_tb/uut/fifo_instance/ram_inst/inst/  $recovery(
   CLKA:49.400 us, CLKB:49.400 us,1.000 ns)

WARNING:Simulator:29 - at 49.400 us: Warning: Timing violation in
   /network_proc_full_tb/uut/gpu_instance/ICache/inst/  $recovery( CLKB:49.400
   us, CLKA:49.400 us,1.000 ns)

WARNING:Simulator:29 - at 49.400 us: Warning: Timing violation in
   /network_proc_full_tb/uut/gpu_instance/ICache/inst/  $recovery( CLKA:49.400
   us, CLKB:49.400 us,1.000 ns)

WARNING:Simulator:29 - at 49.500 us: Warning: Timing violation in
   /network_proc_full_tb/uut/fifo_instance/ram_inst/inst/  $recovery(
   CLKB:49.500 us, CLKA:49.500 us,1.000 ns)

WARNING:Simulator:29 - at 49.500 us: Warning: Timing violation in
   /network_proc_full_tb/uut/fifo_instance/ram_inst/inst/  $recovery(
   CLKA:49.500 us, CLKB:49.500 us,1.000 ns)

WARNING:Simulator:29 - at 49.500 us: Warning: Timing violation in
   /network_proc_full_tb/uut/gpu_instance/ICache/inst/  $recovery( CLKB:49.500
   us, CLKA:49.500 us,1.000 ns)

WARNING:Simulator:29 - at 49.500 us: Warning: Timing violation in
   /network_proc_full_tb/uut/gpu_instance/ICache/inst/  $recovery( CLKA:49.500
   us, CLKB:49.500 us,1.000 ns)

WARNING:Simulator:29 - at 49.600 us: Warning: Timing violation in
   /network_proc_full_tb/uut/fifo_instance/ram_inst/inst/  $recovery(
   CLKB:49.600 us, CLKA:49.600 us,1.000 ns)

WARNING:Simulator:29 - at 49.600 us: Warning: Timing violation in
   /network_proc_full_tb/uut/fifo_instance/ram_inst/inst/  $recovery(
   CLKA:49.600 us, CLKB:49.600 us,1.000 ns)

WARNING:Simulator:29 - at 49.600 us: Warning: Timing violation in
   /network_proc_full_tb/uut/gpu_instance/ICache/inst/  $recovery( CLKB:49.600
   us, CLKA:49.600 us,1.000 ns)

WARNING:Simulator:29 - at 49.600 us: Warning: Timing violation in
   /network_proc_full_tb/uut/gpu_instance/ICache/inst/  $recovery( CLKA:49.600
   us, CLKB:49.600 us,1.000 ns)

WARNING:Simulator:29 - at 49.700 us: Warning: Timing violation in
   /network_proc_full_tb/uut/fifo_instance/ram_inst/inst/  $recovery(
   CLKB:49.700 us, CLKA:49.700 us,1.000 ns)

WARNING:Simulator:29 - at 49.700 us: Warning: Timing violation in
   /network_proc_full_tb/uut/fifo_instance/ram_inst/inst/  $recovery(
   CLKA:49.700 us, CLKB:49.700 us,1.000 ns)

WARNING:Simulator:29 - at 49.700 us: Warning: Timing violation in
   /network_proc_full_tb/uut/gpu_instance/ICache/inst/  $recovery( CLKB:49.700
   us, CLKA:49.700 us,1.000 ns)

WARNING:Simulator:29 - at 49.700 us: Warning: Timing violation in
   /network_proc_full_tb/uut/gpu_instance/ICache/inst/  $recovery( CLKA:49.700
   us, CLKB:49.700 us,1.000 ns)

WARNING:Simulator:29 - at 49.800 us: Warning: Timing violation in
   /network_proc_full_tb/uut/fifo_instance/ram_inst/inst/  $recovery(
   CLKB:49.800 us, CLKA:49.800 us,1.000 ns)

WARNING:Simulator:29 - at 49.800 us: Warning: Timing violation in
   /network_proc_full_tb/uut/fifo_instance/ram_inst/inst/  $recovery(
   CLKA:49.800 us, CLKB:49.800 us,1.000 ns)

WARNING:Simulator:29 - at 49.800 us: Warning: Timing violation in
   /network_proc_full_tb/uut/gpu_instance/ICache/inst/  $recovery( CLKB:49.800
   us, CLKA:49.800 us,1.000 ns)

WARNING:Simulator:29 - at 49.800 us: Warning: Timing violation in
   /network_proc_full_tb/uut/gpu_instance/ICache/inst/  $recovery( CLKA:49.800
   us, CLKB:49.800 us,1.000 ns)

WARNING:Simulator:29 - at 49.900 us: Warning: Timing violation in
   /network_proc_full_tb/uut/fifo_instance/ram_inst/inst/  $recovery(
   CLKB:49.900 us, CLKA:49.900 us,1.000 ns)

WARNING:Simulator:29 - at 49.900 us: Warning: Timing violation in
   /network_proc_full_tb/uut/fifo_instance/ram_inst/inst/  $recovery(
   CLKA:49.900 us, CLKB:49.900 us,1.000 ns)

WARNING:Simulator:29 - at 49.900 us: Warning: Timing violation in
   /network_proc_full_tb/uut/gpu_instance/ICache/inst/  $recovery( CLKB:49.900
   us, CLKA:49.900 us,1.000 ns)

WARNING:Simulator:29 - at 49.900 us: Warning: Timing violation in
   /network_proc_full_tb/uut/gpu_instance/ICache/inst/  $recovery( CLKA:49.900
   us, CLKB:49.900 us,1.000 ns)

WARNING:Simulator:29 - at 50.000 us: Warning: Timing violation in
   /network_proc_full_tb/uut/fifo_instance/ram_inst/inst/  $recovery(
   CLKB:50.000 us, CLKA:50.000 us,1.000 ns)

WARNING:Simulator:29 - at 50.000 us: Warning: Timing violation in
   /network_proc_full_tb/uut/fifo_instance/ram_inst/inst/  $recovery(
   CLKA:50.000 us, CLKB:50.000 us,1.000 ns)

WARNING:Simulator:29 - at 50.000 us: Warning: Timing violation in
   /network_proc_full_tb/uut/gpu_instance/ICache/inst/  $recovery( CLKB:50.000
   us, CLKA:50.000 us,1.000 ns)

WARNING:Simulator:29 - at 50.000 us: Warning: Timing violation in
   /network_proc_full_tb/uut/gpu_instance/ICache/inst/  $recovery( CLKA:50.000
   us, CLKB:50.000 us,1.000 ns)

WARNING:Simulator:29 - at 50.100 us: Warning: Timing violation in
   /network_proc_full_tb/uut/fifo_instance/ram_inst/inst/  $recovery(
   CLKB:50.100 us, CLKA:50.100 us,1.000 ns)

WARNING:Simulator:29 - at 50.100 us: Warning: Timing violation in
   /network_proc_full_tb/uut/fifo_instance/ram_inst/inst/  $recovery(
   CLKA:50.100 us, CLKB:50.100 us,1.000 ns)

WARNING:Simulator:29 - at 50.100 us: Warning: Timing violation in
   /network_proc_full_tb/uut/gpu_instance/ICache/inst/  $recovery( CLKB:50.100
   us, CLKA:50.100 us,1.000 ns)

WARNING:Simulator:29 - at 50.100 us: Warning: Timing violation in
   /network_proc_full_tb/uut/gpu_instance/ICache/inst/  $recovery( CLKA:50.100
   us, CLKB:50.100 us,1.000 ns)

WARNING:Simulator:29 - at 50.200 us: Warning: Timing violation in
   /network_proc_full_tb/uut/fifo_instance/ram_inst/inst/  $recovery(
   CLKB:50.200 us, CLKA:50.200 us,1.000 ns)

WARNING:Simulator:29 - at 50.200 us: Warning: Timing violation in
   /network_proc_full_tb/uut/fifo_instance/ram_inst/inst/  $recovery(
   CLKA:50.200 us, CLKB:50.200 us,1.000 ns)

WARNING:Simulator:29 - at 50.200 us: Warning: Timing violation in
   /network_proc_full_tb/uut/gpu_instance/ICache/inst/  $recovery( CLKB:50.200
   us, CLKA:50.200 us,1.000 ns)

WARNING:Simulator:29 - at 50.200 us: Warning: Timing violation in
   /network_proc_full_tb/uut/gpu_instance/ICache/inst/  $recovery( CLKA:50.200
   us, CLKB:50.200 us,1.000 ns)

WARNING:Simulator:29 - at 50.300 us: Warning: Timing violation in
   /network_proc_full_tb/uut/fifo_instance/ram_inst/inst/  $recovery(
   CLKB:50.300 us, CLKA:50.300 us,1.000 ns)

WARNING:Simulator:29 - at 50.300 us: Warning: Timing violation in
   /network_proc_full_tb/uut/fifo_instance/ram_inst/inst/  $recovery(
   CLKA:50.300 us, CLKB:50.300 us,1.000 ns)

WARNING:Simulator:29 - at 50.300 us: Warning: Timing violation in
   /network_proc_full_tb/uut/gpu_instance/ICache/inst/  $recovery( CLKB:50.300
   us, CLKA:50.300 us,1.000 ns)

WARNING:Simulator:29 - at 50.300 us: Warning: Timing violation in
   /network_proc_full_tb/uut/gpu_instance/ICache/inst/  $recovery( CLKA:50.300
   us, CLKB:50.300 us,1.000 ns)

WARNING:Simulator:29 - at 50.400 us: Warning: Timing violation in
   /network_proc_full_tb/uut/fifo_instance/ram_inst/inst/  $recovery(
   CLKB:50.400 us, CLKA:50.400 us,1.000 ns)

WARNING:Simulator:29 - at 50.400 us: Warning: Timing violation in
   /network_proc_full_tb/uut/fifo_instance/ram_inst/inst/  $recovery(
   CLKA:50.400 us, CLKB:50.400 us,1.000 ns)

WARNING:Simulator:29 - at 50.400 us: Warning: Timing violation in
   /network_proc_full_tb/uut/gpu_instance/ICache/inst/  $recovery( CLKB:50.400
   us, CLKA:50.400 us,1.000 ns)

WARNING:Simulator:29 - at 50.400 us: Warning: Timing violation in
   /network_proc_full_tb/uut/gpu_instance/ICache/inst/  $recovery( CLKA:50.400
   us, CLKB:50.400 us,1.000 ns)

WARNING:Simulator:29 - at 50.500 us: Warning: Timing violation in
   /network_proc_full_tb/uut/fifo_instance/ram_inst/inst/  $recovery(
   CLKB:50.500 us, CLKA:50.500 us,1.000 ns)

WARNING:Simulator:29 - at 50.500 us: Warning: Timing violation in
   /network_proc_full_tb/uut/fifo_instance/ram_inst/inst/  $recovery(
   CLKA:50.500 us, CLKB:50.500 us,1.000 ns)

WARNING:Simulator:29 - at 50.500 us: Warning: Timing violation in
   /network_proc_full_tb/uut/gpu_instance/ICache/inst/  $recovery( CLKB:50.500
   us, CLKA:50.500 us,1.000 ns)

WARNING:Simulator:29 - at 50.500 us: Warning: Timing violation in
   /network_proc_full_tb/uut/gpu_instance/ICache/inst/  $recovery( CLKA:50.500
   us, CLKB:50.500 us,1.000 ns)

WARNING:Simulator:29 - at 50.600 us: Warning: Timing violation in
   /network_proc_full_tb/uut/fifo_instance/ram_inst/inst/  $recovery(
   CLKB:50.600 us, CLKA:50.600 us,1.000 ns)

WARNING:Simulator:29 - at 50.600 us: Warning: Timing violation in
   /network_proc_full_tb/uut/fifo_instance/ram_inst/inst/  $recovery(
   CLKA:50.600 us, CLKB:50.600 us,1.000 ns)

WARNING:Simulator:29 - at 50.600 us: Warning: Timing violation in
   /network_proc_full_tb/uut/gpu_instance/ICache/inst/  $recovery( CLKB:50.600
   us, CLKA:50.600 us,1.000 ns)

WARNING:Simulator:29 - at 50.600 us: Warning: Timing violation in
   /network_proc_full_tb/uut/gpu_instance/ICache/inst/  $recovery( CLKA:50.600
   us, CLKB:50.600 us,1.000 ns)

WARNING:Simulator:29 - at 50.700 us: Warning: Timing violation in
   /network_proc_full_tb/uut/fifo_instance/ram_inst/inst/  $recovery(
   CLKB:50.700 us, CLKA:50.700 us,1.000 ns)

WARNING:Simulator:29 - at 50.700 us: Warning: Timing violation in
   /network_proc_full_tb/uut/fifo_instance/ram_inst/inst/  $recovery(
   CLKA:50.700 us, CLKB:50.700 us,1.000 ns)

WARNING:Simulator:29 - at 50.700 us: Warning: Timing violation in
   /network_proc_full_tb/uut/gpu_instance/ICache/inst/  $recovery( CLKB:50.700
   us, CLKA:50.700 us,1.000 ns)

WARNING:Simulator:29 - at 50.700 us: Warning: Timing violation in
   /network_proc_full_tb/uut/gpu_instance/ICache/inst/  $recovery( CLKA:50.700
   us, CLKB:50.700 us,1.000 ns)

WARNING:Simulator:29 - at 50.800 us: Warning: Timing violation in
   /network_proc_full_tb/uut/fifo_instance/ram_inst/inst/  $recovery(
   CLKB:50.800 us, CLKA:50.800 us,1.000 ns)

WARNING:Simulator:29 - at 50.800 us: Warning: Timing violation in
   /network_proc_full_tb/uut/fifo_instance/ram_inst/inst/  $recovery(
   CLKA:50.800 us, CLKB:50.800 us,1.000 ns)

WARNING:Simulator:29 - at 50.800 us: Warning: Timing violation in
   /network_proc_full_tb/uut/gpu_instance/ICache/inst/  $recovery( CLKB:50.800
   us, CLKA:50.800 us,1.000 ns)

WARNING:Simulator:29 - at 50.800 us: Warning: Timing violation in
   /network_proc_full_tb/uut/gpu_instance/ICache/inst/  $recovery( CLKA:50.800
   us, CLKB:50.800 us,1.000 ns)

WARNING:Simulator:29 - at 50.900 us: Warning: Timing violation in
   /network_proc_full_tb/uut/fifo_instance/ram_inst/inst/  $recovery(
   CLKB:50.900 us, CLKA:50.900 us,1.000 ns)

WARNING:Simulator:29 - at 50.900 us: Warning: Timing violation in
   /network_proc_full_tb/uut/fifo_instance/ram_inst/inst/  $recovery(
   CLKA:50.900 us, CLKB:50.900 us,1.000 ns)

WARNING:Simulator:29 - at 50.900 us: Warning: Timing violation in
   /network_proc_full_tb/uut/gpu_instance/ICache/inst/  $recovery( CLKB:50.900
   us, CLKA:50.900 us,1.000 ns)

WARNING:Simulator:29 - at 50.900 us: Warning: Timing violation in
   /network_proc_full_tb/uut/gpu_instance/ICache/inst/  $recovery( CLKA:50.900
   us, CLKB:50.900 us,1.000 ns)

WARNING:Simulator:29 - at 51.000 us: Warning: Timing violation in
   /network_proc_full_tb/uut/fifo_instance/ram_inst/inst/  $recovery(
   CLKB:51.000 us, CLKA:51.000 us,1.000 ns)

WARNING:Simulator:29 - at 51.000 us: Warning: Timing violation in
   /network_proc_full_tb/uut/fifo_instance/ram_inst/inst/  $recovery(
   CLKA:51.000 us, CLKB:51.000 us,1.000 ns)

WARNING:Simulator:29 - at 51.000 us: Warning: Timing violation in
   /network_proc_full_tb/uut/gpu_instance/ICache/inst/  $recovery( CLKB:51.000
   us, CLKA:51.000 us,1.000 ns)

WARNING:Simulator:29 - at 51.000 us: Warning: Timing violation in
   /network_proc_full_tb/uut/gpu_instance/ICache/inst/  $recovery( CLKA:51.000
   us, CLKB:51.000 us,1.000 ns)

WARNING:Simulator:29 - at 51.100 us: Warning: Timing violation in
   /network_proc_full_tb/uut/fifo_instance/ram_inst/inst/  $recovery(
   CLKB:51.100 us, CLKA:51.100 us,1.000 ns)

WARNING:Simulator:29 - at 51.100 us: Warning: Timing violation in
   /network_proc_full_tb/uut/fifo_instance/ram_inst/inst/  $recovery(
   CLKA:51.100 us, CLKB:51.100 us,1.000 ns)

WARNING:Simulator:29 - at 51.100 us: Warning: Timing violation in
   /network_proc_full_tb/uut/gpu_instance/ICache/inst/  $recovery( CLKB:51.100
   us, CLKA:51.100 us,1.000 ns)

WARNING:Simulator:29 - at 51.100 us: Warning: Timing violation in
   /network_proc_full_tb/uut/gpu_instance/ICache/inst/  $recovery( CLKA:51.100
   us, CLKB:51.100 us,1.000 ns)

WARNING:Simulator:29 - at 51.200 us: Warning: Timing violation in
   /network_proc_full_tb/uut/fifo_instance/ram_inst/inst/  $recovery(
   CLKB:51.200 us, CLKA:51.200 us,1.000 ns)

WARNING:Simulator:29 - at 51.200 us: Warning: Timing violation in
   /network_proc_full_tb/uut/fifo_instance/ram_inst/inst/  $recovery(
   CLKA:51.200 us, CLKB:51.200 us,1.000 ns)

WARNING:Simulator:29 - at 51.200 us: Warning: Timing violation in
   /network_proc_full_tb/uut/gpu_instance/ICache/inst/  $recovery( CLKB:51.200
   us, CLKA:51.200 us,1.000 ns)

WARNING:Simulator:29 - at 51.200 us: Warning: Timing violation in
   /network_proc_full_tb/uut/gpu_instance/ICache/inst/  $recovery( CLKA:51.200
   us, CLKB:51.200 us,1.000 ns)

WARNING:Simulator:29 - at 51.300 us: Warning: Timing violation in
   /network_proc_full_tb/uut/fifo_instance/ram_inst/inst/  $recovery(
   CLKB:51.300 us, CLKA:51.300 us,1.000 ns)

WARNING:Simulator:29 - at 51.300 us: Warning: Timing violation in
   /network_proc_full_tb/uut/fifo_instance/ram_inst/inst/  $recovery(
   CLKA:51.300 us, CLKB:51.300 us,1.000 ns)

WARNING:Simulator:29 - at 51.300 us: Warning: Timing violation in
   /network_proc_full_tb/uut/gpu_instance/ICache/inst/  $recovery( CLKB:51.300
   us, CLKA:51.300 us,1.000 ns)

WARNING:Simulator:29 - at 51.300 us: Warning: Timing violation in
   /network_proc_full_tb/uut/gpu_instance/ICache/inst/  $recovery( CLKA:51.300
   us, CLKB:51.300 us,1.000 ns)

WARNING:Simulator:29 - at 51.400 us: Warning: Timing violation in
   /network_proc_full_tb/uut/fifo_instance/ram_inst/inst/  $recovery(
   CLKB:51.400 us, CLKA:51.400 us,1.000 ns)

WARNING:Simulator:29 - at 51.400 us: Warning: Timing violation in
   /network_proc_full_tb/uut/fifo_instance/ram_inst/inst/  $recovery(
   CLKA:51.400 us, CLKB:51.400 us,1.000 ns)

WARNING:Simulator:29 - at 51.400 us: Warning: Timing violation in
   /network_proc_full_tb/uut/gpu_instance/ICache/inst/  $recovery( CLKB:51.400
   us, CLKA:51.400 us,1.000 ns)

WARNING:Simulator:29 - at 51.400 us: Warning: Timing violation in
   /network_proc_full_tb/uut/gpu_instance/ICache/inst/  $recovery( CLKA:51.400
   us, CLKB:51.400 us,1.000 ns)

WARNING:Simulator:29 - at 51.500 us: Warning: Timing violation in
   /network_proc_full_tb/uut/fifo_instance/ram_inst/inst/  $recovery(
   CLKB:51.500 us, CLKA:51.500 us,1.000 ns)

WARNING:Simulator:29 - at 51.500 us: Warning: Timing violation in
   /network_proc_full_tb/uut/fifo_instance/ram_inst/inst/  $recovery(
   CLKA:51.500 us, CLKB:51.500 us,1.000 ns)

WARNING:Simulator:29 - at 51.500 us: Warning: Timing violation in
   /network_proc_full_tb/uut/gpu_instance/ICache/inst/  $recovery( CLKB:51.500
   us, CLKA:51.500 us,1.000 ns)

WARNING:Simulator:29 - at 51.500 us: Warning: Timing violation in
   /network_proc_full_tb/uut/gpu_instance/ICache/inst/  $recovery( CLKA:51.500
   us, CLKB:51.500 us,1.000 ns)

WARNING:Simulator:29 - at 51.600 us: Warning: Timing violation in
   /network_proc_full_tb/uut/fifo_instance/ram_inst/inst/  $recovery(
   CLKB:51.600 us, CLKA:51.600 us,1.000 ns)

WARNING:Simulator:29 - at 51.600 us: Warning: Timing violation in
   /network_proc_full_tb/uut/fifo_instance/ram_inst/inst/  $recovery(
   CLKA:51.600 us, CLKB:51.600 us,1.000 ns)

WARNING:Simulator:29 - at 51.600 us: Warning: Timing violation in
   /network_proc_full_tb/uut/gpu_instance/ICache/inst/  $recovery( CLKB:51.600
   us, CLKA:51.600 us,1.000 ns)

WARNING:Simulator:29 - at 51.600 us: Warning: Timing violation in
   /network_proc_full_tb/uut/gpu_instance/ICache/inst/  $recovery( CLKA:51.600
   us, CLKB:51.600 us,1.000 ns)

WARNING:Simulator:29 - at 51.700 us: Warning: Timing violation in
   /network_proc_full_tb/uut/fifo_instance/ram_inst/inst/  $recovery(
   CLKB:51.700 us, CLKA:51.700 us,1.000 ns)

WARNING:Simulator:29 - at 51.700 us: Warning: Timing violation in
   /network_proc_full_tb/uut/fifo_instance/ram_inst/inst/  $recovery(
   CLKA:51.700 us, CLKB:51.700 us,1.000 ns)

WARNING:Simulator:29 - at 51.700 us: Warning: Timing violation in
   /network_proc_full_tb/uut/gpu_instance/ICache/inst/  $recovery( CLKB:51.700
   us, CLKA:51.700 us,1.000 ns)

WARNING:Simulator:29 - at 51.700 us: Warning: Timing violation in
   /network_proc_full_tb/uut/gpu_instance/ICache/inst/  $recovery( CLKA:51.700
   us, CLKB:51.700 us,1.000 ns)

WARNING:Simulator:29 - at 51.800 us: Warning: Timing violation in
   /network_proc_full_tb/uut/fifo_instance/ram_inst/inst/  $recovery(
   CLKB:51.800 us, CLKA:51.800 us,1.000 ns)

WARNING:Simulator:29 - at 51.800 us: Warning: Timing violation in
   /network_proc_full_tb/uut/fifo_instance/ram_inst/inst/  $recovery(
   CLKA:51.800 us, CLKB:51.800 us,1.000 ns)

WARNING:Simulator:29 - at 51.800 us: Warning: Timing violation in
   /network_proc_full_tb/uut/gpu_instance/ICache/inst/  $recovery( CLKB:51.800
   us, CLKA:51.800 us,1.000 ns)

WARNING:Simulator:29 - at 51.800 us: Warning: Timing violation in
   /network_proc_full_tb/uut/gpu_instance/ICache/inst/  $recovery( CLKA:51.800
   us, CLKB:51.800 us,1.000 ns)

WARNING:Simulator:29 - at 51.900 us: Warning: Timing violation in
   /network_proc_full_tb/uut/fifo_instance/ram_inst/inst/  $recovery(
   CLKB:51.900 us, CLKA:51.900 us,1.000 ns)

WARNING:Simulator:29 - at 51.900 us: Warning: Timing violation in
   /network_proc_full_tb/uut/fifo_instance/ram_inst/inst/  $recovery(
   CLKA:51.900 us, CLKB:51.900 us,1.000 ns)

WARNING:Simulator:29 - at 51.900 us: Warning: Timing violation in
   /network_proc_full_tb/uut/gpu_instance/ICache/inst/  $recovery( CLKB:51.900
   us, CLKA:51.900 us,1.000 ns)

WARNING:Simulator:29 - at 51.900 us: Warning: Timing violation in
   /network_proc_full_tb/uut/gpu_instance/ICache/inst/  $recovery( CLKA:51.900
   us, CLKB:51.900 us,1.000 ns)

WARNING:Simulator:29 - at 52.000 us: Warning: Timing violation in
   /network_proc_full_tb/uut/fifo_instance/ram_inst/inst/  $recovery(
   CLKB:52.000 us, CLKA:52.000 us,1.000 ns)

WARNING:Simulator:29 - at 52.000 us: Warning: Timing violation in
   /network_proc_full_tb/uut/fifo_instance/ram_inst/inst/  $recovery(
   CLKA:52.000 us, CLKB:52.000 us,1.000 ns)

WARNING:Simulator:29 - at 52.000 us: Warning: Timing violation in
   /network_proc_full_tb/uut/gpu_instance/ICache/inst/  $recovery( CLKB:52.000
   us, CLKA:52.000 us,1.000 ns)

WARNING:Simulator:29 - at 52.000 us: Warning: Timing violation in
   /network_proc_full_tb/uut/gpu_instance/ICache/inst/  $recovery( CLKA:52.000
   us, CLKB:52.000 us,1.000 ns)

WARNING:Simulator:29 - at 52.100 us: Warning: Timing violation in
   /network_proc_full_tb/uut/fifo_instance/ram_inst/inst/  $recovery(
   CLKB:52.100 us, CLKA:52.100 us,1.000 ns)

WARNING:Simulator:29 - at 52.100 us: Warning: Timing violation in
   /network_proc_full_tb/uut/fifo_instance/ram_inst/inst/  $recovery(
   CLKA:52.100 us, CLKB:52.100 us,1.000 ns)

WARNING:Simulator:29 - at 52.100 us: Warning: Timing violation in
   /network_proc_full_tb/uut/gpu_instance/ICache/inst/  $recovery( CLKB:52.100
   us, CLKA:52.100 us,1.000 ns)

WARNING:Simulator:29 - at 52.100 us: Warning: Timing violation in
   /network_proc_full_tb/uut/gpu_instance/ICache/inst/  $recovery( CLKA:52.100
   us, CLKB:52.100 us,1.000 ns)

WARNING:Simulator:29 - at 52.200 us: Warning: Timing violation in
   /network_proc_full_tb/uut/fifo_instance/ram_inst/inst/  $recovery(
   CLKB:52.200 us, CLKA:52.200 us,1.000 ns)

WARNING:Simulator:29 - at 52.200 us: Warning: Timing violation in
   /network_proc_full_tb/uut/fifo_instance/ram_inst/inst/  $recovery(
   CLKA:52.200 us, CLKB:52.200 us,1.000 ns)

WARNING:Simulator:29 - at 52.200 us: Warning: Timing violation in
   /network_proc_full_tb/uut/gpu_instance/ICache/inst/  $recovery( CLKB:52.200
   us, CLKA:52.200 us,1.000 ns)

WARNING:Simulator:29 - at 52.200 us: Warning: Timing violation in
   /network_proc_full_tb/uut/gpu_instance/ICache/inst/  $recovery( CLKA:52.200
   us, CLKB:52.200 us,1.000 ns)

WARNING:Simulator:29 - at 52.300 us: Warning: Timing violation in
   /network_proc_full_tb/uut/fifo_instance/ram_inst/inst/  $recovery(
   CLKB:52.300 us, CLKA:52.300 us,1.000 ns)

WARNING:Simulator:29 - at 52.300 us: Warning: Timing violation in
   /network_proc_full_tb/uut/fifo_instance/ram_inst/inst/  $recovery(
   CLKA:52.300 us, CLKB:52.300 us,1.000 ns)

WARNING:Simulator:29 - at 52.300 us: Warning: Timing violation in
   /network_proc_full_tb/uut/gpu_instance/ICache/inst/  $recovery( CLKB:52.300
   us, CLKA:52.300 us,1.000 ns)

WARNING:Simulator:29 - at 52.300 us: Warning: Timing violation in
   /network_proc_full_tb/uut/gpu_instance/ICache/inst/  $recovery( CLKA:52.300
   us, CLKB:52.300 us,1.000 ns)

WARNING:Simulator:29 - at 52.400 us: Warning: Timing violation in
   /network_proc_full_tb/uut/fifo_instance/ram_inst/inst/  $recovery(
   CLKB:52.400 us, CLKA:52.400 us,1.000 ns)

WARNING:Simulator:29 - at 52.400 us: Warning: Timing violation in
   /network_proc_full_tb/uut/fifo_instance/ram_inst/inst/  $recovery(
   CLKA:52.400 us, CLKB:52.400 us,1.000 ns)

WARNING:Simulator:29 - at 52.400 us: Warning: Timing violation in
   /network_proc_full_tb/uut/gpu_instance/ICache/inst/  $recovery( CLKB:52.400
   us, CLKA:52.400 us,1.000 ns)

WARNING:Simulator:29 - at 52.400 us: Warning: Timing violation in
   /network_proc_full_tb/uut/gpu_instance/ICache/inst/  $recovery( CLKA:52.400
   us, CLKB:52.400 us,1.000 ns)

WARNING:Simulator:29 - at 52.500 us: Warning: Timing violation in
   /network_proc_full_tb/uut/fifo_instance/ram_inst/inst/  $recovery(
   CLKB:52.500 us, CLKA:52.500 us,1.000 ns)

WARNING:Simulator:29 - at 52.500 us: Warning: Timing violation in
   /network_proc_full_tb/uut/fifo_instance/ram_inst/inst/  $recovery(
   CLKA:52.500 us, CLKB:52.500 us,1.000 ns)

WARNING:Simulator:29 - at 52.500 us: Warning: Timing violation in
   /network_proc_full_tb/uut/gpu_instance/ICache/inst/  $recovery( CLKB:52.500
   us, CLKA:52.500 us,1.000 ns)

WARNING:Simulator:29 - at 52.500 us: Warning: Timing violation in
   /network_proc_full_tb/uut/gpu_instance/ICache/inst/  $recovery( CLKA:52.500
   us, CLKB:52.500 us,1.000 ns)

WARNING:Simulator:29 - at 52.600 us: Warning: Timing violation in
   /network_proc_full_tb/uut/fifo_instance/ram_inst/inst/  $recovery(
   CLKB:52.600 us, CLKA:52.600 us,1.000 ns)

WARNING:Simulator:29 - at 52.600 us: Warning: Timing violation in
   /network_proc_full_tb/uut/fifo_instance/ram_inst/inst/  $recovery(
   CLKA:52.600 us, CLKB:52.600 us,1.000 ns)

WARNING:Simulator:29 - at 52.600 us: Warning: Timing violation in
   /network_proc_full_tb/uut/gpu_instance/ICache/inst/  $recovery( CLKB:52.600
   us, CLKA:52.600 us,1.000 ns)

WARNING:Simulator:29 - at 52.600 us: Warning: Timing violation in
   /network_proc_full_tb/uut/gpu_instance/ICache/inst/  $recovery( CLKA:52.600
   us, CLKB:52.600 us,1.000 ns)

WARNING:Simulator:29 - at 52.700 us: Warning: Timing violation in
   /network_proc_full_tb/uut/fifo_instance/ram_inst/inst/  $recovery(
   CLKB:52.700 us, CLKA:52.700 us,1.000 ns)

WARNING:Simulator:29 - at 52.700 us: Warning: Timing violation in
   /network_proc_full_tb/uut/fifo_instance/ram_inst/inst/  $recovery(
   CLKA:52.700 us, CLKB:52.700 us,1.000 ns)

WARNING:Simulator:29 - at 52.700 us: Warning: Timing violation in
   /network_proc_full_tb/uut/gpu_instance/ICache/inst/  $recovery( CLKB:52.700
   us, CLKA:52.700 us,1.000 ns)

WARNING:Simulator:29 - at 52.700 us: Warning: Timing violation in
   /network_proc_full_tb/uut/gpu_instance/ICache/inst/  $recovery( CLKA:52.700
   us, CLKB:52.700 us,1.000 ns)

WARNING:Simulator:29 - at 52.800 us: Warning: Timing violation in
   /network_proc_full_tb/uut/fifo_instance/ram_inst/inst/  $recovery(
   CLKB:52.800 us, CLKA:52.800 us,1.000 ns)

WARNING:Simulator:29 - at 52.800 us: Warning: Timing violation in
   /network_proc_full_tb/uut/fifo_instance/ram_inst/inst/  $recovery(
   CLKA:52.800 us, CLKB:52.800 us,1.000 ns)

WARNING:Simulator:29 - at 52.800 us: Warning: Timing violation in
   /network_proc_full_tb/uut/gpu_instance/ICache/inst/  $recovery( CLKB:52.800
   us, CLKA:52.800 us,1.000 ns)

WARNING:Simulator:29 - at 52.800 us: Warning: Timing violation in
   /network_proc_full_tb/uut/gpu_instance/ICache/inst/  $recovery( CLKA:52.800
   us, CLKB:52.800 us,1.000 ns)

WARNING:Simulator:29 - at 52.900 us: Warning: Timing violation in
   /network_proc_full_tb/uut/fifo_instance/ram_inst/inst/  $recovery(
   CLKB:52.900 us, CLKA:52.900 us,1.000 ns)

WARNING:Simulator:29 - at 52.900 us: Warning: Timing violation in
   /network_proc_full_tb/uut/fifo_instance/ram_inst/inst/  $recovery(
   CLKA:52.900 us, CLKB:52.900 us,1.000 ns)

WARNING:Simulator:29 - at 52.900 us: Warning: Timing violation in
   /network_proc_full_tb/uut/gpu_instance/ICache/inst/  $recovery( CLKB:52.900
   us, CLKA:52.900 us,1.000 ns)

WARNING:Simulator:29 - at 52.900 us: Warning: Timing violation in
   /network_proc_full_tb/uut/gpu_instance/ICache/inst/  $recovery( CLKA:52.900
   us, CLKB:52.900 us,1.000 ns)

WARNING:Simulator:29 - at 53.000 us: Warning: Timing violation in
   /network_proc_full_tb/uut/fifo_instance/ram_inst/inst/  $recovery(
   CLKB:53.000 us, CLKA:53.000 us,1.000 ns)

WARNING:Simulator:29 - at 53.000 us: Warning: Timing violation in
   /network_proc_full_tb/uut/fifo_instance/ram_inst/inst/  $recovery(
   CLKA:53.000 us, CLKB:53.000 us,1.000 ns)

WARNING:Simulator:29 - at 53.000 us: Warning: Timing violation in
   /network_proc_full_tb/uut/gpu_instance/ICache/inst/  $recovery( CLKB:53.000
   us, CLKA:53.000 us,1.000 ns)

WARNING:Simulator:29 - at 53.000 us: Warning: Timing violation in
   /network_proc_full_tb/uut/gpu_instance/ICache/inst/  $recovery( CLKA:53.000
   us, CLKB:53.000 us,1.000 ns)

WARNING:Simulator:29 - at 53.100 us: Warning: Timing violation in
   /network_proc_full_tb/uut/fifo_instance/ram_inst/inst/  $recovery(
   CLKB:53.100 us, CLKA:53.100 us,1.000 ns)

WARNING:Simulator:29 - at 53.100 us: Warning: Timing violation in
   /network_proc_full_tb/uut/fifo_instance/ram_inst/inst/  $recovery(
   CLKA:53.100 us, CLKB:53.100 us,1.000 ns)

WARNING:Simulator:29 - at 53.100 us: Warning: Timing violation in
   /network_proc_full_tb/uut/gpu_instance/ICache/inst/  $recovery( CLKB:53.100
   us, CLKA:53.100 us,1.000 ns)

WARNING:Simulator:29 - at 53.100 us: Warning: Timing violation in
   /network_proc_full_tb/uut/gpu_instance/ICache/inst/  $recovery( CLKA:53.100
   us, CLKB:53.100 us,1.000 ns)

WARNING:Simulator:29 - at 53.200 us: Warning: Timing violation in
   /network_proc_full_tb/uut/fifo_instance/ram_inst/inst/  $recovery(
   CLKB:53.200 us, CLKA:53.200 us,1.000 ns)

WARNING:Simulator:29 - at 53.200 us: Warning: Timing violation in
   /network_proc_full_tb/uut/fifo_instance/ram_inst/inst/  $recovery(
   CLKA:53.200 us, CLKB:53.200 us,1.000 ns)

WARNING:Simulator:29 - at 53.200 us: Warning: Timing violation in
   /network_proc_full_tb/uut/gpu_instance/ICache/inst/  $recovery( CLKB:53.200
   us, CLKA:53.200 us,1.000 ns)

WARNING:Simulator:29 - at 53.200 us: Warning: Timing violation in
   /network_proc_full_tb/uut/gpu_instance/ICache/inst/  $recovery( CLKA:53.200
   us, CLKB:53.200 us,1.000 ns)

WARNING:Simulator:29 - at 53.300 us: Warning: Timing violation in
   /network_proc_full_tb/uut/fifo_instance/ram_inst/inst/  $recovery(
   CLKB:53.300 us, CLKA:53.300 us,1.000 ns)

WARNING:Simulator:29 - at 53.300 us: Warning: Timing violation in
   /network_proc_full_tb/uut/fifo_instance/ram_inst/inst/  $recovery(
   CLKA:53.300 us, CLKB:53.300 us,1.000 ns)

WARNING:Simulator:29 - at 53.300 us: Warning: Timing violation in
   /network_proc_full_tb/uut/gpu_instance/ICache/inst/  $recovery( CLKB:53.300
   us, CLKA:53.300 us,1.000 ns)

WARNING:Simulator:29 - at 53.300 us: Warning: Timing violation in
   /network_proc_full_tb/uut/gpu_instance/ICache/inst/  $recovery( CLKA:53.300
   us, CLKB:53.300 us,1.000 ns)

WARNING:Simulator:29 - at 53.400 us: Warning: Timing violation in
   /network_proc_full_tb/uut/fifo_instance/ram_inst/inst/  $recovery(
   CLKB:53.400 us, CLKA:53.400 us,1.000 ns)

WARNING:Simulator:29 - at 53.400 us: Warning: Timing violation in
   /network_proc_full_tb/uut/fifo_instance/ram_inst/inst/  $recovery(
   CLKA:53.400 us, CLKB:53.400 us,1.000 ns)

WARNING:Simulator:29 - at 53.400 us: Warning: Timing violation in
   /network_proc_full_tb/uut/gpu_instance/ICache/inst/  $recovery( CLKB:53.400
   us, CLKA:53.400 us,1.000 ns)

WARNING:Simulator:29 - at 53.400 us: Warning: Timing violation in
   /network_proc_full_tb/uut/gpu_instance/ICache/inst/  $recovery( CLKA:53.400
   us, CLKB:53.400 us,1.000 ns)

WARNING:Simulator:29 - at 53.500 us: Warning: Timing violation in
   /network_proc_full_tb/uut/fifo_instance/ram_inst/inst/  $recovery(
   CLKB:53.500 us, CLKA:53.500 us,1.000 ns)

WARNING:Simulator:29 - at 53.500 us: Warning: Timing violation in
   /network_proc_full_tb/uut/fifo_instance/ram_inst/inst/  $recovery(
   CLKA:53.500 us, CLKB:53.500 us,1.000 ns)

WARNING:Simulator:29 - at 53.500 us: Warning: Timing violation in
   /network_proc_full_tb/uut/gpu_instance/ICache/inst/  $recovery( CLKB:53.500
   us, CLKA:53.500 us,1.000 ns)

WARNING:Simulator:29 - at 53.500 us: Warning: Timing violation in
   /network_proc_full_tb/uut/gpu_instance/ICache/inst/  $recovery( CLKA:53.500
   us, CLKB:53.500 us,1.000 ns)

WARNING:Simulator:29 - at 53.600 us: Warning: Timing violation in
   /network_proc_full_tb/uut/fifo_instance/ram_inst/inst/  $recovery(
   CLKB:53.600 us, CLKA:53.600 us,1.000 ns)

WARNING:Simulator:29 - at 53.600 us: Warning: Timing violation in
   /network_proc_full_tb/uut/fifo_instance/ram_inst/inst/  $recovery(
   CLKA:53.600 us, CLKB:53.600 us,1.000 ns)

WARNING:Simulator:29 - at 53.600 us: Warning: Timing violation in
   /network_proc_full_tb/uut/gpu_instance/ICache/inst/  $recovery( CLKB:53.600
   us, CLKA:53.600 us,1.000 ns)

WARNING:Simulator:29 - at 53.600 us: Warning: Timing violation in
   /network_proc_full_tb/uut/gpu_instance/ICache/inst/  $recovery( CLKA:53.600
   us, CLKB:53.600 us,1.000 ns)

WARNING:Simulator:29 - at 53.700 us: Warning: Timing violation in
   /network_proc_full_tb/uut/fifo_instance/ram_inst/inst/  $recovery(
   CLKB:53.700 us, CLKA:53.700 us,1.000 ns)

WARNING:Simulator:29 - at 53.700 us: Warning: Timing violation in
   /network_proc_full_tb/uut/fifo_instance/ram_inst/inst/  $recovery(
   CLKA:53.700 us, CLKB:53.700 us,1.000 ns)

WARNING:Simulator:29 - at 53.700 us: Warning: Timing violation in
   /network_proc_full_tb/uut/gpu_instance/ICache/inst/  $recovery( CLKB:53.700
   us, CLKA:53.700 us,1.000 ns)

WARNING:Simulator:29 - at 53.700 us: Warning: Timing violation in
   /network_proc_full_tb/uut/gpu_instance/ICache/inst/  $recovery( CLKA:53.700
   us, CLKB:53.700 us,1.000 ns)

WARNING:Simulator:29 - at 53.800 us: Warning: Timing violation in
   /network_proc_full_tb/uut/fifo_instance/ram_inst/inst/  $recovery(
   CLKB:53.800 us, CLKA:53.800 us,1.000 ns)

WARNING:Simulator:29 - at 53.800 us: Warning: Timing violation in
   /network_proc_full_tb/uut/fifo_instance/ram_inst/inst/  $recovery(
   CLKA:53.800 us, CLKB:53.800 us,1.000 ns)

WARNING:Simulator:29 - at 53.800 us: Warning: Timing violation in
   /network_proc_full_tb/uut/gpu_instance/ICache/inst/  $recovery( CLKB:53.800
   us, CLKA:53.800 us,1.000 ns)

WARNING:Simulator:29 - at 53.800 us: Warning: Timing violation in
   /network_proc_full_tb/uut/gpu_instance/ICache/inst/  $recovery( CLKA:53.800
   us, CLKB:53.800 us,1.000 ns)

WARNING:Simulator:29 - at 53.900 us: Warning: Timing violation in
   /network_proc_full_tb/uut/fifo_instance/ram_inst/inst/  $recovery(
   CLKB:53.900 us, CLKA:53.900 us,1.000 ns)

WARNING:Simulator:29 - at 53.900 us: Warning: Timing violation in
   /network_proc_full_tb/uut/fifo_instance/ram_inst/inst/  $recovery(
   CLKA:53.900 us, CLKB:53.900 us,1.000 ns)

WARNING:Simulator:29 - at 53.900 us: Warning: Timing violation in
   /network_proc_full_tb/uut/gpu_instance/ICache/inst/  $recovery( CLKB:53.900
   us, CLKA:53.900 us,1.000 ns)

WARNING:Simulator:29 - at 53.900 us: Warning: Timing violation in
   /network_proc_full_tb/uut/gpu_instance/ICache/inst/  $recovery( CLKA:53.900
   us, CLKB:53.900 us,1.000 ns)

WARNING:Simulator:29 - at 54.000 us: Warning: Timing violation in
   /network_proc_full_tb/uut/fifo_instance/ram_inst/inst/  $recovery(
   CLKB:54.000 us, CLKA:54.000 us,1.000 ns)

WARNING:Simulator:29 - at 54.000 us: Warning: Timing violation in
   /network_proc_full_tb/uut/fifo_instance/ram_inst/inst/  $recovery(
   CLKA:54.000 us, CLKB:54.000 us,1.000 ns)

WARNING:Simulator:29 - at 54.000 us: Warning: Timing violation in
   /network_proc_full_tb/uut/gpu_instance/ICache/inst/  $recovery( CLKB:54.000
   us, CLKA:54.000 us,1.000 ns)

WARNING:Simulator:29 - at 54.000 us: Warning: Timing violation in
   /network_proc_full_tb/uut/gpu_instance/ICache/inst/  $recovery( CLKA:54.000
   us, CLKB:54.000 us,1.000 ns)

WARNING:Simulator:29 - at 54.100 us: Warning: Timing violation in
   /network_proc_full_tb/uut/fifo_instance/ram_inst/inst/  $recovery(
   CLKB:54.100 us, CLKA:54.100 us,1.000 ns)

WARNING:Simulator:29 - at 54.100 us: Warning: Timing violation in
   /network_proc_full_tb/uut/fifo_instance/ram_inst/inst/  $recovery(
   CLKA:54.100 us, CLKB:54.100 us,1.000 ns)

WARNING:Simulator:29 - at 54.100 us: Warning: Timing violation in
   /network_proc_full_tb/uut/gpu_instance/ICache/inst/  $recovery( CLKB:54.100
   us, CLKA:54.100 us,1.000 ns)

WARNING:Simulator:29 - at 54.100 us: Warning: Timing violation in
   /network_proc_full_tb/uut/gpu_instance/ICache/inst/  $recovery( CLKA:54.100
   us, CLKB:54.100 us,1.000 ns)

WARNING:Simulator:29 - at 54.200 us: Warning: Timing violation in
   /network_proc_full_tb/uut/fifo_instance/ram_inst/inst/  $recovery(
   CLKB:54.200 us, CLKA:54.200 us,1.000 ns)

WARNING:Simulator:29 - at 54.200 us: Warning: Timing violation in
   /network_proc_full_tb/uut/fifo_instance/ram_inst/inst/  $recovery(
   CLKA:54.200 us, CLKB:54.200 us,1.000 ns)

WARNING:Simulator:29 - at 54.200 us: Warning: Timing violation in
   /network_proc_full_tb/uut/gpu_instance/ICache/inst/  $recovery( CLKB:54.200
   us, CLKA:54.200 us,1.000 ns)

WARNING:Simulator:29 - at 54.200 us: Warning: Timing violation in
   /network_proc_full_tb/uut/gpu_instance/ICache/inst/  $recovery( CLKA:54.200
   us, CLKB:54.200 us,1.000 ns)

WARNING:Simulator:29 - at 54.300 us: Warning: Timing violation in
   /network_proc_full_tb/uut/fifo_instance/ram_inst/inst/  $recovery(
   CLKB:54.300 us, CLKA:54.300 us,1.000 ns)

WARNING:Simulator:29 - at 54.300 us: Warning: Timing violation in
   /network_proc_full_tb/uut/fifo_instance/ram_inst/inst/  $recovery(
   CLKA:54.300 us, CLKB:54.300 us,1.000 ns)

WARNING:Simulator:29 - at 54.300 us: Warning: Timing violation in
   /network_proc_full_tb/uut/gpu_instance/ICache/inst/  $recovery( CLKB:54.300
   us, CLKA:54.300 us,1.000 ns)

WARNING:Simulator:29 - at 54.300 us: Warning: Timing violation in
   /network_proc_full_tb/uut/gpu_instance/ICache/inst/  $recovery( CLKA:54.300
   us, CLKB:54.300 us,1.000 ns)

WARNING:Simulator:29 - at 54.400 us: Warning: Timing violation in
   /network_proc_full_tb/uut/fifo_instance/ram_inst/inst/  $recovery(
   CLKB:54.400 us, CLKA:54.400 us,1.000 ns)

WARNING:Simulator:29 - at 54.400 us: Warning: Timing violation in
   /network_proc_full_tb/uut/fifo_instance/ram_inst/inst/  $recovery(
   CLKA:54.400 us, CLKB:54.400 us,1.000 ns)

WARNING:Simulator:29 - at 54.400 us: Warning: Timing violation in
   /network_proc_full_tb/uut/gpu_instance/ICache/inst/  $recovery( CLKB:54.400
   us, CLKA:54.400 us,1.000 ns)

WARNING:Simulator:29 - at 54.400 us: Warning: Timing violation in
   /network_proc_full_tb/uut/gpu_instance/ICache/inst/  $recovery( CLKA:54.400
   us, CLKB:54.400 us,1.000 ns)

WARNING:Simulator:29 - at 54.500 us: Warning: Timing violation in
   /network_proc_full_tb/uut/fifo_instance/ram_inst/inst/  $recovery(
   CLKB:54.500 us, CLKA:54.500 us,1.000 ns)

WARNING:Simulator:29 - at 54.500 us: Warning: Timing violation in
   /network_proc_full_tb/uut/fifo_instance/ram_inst/inst/  $recovery(
   CLKA:54.500 us, CLKB:54.500 us,1.000 ns)

WARNING:Simulator:29 - at 54.500 us: Warning: Timing violation in
   /network_proc_full_tb/uut/gpu_instance/ICache/inst/  $recovery( CLKB:54.500
   us, CLKA:54.500 us,1.000 ns)

WARNING:Simulator:29 - at 54.500 us: Warning: Timing violation in
   /network_proc_full_tb/uut/gpu_instance/ICache/inst/  $recovery( CLKA:54.500
   us, CLKB:54.500 us,1.000 ns)

WARNING:Simulator:29 - at 54.600 us: Warning: Timing violation in
   /network_proc_full_tb/uut/fifo_instance/ram_inst/inst/  $recovery(
   CLKB:54.600 us, CLKA:54.600 us,1.000 ns)

WARNING:Simulator:29 - at 54.600 us: Warning: Timing violation in
   /network_proc_full_tb/uut/fifo_instance/ram_inst/inst/  $recovery(
   CLKA:54.600 us, CLKB:54.600 us,1.000 ns)

WARNING:Simulator:29 - at 54.600 us: Warning: Timing violation in
   /network_proc_full_tb/uut/gpu_instance/ICache/inst/  $recovery( CLKB:54.600
   us, CLKA:54.600 us,1.000 ns)

WARNING:Simulator:29 - at 54.600 us: Warning: Timing violation in
   /network_proc_full_tb/uut/gpu_instance/ICache/inst/  $recovery( CLKA:54.600
   us, CLKB:54.600 us,1.000 ns)

WARNING:Simulator:29 - at 54.700 us: Warning: Timing violation in
   /network_proc_full_tb/uut/fifo_instance/ram_inst/inst/  $recovery(
   CLKB:54.700 us, CLKA:54.700 us,1.000 ns)

WARNING:Simulator:29 - at 54.700 us: Warning: Timing violation in
   /network_proc_full_tb/uut/fifo_instance/ram_inst/inst/  $recovery(
   CLKA:54.700 us, CLKB:54.700 us,1.000 ns)

WARNING:Simulator:29 - at 54.700 us: Warning: Timing violation in
   /network_proc_full_tb/uut/gpu_instance/ICache/inst/  $recovery( CLKB:54.700
   us, CLKA:54.700 us,1.000 ns)

WARNING:Simulator:29 - at 54.700 us: Warning: Timing violation in
   /network_proc_full_tb/uut/gpu_instance/ICache/inst/  $recovery( CLKA:54.700
   us, CLKB:54.700 us,1.000 ns)

WARNING:Simulator:29 - at 54.800 us: Warning: Timing violation in
   /network_proc_full_tb/uut/fifo_instance/ram_inst/inst/  $recovery(
   CLKB:54.800 us, CLKA:54.800 us,1.000 ns)

WARNING:Simulator:29 - at 54.800 us: Warning: Timing violation in
   /network_proc_full_tb/uut/fifo_instance/ram_inst/inst/  $recovery(
   CLKA:54.800 us, CLKB:54.800 us,1.000 ns)

WARNING:Simulator:29 - at 54.800 us: Warning: Timing violation in
   /network_proc_full_tb/uut/gpu_instance/ICache/inst/  $recovery( CLKB:54.800
   us, CLKA:54.800 us,1.000 ns)

WARNING:Simulator:29 - at 54.800 us: Warning: Timing violation in
   /network_proc_full_tb/uut/gpu_instance/ICache/inst/  $recovery( CLKA:54.800
   us, CLKB:54.800 us,1.000 ns)

WARNING:Simulator:29 - at 54.900 us: Warning: Timing violation in
   /network_proc_full_tb/uut/fifo_instance/ram_inst/inst/  $recovery(
   CLKB:54.900 us, CLKA:54.900 us,1.000 ns)

WARNING:Simulator:29 - at 54.900 us: Warning: Timing violation in
   /network_proc_full_tb/uut/fifo_instance/ram_inst/inst/  $recovery(
   CLKA:54.900 us, CLKB:54.900 us,1.000 ns)

WARNING:Simulator:29 - at 54.900 us: Warning: Timing violation in
   /network_proc_full_tb/uut/gpu_instance/ICache/inst/  $recovery( CLKB:54.900
   us, CLKA:54.900 us,1.000 ns)

WARNING:Simulator:29 - at 54.900 us: Warning: Timing violation in
   /network_proc_full_tb/uut/gpu_instance/ICache/inst/  $recovery( CLKA:54.900
   us, CLKB:54.900 us,1.000 ns)

WARNING:Simulator:29 - at 55.000 us: Warning: Timing violation in
   /network_proc_full_tb/uut/fifo_instance/ram_inst/inst/  $recovery(
   CLKB:55.000 us, CLKA:55.000 us,1.000 ns)

WARNING:Simulator:29 - at 55.000 us: Warning: Timing violation in
   /network_proc_full_tb/uut/fifo_instance/ram_inst/inst/  $recovery(
   CLKA:55.000 us, CLKB:55.000 us,1.000 ns)

WARNING:Simulator:29 - at 55.000 us: Warning: Timing violation in
   /network_proc_full_tb/uut/gpu_instance/ICache/inst/  $recovery( CLKB:55.000
   us, CLKA:55.000 us,1.000 ns)

WARNING:Simulator:29 - at 55.000 us: Warning: Timing violation in
   /network_proc_full_tb/uut/gpu_instance/ICache/inst/  $recovery( CLKA:55.000
   us, CLKB:55.000 us,1.000 ns)

WARNING:Simulator:29 - at 55.100 us: Warning: Timing violation in
   /network_proc_full_tb/uut/fifo_instance/ram_inst/inst/  $recovery(
   CLKB:55.100 us, CLKA:55.100 us,1.000 ns)

WARNING:Simulator:29 - at 55.100 us: Warning: Timing violation in
   /network_proc_full_tb/uut/fifo_instance/ram_inst/inst/  $recovery(
   CLKA:55.100 us, CLKB:55.100 us,1.000 ns)

WARNING:Simulator:29 - at 55.100 us: Warning: Timing violation in
   /network_proc_full_tb/uut/gpu_instance/ICache/inst/  $recovery( CLKB:55.100
   us, CLKA:55.100 us,1.000 ns)

WARNING:Simulator:29 - at 55.100 us: Warning: Timing violation in
   /network_proc_full_tb/uut/gpu_instance/ICache/inst/  $recovery( CLKA:55.100
   us, CLKB:55.100 us,1.000 ns)

WARNING:Simulator:29 - at 55.200 us: Warning: Timing violation in
   /network_proc_full_tb/uut/fifo_instance/ram_inst/inst/  $recovery(
   CLKB:55.200 us, CLKA:55.200 us,1.000 ns)

WARNING:Simulator:29 - at 55.200 us: Warning: Timing violation in
   /network_proc_full_tb/uut/fifo_instance/ram_inst/inst/  $recovery(
   CLKA:55.200 us, CLKB:55.200 us,1.000 ns)

WARNING:Simulator:29 - at 55.200 us: Warning: Timing violation in
   /network_proc_full_tb/uut/gpu_instance/ICache/inst/  $recovery( CLKB:55.200
   us, CLKA:55.200 us,1.000 ns)

WARNING:Simulator:29 - at 55.200 us: Warning: Timing violation in
   /network_proc_full_tb/uut/gpu_instance/ICache/inst/  $recovery( CLKA:55.200
   us, CLKB:55.200 us,1.000 ns)

WARNING:Simulator:29 - at 55.300 us: Warning: Timing violation in
   /network_proc_full_tb/uut/fifo_instance/ram_inst/inst/  $recovery(
   CLKB:55.300 us, CLKA:55.300 us,1.000 ns)

WARNING:Simulator:29 - at 55.300 us: Warning: Timing violation in
   /network_proc_full_tb/uut/fifo_instance/ram_inst/inst/  $recovery(
   CLKA:55.300 us, CLKB:55.300 us,1.000 ns)

WARNING:Simulator:29 - at 55.300 us: Warning: Timing violation in
   /network_proc_full_tb/uut/gpu_instance/ICache/inst/  $recovery( CLKB:55.300
   us, CLKA:55.300 us,1.000 ns)

WARNING:Simulator:29 - at 55.300 us: Warning: Timing violation in
   /network_proc_full_tb/uut/gpu_instance/ICache/inst/  $recovery( CLKA:55.300
   us, CLKB:55.300 us,1.000 ns)

WARNING:Simulator:29 - at 55.400 us: Warning: Timing violation in
   /network_proc_full_tb/uut/fifo_instance/ram_inst/inst/  $recovery(
   CLKB:55.400 us, CLKA:55.400 us,1.000 ns)

WARNING:Simulator:29 - at 55.400 us: Warning: Timing violation in
   /network_proc_full_tb/uut/fifo_instance/ram_inst/inst/  $recovery(
   CLKA:55.400 us, CLKB:55.400 us,1.000 ns)

WARNING:Simulator:29 - at 55.400 us: Warning: Timing violation in
   /network_proc_full_tb/uut/gpu_instance/ICache/inst/  $recovery( CLKB:55.400
   us, CLKA:55.400 us,1.000 ns)

WARNING:Simulator:29 - at 55.400 us: Warning: Timing violation in
   /network_proc_full_tb/uut/gpu_instance/ICache/inst/  $recovery( CLKA:55.400
   us, CLKB:55.400 us,1.000 ns)

WARNING:Simulator:29 - at 55.500 us: Warning: Timing violation in
   /network_proc_full_tb/uut/fifo_instance/ram_inst/inst/  $recovery(
   CLKB:55.500 us, CLKA:55.500 us,1.000 ns)

WARNING:Simulator:29 - at 55.500 us: Warning: Timing violation in
   /network_proc_full_tb/uut/fifo_instance/ram_inst/inst/  $recovery(
   CLKA:55.500 us, CLKB:55.500 us,1.000 ns)

WARNING:Simulator:29 - at 55.500 us: Warning: Timing violation in
   /network_proc_full_tb/uut/gpu_instance/ICache/inst/  $recovery( CLKB:55.500
   us, CLKA:55.500 us,1.000 ns)

WARNING:Simulator:29 - at 55.500 us: Warning: Timing violation in
   /network_proc_full_tb/uut/gpu_instance/ICache/inst/  $recovery( CLKA:55.500
   us, CLKB:55.500 us,1.000 ns)

WARNING:Simulator:29 - at 55.600 us: Warning: Timing violation in
   /network_proc_full_tb/uut/fifo_instance/ram_inst/inst/  $recovery(
   CLKB:55.600 us, CLKA:55.600 us,1.000 ns)

WARNING:Simulator:29 - at 55.600 us: Warning: Timing violation in
   /network_proc_full_tb/uut/fifo_instance/ram_inst/inst/  $recovery(
   CLKA:55.600 us, CLKB:55.600 us,1.000 ns)

WARNING:Simulator:29 - at 55.600 us: Warning: Timing violation in
   /network_proc_full_tb/uut/gpu_instance/ICache/inst/  $recovery( CLKB:55.600
   us, CLKA:55.600 us,1.000 ns)

WARNING:Simulator:29 - at 55.600 us: Warning: Timing violation in
   /network_proc_full_tb/uut/gpu_instance/ICache/inst/  $recovery( CLKA:55.600
   us, CLKB:55.600 us,1.000 ns)

WARNING:Simulator:29 - at 55.700 us: Warning: Timing violation in
   /network_proc_full_tb/uut/fifo_instance/ram_inst/inst/  $recovery(
   CLKB:55.700 us, CLKA:55.700 us,1.000 ns)

WARNING:Simulator:29 - at 55.700 us: Warning: Timing violation in
   /network_proc_full_tb/uut/fifo_instance/ram_inst/inst/  $recovery(
   CLKA:55.700 us, CLKB:55.700 us,1.000 ns)

WARNING:Simulator:29 - at 55.700 us: Warning: Timing violation in
   /network_proc_full_tb/uut/gpu_instance/ICache/inst/  $recovery( CLKB:55.700
   us, CLKA:55.700 us,1.000 ns)

WARNING:Simulator:29 - at 55.700 us: Warning: Timing violation in
   /network_proc_full_tb/uut/gpu_instance/ICache/inst/  $recovery( CLKA:55.700
   us, CLKB:55.700 us,1.000 ns)

WARNING:Simulator:29 - at 55.800 us: Warning: Timing violation in
   /network_proc_full_tb/uut/fifo_instance/ram_inst/inst/  $recovery(
   CLKB:55.800 us, CLKA:55.800 us,1.000 ns)

WARNING:Simulator:29 - at 55.800 us: Warning: Timing violation in
   /network_proc_full_tb/uut/fifo_instance/ram_inst/inst/  $recovery(
   CLKA:55.800 us, CLKB:55.800 us,1.000 ns)

WARNING:Simulator:29 - at 55.800 us: Warning: Timing violation in
   /network_proc_full_tb/uut/gpu_instance/ICache/inst/  $recovery( CLKB:55.800
   us, CLKA:55.800 us,1.000 ns)

WARNING:Simulator:29 - at 55.800 us: Warning: Timing violation in
   /network_proc_full_tb/uut/gpu_instance/ICache/inst/  $recovery( CLKA:55.800
   us, CLKB:55.800 us,1.000 ns)

WARNING:Simulator:29 - at 55.900 us: Warning: Timing violation in
   /network_proc_full_tb/uut/fifo_instance/ram_inst/inst/  $recovery(
   CLKB:55.900 us, CLKA:55.900 us,1.000 ns)

WARNING:Simulator:29 - at 55.900 us: Warning: Timing violation in
   /network_proc_full_tb/uut/fifo_instance/ram_inst/inst/  $recovery(
   CLKA:55.900 us, CLKB:55.900 us,1.000 ns)

WARNING:Simulator:29 - at 55.900 us: Warning: Timing violation in
   /network_proc_full_tb/uut/gpu_instance/ICache/inst/  $recovery( CLKB:55.900
   us, CLKA:55.900 us,1.000 ns)

WARNING:Simulator:29 - at 55.900 us: Warning: Timing violation in
   /network_proc_full_tb/uut/gpu_instance/ICache/inst/  $recovery( CLKA:55.900
   us, CLKB:55.900 us,1.000 ns)

WARNING:Simulator:29 - at 56.000 us: Warning: Timing violation in
   /network_proc_full_tb/uut/fifo_instance/ram_inst/inst/  $recovery(
   CLKB:56.000 us, CLKA:56.000 us,1.000 ns)

WARNING:Simulator:29 - at 56.000 us: Warning: Timing violation in
   /network_proc_full_tb/uut/fifo_instance/ram_inst/inst/  $recovery(
   CLKA:56.000 us, CLKB:56.000 us,1.000 ns)

WARNING:Simulator:29 - at 56.000 us: Warning: Timing violation in
   /network_proc_full_tb/uut/gpu_instance/ICache/inst/  $recovery( CLKB:56.000
   us, CLKA:56.000 us,1.000 ns)

WARNING:Simulator:29 - at 56.000 us: Warning: Timing violation in
   /network_proc_full_tb/uut/gpu_instance/ICache/inst/  $recovery( CLKA:56.000
   us, CLKB:56.000 us,1.000 ns)

WARNING:Simulator:29 - at 56.100 us: Warning: Timing violation in
   /network_proc_full_tb/uut/fifo_instance/ram_inst/inst/  $recovery(
   CLKB:56.100 us, CLKA:56.100 us,1.000 ns)

WARNING:Simulator:29 - at 56.100 us: Warning: Timing violation in
   /network_proc_full_tb/uut/fifo_instance/ram_inst/inst/  $recovery(
   CLKA:56.100 us, CLKB:56.100 us,1.000 ns)

WARNING:Simulator:29 - at 56.100 us: Warning: Timing violation in
   /network_proc_full_tb/uut/gpu_instance/ICache/inst/  $recovery( CLKB:56.100
   us, CLKA:56.100 us,1.000 ns)

WARNING:Simulator:29 - at 56.100 us: Warning: Timing violation in
   /network_proc_full_tb/uut/gpu_instance/ICache/inst/  $recovery( CLKA:56.100
   us, CLKB:56.100 us,1.000 ns)

WARNING:Simulator:29 - at 56.200 us: Warning: Timing violation in
   /network_proc_full_tb/uut/fifo_instance/ram_inst/inst/  $recovery(
   CLKB:56.200 us, CLKA:56.200 us,1.000 ns)

WARNING:Simulator:29 - at 56.200 us: Warning: Timing violation in
   /network_proc_full_tb/uut/fifo_instance/ram_inst/inst/  $recovery(
   CLKA:56.200 us, CLKB:56.200 us,1.000 ns)

WARNING:Simulator:29 - at 56.200 us: Warning: Timing violation in
   /network_proc_full_tb/uut/gpu_instance/ICache/inst/  $recovery( CLKB:56.200
   us, CLKA:56.200 us,1.000 ns)

WARNING:Simulator:29 - at 56.200 us: Warning: Timing violation in
   /network_proc_full_tb/uut/gpu_instance/ICache/inst/  $recovery( CLKA:56.200
   us, CLKB:56.200 us,1.000 ns)

WARNING:Simulator:29 - at 56.300 us: Warning: Timing violation in
   /network_proc_full_tb/uut/fifo_instance/ram_inst/inst/  $recovery(
   CLKB:56.300 us, CLKA:56.300 us,1.000 ns)

WARNING:Simulator:29 - at 56.300 us: Warning: Timing violation in
   /network_proc_full_tb/uut/fifo_instance/ram_inst/inst/  $recovery(
   CLKA:56.300 us, CLKB:56.300 us,1.000 ns)

WARNING:Simulator:29 - at 56.300 us: Warning: Timing violation in
   /network_proc_full_tb/uut/gpu_instance/ICache/inst/  $recovery( CLKB:56.300
   us, CLKA:56.300 us,1.000 ns)

WARNING:Simulator:29 - at 56.300 us: Warning: Timing violation in
   /network_proc_full_tb/uut/gpu_instance/ICache/inst/  $recovery( CLKA:56.300
   us, CLKB:56.300 us,1.000 ns)

WARNING:Simulator:29 - at 56.400 us: Warning: Timing violation in
   /network_proc_full_tb/uut/fifo_instance/ram_inst/inst/  $recovery(
   CLKB:56.400 us, CLKA:56.400 us,1.000 ns)

WARNING:Simulator:29 - at 56.400 us: Warning: Timing violation in
   /network_proc_full_tb/uut/fifo_instance/ram_inst/inst/  $recovery(
   CLKA:56.400 us, CLKB:56.400 us,1.000 ns)

WARNING:Simulator:29 - at 56.400 us: Warning: Timing violation in
   /network_proc_full_tb/uut/gpu_instance/ICache/inst/  $recovery( CLKB:56.400
   us, CLKA:56.400 us,1.000 ns)

WARNING:Simulator:29 - at 56.400 us: Warning: Timing violation in
   /network_proc_full_tb/uut/gpu_instance/ICache/inst/  $recovery( CLKA:56.400
   us, CLKB:56.400 us,1.000 ns)

WARNING:Simulator:29 - at 56.500 us: Warning: Timing violation in
   /network_proc_full_tb/uut/fifo_instance/ram_inst/inst/  $recovery(
   CLKB:56.500 us, CLKA:56.500 us,1.000 ns)

WARNING:Simulator:29 - at 56.500 us: Warning: Timing violation in
   /network_proc_full_tb/uut/fifo_instance/ram_inst/inst/  $recovery(
   CLKA:56.500 us, CLKB:56.500 us,1.000 ns)

WARNING:Simulator:29 - at 56.500 us: Warning: Timing violation in
   /network_proc_full_tb/uut/gpu_instance/ICache/inst/  $recovery( CLKB:56.500
   us, CLKA:56.500 us,1.000 ns)

WARNING:Simulator:29 - at 56.500 us: Warning: Timing violation in
   /network_proc_full_tb/uut/gpu_instance/ICache/inst/  $recovery( CLKA:56.500
   us, CLKB:56.500 us,1.000 ns)

WARNING:Simulator:29 - at 56.600 us: Warning: Timing violation in
   /network_proc_full_tb/uut/fifo_instance/ram_inst/inst/  $recovery(
   CLKB:56.600 us, CLKA:56.600 us,1.000 ns)

WARNING:Simulator:29 - at 56.600 us: Warning: Timing violation in
   /network_proc_full_tb/uut/fifo_instance/ram_inst/inst/  $recovery(
   CLKA:56.600 us, CLKB:56.600 us,1.000 ns)

WARNING:Simulator:29 - at 56.600 us: Warning: Timing violation in
   /network_proc_full_tb/uut/gpu_instance/ICache/inst/  $recovery( CLKB:56.600
   us, CLKA:56.600 us,1.000 ns)

WARNING:Simulator:29 - at 56.600 us: Warning: Timing violation in
   /network_proc_full_tb/uut/gpu_instance/ICache/inst/  $recovery( CLKA:56.600
   us, CLKB:56.600 us,1.000 ns)

WARNING:Simulator:29 - at 56.700 us: Warning: Timing violation in
   /network_proc_full_tb/uut/fifo_instance/ram_inst/inst/  $recovery(
   CLKB:56.700 us, CLKA:56.700 us,1.000 ns)

WARNING:Simulator:29 - at 56.700 us: Warning: Timing violation in
   /network_proc_full_tb/uut/fifo_instance/ram_inst/inst/  $recovery(
   CLKA:56.700 us, CLKB:56.700 us,1.000 ns)

WARNING:Simulator:29 - at 56.700 us: Warning: Timing violation in
   /network_proc_full_tb/uut/gpu_instance/ICache/inst/  $recovery( CLKB:56.700
   us, CLKA:56.700 us,1.000 ns)

WARNING:Simulator:29 - at 56.700 us: Warning: Timing violation in
   /network_proc_full_tb/uut/gpu_instance/ICache/inst/  $recovery( CLKA:56.700
   us, CLKB:56.700 us,1.000 ns)

WARNING:Simulator:29 - at 56.800 us: Warning: Timing violation in
   /network_proc_full_tb/uut/fifo_instance/ram_inst/inst/  $recovery(
   CLKB:56.800 us, CLKA:56.800 us,1.000 ns)

WARNING:Simulator:29 - at 56.800 us: Warning: Timing violation in
   /network_proc_full_tb/uut/fifo_instance/ram_inst/inst/  $recovery(
   CLKA:56.800 us, CLKB:56.800 us,1.000 ns)

WARNING:Simulator:29 - at 56.800 us: Warning: Timing violation in
   /network_proc_full_tb/uut/gpu_instance/ICache/inst/  $recovery( CLKB:56.800
   us, CLKA:56.800 us,1.000 ns)

WARNING:Simulator:29 - at 56.800 us: Warning: Timing violation in
   /network_proc_full_tb/uut/gpu_instance/ICache/inst/  $recovery( CLKA:56.800
   us, CLKB:56.800 us,1.000 ns)

WARNING:Simulator:29 - at 56.900 us: Warning: Timing violation in
   /network_proc_full_tb/uut/fifo_instance/ram_inst/inst/  $recovery(
   CLKB:56.900 us, CLKA:56.900 us,1.000 ns)

WARNING:Simulator:29 - at 56.900 us: Warning: Timing violation in
   /network_proc_full_tb/uut/fifo_instance/ram_inst/inst/  $recovery(
   CLKA:56.900 us, CLKB:56.900 us,1.000 ns)

WARNING:Simulator:29 - at 56.900 us: Warning: Timing violation in
   /network_proc_full_tb/uut/gpu_instance/ICache/inst/  $recovery( CLKB:56.900
   us, CLKA:56.900 us,1.000 ns)

WARNING:Simulator:29 - at 56.900 us: Warning: Timing violation in
   /network_proc_full_tb/uut/gpu_instance/ICache/inst/  $recovery( CLKA:56.900
   us, CLKB:56.900 us,1.000 ns)

WARNING:Simulator:29 - at 57.000 us: Warning: Timing violation in
   /network_proc_full_tb/uut/fifo_instance/ram_inst/inst/  $recovery(
   CLKB:57.000 us, CLKA:57.000 us,1.000 ns)

WARNING:Simulator:29 - at 57.000 us: Warning: Timing violation in
   /network_proc_full_tb/uut/fifo_instance/ram_inst/inst/  $recovery(
   CLKA:57.000 us, CLKB:57.000 us,1.000 ns)

WARNING:Simulator:29 - at 57.000 us: Warning: Timing violation in
   /network_proc_full_tb/uut/gpu_instance/ICache/inst/  $recovery( CLKB:57.000
   us, CLKA:57.000 us,1.000 ns)

WARNING:Simulator:29 - at 57.000 us: Warning: Timing violation in
   /network_proc_full_tb/uut/gpu_instance/ICache/inst/  $recovery( CLKA:57.000
   us, CLKB:57.000 us,1.000 ns)

WARNING:Simulator:29 - at 57.100 us: Warning: Timing violation in
   /network_proc_full_tb/uut/fifo_instance/ram_inst/inst/  $recovery(
   CLKB:57.100 us, CLKA:57.100 us,1.000 ns)

WARNING:Simulator:29 - at 57.100 us: Warning: Timing violation in
   /network_proc_full_tb/uut/fifo_instance/ram_inst/inst/  $recovery(
   CLKA:57.100 us, CLKB:57.100 us,1.000 ns)

WARNING:Simulator:29 - at 57.100 us: Warning: Timing violation in
   /network_proc_full_tb/uut/gpu_instance/ICache/inst/  $recovery( CLKB:57.100
   us, CLKA:57.100 us,1.000 ns)

WARNING:Simulator:29 - at 57.100 us: Warning: Timing violation in
   /network_proc_full_tb/uut/gpu_instance/ICache/inst/  $recovery( CLKA:57.100
   us, CLKB:57.100 us,1.000 ns)

WARNING:Simulator:29 - at 57.200 us: Warning: Timing violation in
   /network_proc_full_tb/uut/fifo_instance/ram_inst/inst/  $recovery(
   CLKB:57.200 us, CLKA:57.200 us,1.000 ns)

WARNING:Simulator:29 - at 57.200 us: Warning: Timing violation in
   /network_proc_full_tb/uut/fifo_instance/ram_inst/inst/  $recovery(
   CLKA:57.200 us, CLKB:57.200 us,1.000 ns)

WARNING:Simulator:29 - at 57.200 us: Warning: Timing violation in
   /network_proc_full_tb/uut/gpu_instance/ICache/inst/  $recovery( CLKB:57.200
   us, CLKA:57.200 us,1.000 ns)

WARNING:Simulator:29 - at 57.200 us: Warning: Timing violation in
   /network_proc_full_tb/uut/gpu_instance/ICache/inst/  $recovery( CLKA:57.200
   us, CLKB:57.200 us,1.000 ns)

WARNING:Simulator:29 - at 57.300 us: Warning: Timing violation in
   /network_proc_full_tb/uut/fifo_instance/ram_inst/inst/  $recovery(
   CLKB:57.300 us, CLKA:57.300 us,1.000 ns)

WARNING:Simulator:29 - at 57.300 us: Warning: Timing violation in
   /network_proc_full_tb/uut/fifo_instance/ram_inst/inst/  $recovery(
   CLKA:57.300 us, CLKB:57.300 us,1.000 ns)

WARNING:Simulator:29 - at 57.300 us: Warning: Timing violation in
   /network_proc_full_tb/uut/gpu_instance/ICache/inst/  $recovery( CLKB:57.300
   us, CLKA:57.300 us,1.000 ns)

WARNING:Simulator:29 - at 57.300 us: Warning: Timing violation in
   /network_proc_full_tb/uut/gpu_instance/ICache/inst/  $recovery( CLKA:57.300
   us, CLKB:57.300 us,1.000 ns)

WARNING:Simulator:29 - at 57.400 us: Warning: Timing violation in
   /network_proc_full_tb/uut/fifo_instance/ram_inst/inst/  $recovery(
   CLKB:57.400 us, CLKA:57.400 us,1.000 ns)

WARNING:Simulator:29 - at 57.400 us: Warning: Timing violation in
   /network_proc_full_tb/uut/fifo_instance/ram_inst/inst/  $recovery(
   CLKA:57.400 us, CLKB:57.400 us,1.000 ns)

WARNING:Simulator:29 - at 57.400 us: Warning: Timing violation in
   /network_proc_full_tb/uut/gpu_instance/ICache/inst/  $recovery( CLKB:57.400
   us, CLKA:57.400 us,1.000 ns)

WARNING:Simulator:29 - at 57.400 us: Warning: Timing violation in
   /network_proc_full_tb/uut/gpu_instance/ICache/inst/  $recovery( CLKA:57.400
   us, CLKB:57.400 us,1.000 ns)

WARNING:Simulator:29 - at 57.500 us: Warning: Timing violation in
   /network_proc_full_tb/uut/fifo_instance/ram_inst/inst/  $recovery(
   CLKB:57.500 us, CLKA:57.500 us,1.000 ns)

WARNING:Simulator:29 - at 57.500 us: Warning: Timing violation in
   /network_proc_full_tb/uut/fifo_instance/ram_inst/inst/  $recovery(
   CLKA:57.500 us, CLKB:57.500 us,1.000 ns)

WARNING:Simulator:29 - at 57.500 us: Warning: Timing violation in
   /network_proc_full_tb/uut/gpu_instance/ICache/inst/  $recovery( CLKB:57.500
   us, CLKA:57.500 us,1.000 ns)

WARNING:Simulator:29 - at 57.500 us: Warning: Timing violation in
   /network_proc_full_tb/uut/gpu_instance/ICache/inst/  $recovery( CLKA:57.500
   us, CLKB:57.500 us,1.000 ns)

WARNING:Simulator:29 - at 57.600 us: Warning: Timing violation in
   /network_proc_full_tb/uut/fifo_instance/ram_inst/inst/  $recovery(
   CLKB:57.600 us, CLKA:57.600 us,1.000 ns)

WARNING:Simulator:29 - at 57.600 us: Warning: Timing violation in
   /network_proc_full_tb/uut/fifo_instance/ram_inst/inst/  $recovery(
   CLKA:57.600 us, CLKB:57.600 us,1.000 ns)

WARNING:Simulator:29 - at 57.600 us: Warning: Timing violation in
   /network_proc_full_tb/uut/gpu_instance/ICache/inst/  $recovery( CLKB:57.600
   us, CLKA:57.600 us,1.000 ns)

WARNING:Simulator:29 - at 57.600 us: Warning: Timing violation in
   /network_proc_full_tb/uut/gpu_instance/ICache/inst/  $recovery( CLKA:57.600
   us, CLKB:57.600 us,1.000 ns)

WARNING:Simulator:29 - at 57.700 us: Warning: Timing violation in
   /network_proc_full_tb/uut/fifo_instance/ram_inst/inst/  $recovery(
   CLKB:57.700 us, CLKA:57.700 us,1.000 ns)

WARNING:Simulator:29 - at 57.700 us: Warning: Timing violation in
   /network_proc_full_tb/uut/fifo_instance/ram_inst/inst/  $recovery(
   CLKA:57.700 us, CLKB:57.700 us,1.000 ns)

WARNING:Simulator:29 - at 57.700 us: Warning: Timing violation in
   /network_proc_full_tb/uut/gpu_instance/ICache/inst/  $recovery( CLKB:57.700
   us, CLKA:57.700 us,1.000 ns)

WARNING:Simulator:29 - at 57.700 us: Warning: Timing violation in
   /network_proc_full_tb/uut/gpu_instance/ICache/inst/  $recovery( CLKA:57.700
   us, CLKB:57.700 us,1.000 ns)

WARNING:Simulator:29 - at 57.800 us: Warning: Timing violation in
   /network_proc_full_tb/uut/fifo_instance/ram_inst/inst/  $recovery(
   CLKB:57.800 us, CLKA:57.800 us,1.000 ns)

WARNING:Simulator:29 - at 57.800 us: Warning: Timing violation in
   /network_proc_full_tb/uut/fifo_instance/ram_inst/inst/  $recovery(
   CLKA:57.800 us, CLKB:57.800 us,1.000 ns)

WARNING:Simulator:29 - at 57.800 us: Warning: Timing violation in
   /network_proc_full_tb/uut/gpu_instance/ICache/inst/  $recovery( CLKB:57.800
   us, CLKA:57.800 us,1.000 ns)

WARNING:Simulator:29 - at 57.800 us: Warning: Timing violation in
   /network_proc_full_tb/uut/gpu_instance/ICache/inst/  $recovery( CLKA:57.800
   us, CLKB:57.800 us,1.000 ns)

WARNING:Simulator:29 - at 57.900 us: Warning: Timing violation in
   /network_proc_full_tb/uut/fifo_instance/ram_inst/inst/  $recovery(
   CLKB:57.900 us, CLKA:57.900 us,1.000 ns)

WARNING:Simulator:29 - at 57.900 us: Warning: Timing violation in
   /network_proc_full_tb/uut/fifo_instance/ram_inst/inst/  $recovery(
   CLKA:57.900 us, CLKB:57.900 us,1.000 ns)

WARNING:Simulator:29 - at 57.900 us: Warning: Timing violation in
   /network_proc_full_tb/uut/gpu_instance/ICache/inst/  $recovery( CLKB:57.900
   us, CLKA:57.900 us,1.000 ns)

WARNING:Simulator:29 - at 57.900 us: Warning: Timing violation in
   /network_proc_full_tb/uut/gpu_instance/ICache/inst/  $recovery( CLKA:57.900
   us, CLKB:57.900 us,1.000 ns)

WARNING:Simulator:29 - at 58.000 us: Warning: Timing violation in
   /network_proc_full_tb/uut/fifo_instance/ram_inst/inst/  $recovery(
   CLKB:58.000 us, CLKA:58.000 us,1.000 ns)

WARNING:Simulator:29 - at 58.000 us: Warning: Timing violation in
   /network_proc_full_tb/uut/fifo_instance/ram_inst/inst/  $recovery(
   CLKA:58.000 us, CLKB:58.000 us,1.000 ns)

WARNING:Simulator:29 - at 58.000 us: Warning: Timing violation in
   /network_proc_full_tb/uut/gpu_instance/ICache/inst/  $recovery( CLKB:58.000
   us, CLKA:58.000 us,1.000 ns)

WARNING:Simulator:29 - at 58.000 us: Warning: Timing violation in
   /network_proc_full_tb/uut/gpu_instance/ICache/inst/  $recovery( CLKA:58.000
   us, CLKB:58.000 us,1.000 ns)

WARNING:Simulator:29 - at 58.100 us: Warning: Timing violation in
   /network_proc_full_tb/uut/fifo_instance/ram_inst/inst/  $recovery(
   CLKB:58.100 us, CLKA:58.100 us,1.000 ns)

WARNING:Simulator:29 - at 58.100 us: Warning: Timing violation in
   /network_proc_full_tb/uut/fifo_instance/ram_inst/inst/  $recovery(
   CLKA:58.100 us, CLKB:58.100 us,1.000 ns)

WARNING:Simulator:29 - at 58.100 us: Warning: Timing violation in
   /network_proc_full_tb/uut/gpu_instance/ICache/inst/  $recovery( CLKB:58.100
   us, CLKA:58.100 us,1.000 ns)

WARNING:Simulator:29 - at 58.100 us: Warning: Timing violation in
   /network_proc_full_tb/uut/gpu_instance/ICache/inst/  $recovery( CLKA:58.100
   us, CLKB:58.100 us,1.000 ns)

WARNING:Simulator:29 - at 58.200 us: Warning: Timing violation in
   /network_proc_full_tb/uut/fifo_instance/ram_inst/inst/  $recovery(
   CLKB:58.200 us, CLKA:58.200 us,1.000 ns)

WARNING:Simulator:29 - at 58.200 us: Warning: Timing violation in
   /network_proc_full_tb/uut/fifo_instance/ram_inst/inst/  $recovery(
   CLKA:58.200 us, CLKB:58.200 us,1.000 ns)

WARNING:Simulator:29 - at 58.200 us: Warning: Timing violation in
   /network_proc_full_tb/uut/gpu_instance/ICache/inst/  $recovery( CLKB:58.200
   us, CLKA:58.200 us,1.000 ns)

WARNING:Simulator:29 - at 58.200 us: Warning: Timing violation in
   /network_proc_full_tb/uut/gpu_instance/ICache/inst/  $recovery( CLKA:58.200
   us, CLKB:58.200 us,1.000 ns)

WARNING:Simulator:29 - at 58.300 us: Warning: Timing violation in
   /network_proc_full_tb/uut/fifo_instance/ram_inst/inst/  $recovery(
   CLKB:58.300 us, CLKA:58.300 us,1.000 ns)

WARNING:Simulator:29 - at 58.300 us: Warning: Timing violation in
   /network_proc_full_tb/uut/fifo_instance/ram_inst/inst/  $recovery(
   CLKA:58.300 us, CLKB:58.300 us,1.000 ns)

WARNING:Simulator:29 - at 58.300 us: Warning: Timing violation in
   /network_proc_full_tb/uut/gpu_instance/ICache/inst/  $recovery( CLKB:58.300
   us, CLKA:58.300 us,1.000 ns)

WARNING:Simulator:29 - at 58.300 us: Warning: Timing violation in
   /network_proc_full_tb/uut/gpu_instance/ICache/inst/  $recovery( CLKA:58.300
   us, CLKB:58.300 us,1.000 ns)

WARNING:Simulator:29 - at 58.400 us: Warning: Timing violation in
   /network_proc_full_tb/uut/fifo_instance/ram_inst/inst/  $recovery(
   CLKB:58.400 us, CLKA:58.400 us,1.000 ns)

WARNING:Simulator:29 - at 58.400 us: Warning: Timing violation in
   /network_proc_full_tb/uut/fifo_instance/ram_inst/inst/  $recovery(
   CLKA:58.400 us, CLKB:58.400 us,1.000 ns)

WARNING:Simulator:29 - at 58.400 us: Warning: Timing violation in
   /network_proc_full_tb/uut/gpu_instance/ICache/inst/  $recovery( CLKB:58.400
   us, CLKA:58.400 us,1.000 ns)

WARNING:Simulator:29 - at 58.400 us: Warning: Timing violation in
   /network_proc_full_tb/uut/gpu_instance/ICache/inst/  $recovery( CLKA:58.400
   us, CLKB:58.400 us,1.000 ns)

WARNING:Simulator:29 - at 58.500 us: Warning: Timing violation in
   /network_proc_full_tb/uut/fifo_instance/ram_inst/inst/  $recovery(
   CLKB:58.500 us, CLKA:58.500 us,1.000 ns)

WARNING:Simulator:29 - at 58.500 us: Warning: Timing violation in
   /network_proc_full_tb/uut/fifo_instance/ram_inst/inst/  $recovery(
   CLKA:58.500 us, CLKB:58.500 us,1.000 ns)

WARNING:Simulator:29 - at 58.500 us: Warning: Timing violation in
   /network_proc_full_tb/uut/gpu_instance/ICache/inst/  $recovery( CLKB:58.500
   us, CLKA:58.500 us,1.000 ns)

WARNING:Simulator:29 - at 58.500 us: Warning: Timing violation in
   /network_proc_full_tb/uut/gpu_instance/ICache/inst/  $recovery( CLKA:58.500
   us, CLKB:58.500 us,1.000 ns)

WARNING:Simulator:29 - at 58.600 us: Warning: Timing violation in
   /network_proc_full_tb/uut/fifo_instance/ram_inst/inst/  $recovery(
   CLKB:58.600 us, CLKA:58.600 us,1.000 ns)

WARNING:Simulator:29 - at 58.600 us: Warning: Timing violation in
   /network_proc_full_tb/uut/fifo_instance/ram_inst/inst/  $recovery(
   CLKA:58.600 us, CLKB:58.600 us,1.000 ns)

WARNING:Simulator:29 - at 58.600 us: Warning: Timing violation in
   /network_proc_full_tb/uut/gpu_instance/ICache/inst/  $recovery( CLKB:58.600
   us, CLKA:58.600 us,1.000 ns)

WARNING:Simulator:29 - at 58.600 us: Warning: Timing violation in
   /network_proc_full_tb/uut/gpu_instance/ICache/inst/  $recovery( CLKA:58.600
   us, CLKB:58.600 us,1.000 ns)

WARNING:Simulator:29 - at 58.700 us: Warning: Timing violation in
   /network_proc_full_tb/uut/fifo_instance/ram_inst/inst/  $recovery(
   CLKB:58.700 us, CLKA:58.700 us,1.000 ns)

WARNING:Simulator:29 - at 58.700 us: Warning: Timing violation in
   /network_proc_full_tb/uut/fifo_instance/ram_inst/inst/  $recovery(
   CLKA:58.700 us, CLKB:58.700 us,1.000 ns)

WARNING:Simulator:29 - at 58.700 us: Warning: Timing violation in
   /network_proc_full_tb/uut/gpu_instance/ICache/inst/  $recovery( CLKB:58.700
   us, CLKA:58.700 us,1.000 ns)

WARNING:Simulator:29 - at 58.700 us: Warning: Timing violation in
   /network_proc_full_tb/uut/gpu_instance/ICache/inst/  $recovery( CLKA:58.700
   us, CLKB:58.700 us,1.000 ns)

WARNING:Simulator:29 - at 58.800 us: Warning: Timing violation in
   /network_proc_full_tb/uut/fifo_instance/ram_inst/inst/  $recovery(
   CLKB:58.800 us, CLKA:58.800 us,1.000 ns)

WARNING:Simulator:29 - at 58.800 us: Warning: Timing violation in
   /network_proc_full_tb/uut/fifo_instance/ram_inst/inst/  $recovery(
   CLKA:58.800 us, CLKB:58.800 us,1.000 ns)

WARNING:Simulator:29 - at 58.800 us: Warning: Timing violation in
   /network_proc_full_tb/uut/gpu_instance/ICache/inst/  $recovery( CLKB:58.800
   us, CLKA:58.800 us,1.000 ns)

WARNING:Simulator:29 - at 58.800 us: Warning: Timing violation in
   /network_proc_full_tb/uut/gpu_instance/ICache/inst/  $recovery( CLKA:58.800
   us, CLKB:58.800 us,1.000 ns)

WARNING:Simulator:29 - at 58.900 us: Warning: Timing violation in
   /network_proc_full_tb/uut/fifo_instance/ram_inst/inst/  $recovery(
   CLKB:58.900 us, CLKA:58.900 us,1.000 ns)

WARNING:Simulator:29 - at 58.900 us: Warning: Timing violation in
   /network_proc_full_tb/uut/fifo_instance/ram_inst/inst/  $recovery(
   CLKA:58.900 us, CLKB:58.900 us,1.000 ns)

WARNING:Simulator:29 - at 58.900 us: Warning: Timing violation in
   /network_proc_full_tb/uut/gpu_instance/ICache/inst/  $recovery( CLKB:58.900
   us, CLKA:58.900 us,1.000 ns)

WARNING:Simulator:29 - at 58.900 us: Warning: Timing violation in
   /network_proc_full_tb/uut/gpu_instance/ICache/inst/  $recovery( CLKA:58.900
   us, CLKB:58.900 us,1.000 ns)

WARNING:Simulator:29 - at 59.000 us: Warning: Timing violation in
   /network_proc_full_tb/uut/fifo_instance/ram_inst/inst/  $recovery(
   CLKB:59.000 us, CLKA:59.000 us,1.000 ns)

WARNING:Simulator:29 - at 59.000 us: Warning: Timing violation in
   /network_proc_full_tb/uut/fifo_instance/ram_inst/inst/  $recovery(
   CLKA:59.000 us, CLKB:59.000 us,1.000 ns)

WARNING:Simulator:29 - at 59.000 us: Warning: Timing violation in
   /network_proc_full_tb/uut/gpu_instance/ICache/inst/  $recovery( CLKB:59.000
   us, CLKA:59.000 us,1.000 ns)

WARNING:Simulator:29 - at 59.000 us: Warning: Timing violation in
   /network_proc_full_tb/uut/gpu_instance/ICache/inst/  $recovery( CLKA:59.000
   us, CLKB:59.000 us,1.000 ns)

WARNING:Simulator:29 - at 59.100 us: Warning: Timing violation in
   /network_proc_full_tb/uut/fifo_instance/ram_inst/inst/  $recovery(
   CLKB:59.100 us, CLKA:59.100 us,1.000 ns)

WARNING:Simulator:29 - at 59.100 us: Warning: Timing violation in
   /network_proc_full_tb/uut/fifo_instance/ram_inst/inst/  $recovery(
   CLKA:59.100 us, CLKB:59.100 us,1.000 ns)

WARNING:Simulator:29 - at 59.100 us: Warning: Timing violation in
   /network_proc_full_tb/uut/gpu_instance/ICache/inst/  $recovery( CLKB:59.100
   us, CLKA:59.100 us,1.000 ns)

WARNING:Simulator:29 - at 59.100 us: Warning: Timing violation in
   /network_proc_full_tb/uut/gpu_instance/ICache/inst/  $recovery( CLKA:59.100
   us, CLKB:59.100 us,1.000 ns)

WARNING:Simulator:29 - at 59.200 us: Warning: Timing violation in
   /network_proc_full_tb/uut/fifo_instance/ram_inst/inst/  $recovery(
   CLKB:59.200 us, CLKA:59.200 us,1.000 ns)

WARNING:Simulator:29 - at 59.200 us: Warning: Timing violation in
   /network_proc_full_tb/uut/fifo_instance/ram_inst/inst/  $recovery(
   CLKA:59.200 us, CLKB:59.200 us,1.000 ns)

WARNING:Simulator:29 - at 59.200 us: Warning: Timing violation in
   /network_proc_full_tb/uut/gpu_instance/ICache/inst/  $recovery( CLKB:59.200
   us, CLKA:59.200 us,1.000 ns)

WARNING:Simulator:29 - at 59.200 us: Warning: Timing violation in
   /network_proc_full_tb/uut/gpu_instance/ICache/inst/  $recovery( CLKA:59.200
   us, CLKB:59.200 us,1.000 ns)

WARNING:Simulator:29 - at 59.300 us: Warning: Timing violation in
   /network_proc_full_tb/uut/fifo_instance/ram_inst/inst/  $recovery(
   CLKB:59.300 us, CLKA:59.300 us,1.000 ns)

WARNING:Simulator:29 - at 59.300 us: Warning: Timing violation in
   /network_proc_full_tb/uut/fifo_instance/ram_inst/inst/  $recovery(
   CLKA:59.300 us, CLKB:59.300 us,1.000 ns)

WARNING:Simulator:29 - at 59.300 us: Warning: Timing violation in
   /network_proc_full_tb/uut/gpu_instance/ICache/inst/  $recovery( CLKB:59.300
   us, CLKA:59.300 us,1.000 ns)

WARNING:Simulator:29 - at 59.300 us: Warning: Timing violation in
   /network_proc_full_tb/uut/gpu_instance/ICache/inst/  $recovery( CLKA:59.300
   us, CLKB:59.300 us,1.000 ns)

WARNING:Simulator:29 - at 59.400 us: Warning: Timing violation in
   /network_proc_full_tb/uut/fifo_instance/ram_inst/inst/  $recovery(
   CLKB:59.400 us, CLKA:59.400 us,1.000 ns)

WARNING:Simulator:29 - at 59.400 us: Warning: Timing violation in
   /network_proc_full_tb/uut/fifo_instance/ram_inst/inst/  $recovery(
   CLKA:59.400 us, CLKB:59.400 us,1.000 ns)

WARNING:Simulator:29 - at 59.400 us: Warning: Timing violation in
   /network_proc_full_tb/uut/gpu_instance/ICache/inst/  $recovery( CLKB:59.400
   us, CLKA:59.400 us,1.000 ns)

WARNING:Simulator:29 - at 59.400 us: Warning: Timing violation in
   /network_proc_full_tb/uut/gpu_instance/ICache/inst/  $recovery( CLKA:59.400
   us, CLKB:59.400 us,1.000 ns)

WARNING:Simulator:29 - at 59.500 us: Warning: Timing violation in
   /network_proc_full_tb/uut/fifo_instance/ram_inst/inst/  $recovery(
   CLKB:59.500 us, CLKA:59.500 us,1.000 ns)

WARNING:Simulator:29 - at 59.500 us: Warning: Timing violation in
   /network_proc_full_tb/uut/fifo_instance/ram_inst/inst/  $recovery(
   CLKA:59.500 us, CLKB:59.500 us,1.000 ns)

WARNING:Simulator:29 - at 59.500 us: Warning: Timing violation in
   /network_proc_full_tb/uut/gpu_instance/ICache/inst/  $recovery( CLKB:59.500
   us, CLKA:59.500 us,1.000 ns)

WARNING:Simulator:29 - at 59.500 us: Warning: Timing violation in
   /network_proc_full_tb/uut/gpu_instance/ICache/inst/  $recovery( CLKA:59.500
   us, CLKB:59.500 us,1.000 ns)

WARNING:Simulator:29 - at 59.600 us: Warning: Timing violation in
   /network_proc_full_tb/uut/fifo_instance/ram_inst/inst/  $recovery(
   CLKB:59.600 us, CLKA:59.600 us,1.000 ns)

WARNING:Simulator:29 - at 59.600 us: Warning: Timing violation in
   /network_proc_full_tb/uut/fifo_instance/ram_inst/inst/  $recovery(
   CLKA:59.600 us, CLKB:59.600 us,1.000 ns)

WARNING:Simulator:29 - at 59.600 us: Warning: Timing violation in
   /network_proc_full_tb/uut/gpu_instance/ICache/inst/  $recovery( CLKB:59.600
   us, CLKA:59.600 us,1.000 ns)

WARNING:Simulator:29 - at 59.600 us: Warning: Timing violation in
   /network_proc_full_tb/uut/gpu_instance/ICache/inst/  $recovery( CLKA:59.600
   us, CLKB:59.600 us,1.000 ns)

WARNING:Simulator:29 - at 59.700 us: Warning: Timing violation in
   /network_proc_full_tb/uut/fifo_instance/ram_inst/inst/  $recovery(
   CLKB:59.700 us, CLKA:59.700 us,1.000 ns)

WARNING:Simulator:29 - at 59.700 us: Warning: Timing violation in
   /network_proc_full_tb/uut/fifo_instance/ram_inst/inst/  $recovery(
   CLKA:59.700 us, CLKB:59.700 us,1.000 ns)

WARNING:Simulator:29 - at 59.700 us: Warning: Timing violation in
   /network_proc_full_tb/uut/gpu_instance/ICache/inst/  $recovery( CLKB:59.700
   us, CLKA:59.700 us,1.000 ns)

WARNING:Simulator:29 - at 59.700 us: Warning: Timing violation in
   /network_proc_full_tb/uut/gpu_instance/ICache/inst/  $recovery( CLKA:59.700
   us, CLKB:59.700 us,1.000 ns)

WARNING:Simulator:29 - at 59.800 us: Warning: Timing violation in
   /network_proc_full_tb/uut/fifo_instance/ram_inst/inst/  $recovery(
   CLKB:59.800 us, CLKA:59.800 us,1.000 ns)

WARNING:Simulator:29 - at 59.800 us: Warning: Timing violation in
   /network_proc_full_tb/uut/fifo_instance/ram_inst/inst/  $recovery(
   CLKA:59.800 us, CLKB:59.800 us,1.000 ns)

WARNING:Simulator:29 - at 59.800 us: Warning: Timing violation in
   /network_proc_full_tb/uut/gpu_instance/ICache/inst/  $recovery( CLKB:59.800
   us, CLKA:59.800 us,1.000 ns)

WARNING:Simulator:29 - at 59.800 us: Warning: Timing violation in
   /network_proc_full_tb/uut/gpu_instance/ICache/inst/  $recovery( CLKA:59.800
   us, CLKB:59.800 us,1.000 ns)

WARNING:Simulator:29 - at 59.900 us: Warning: Timing violation in
   /network_proc_full_tb/uut/fifo_instance/ram_inst/inst/  $recovery(
   CLKB:59.900 us, CLKA:59.900 us,1.000 ns)

WARNING:Simulator:29 - at 59.900 us: Warning: Timing violation in
   /network_proc_full_tb/uut/fifo_instance/ram_inst/inst/  $recovery(
   CLKA:59.900 us, CLKB:59.900 us,1.000 ns)

WARNING:Simulator:29 - at 59.900 us: Warning: Timing violation in
   /network_proc_full_tb/uut/gpu_instance/ICache/inst/  $recovery( CLKB:59.900
   us, CLKA:59.900 us,1.000 ns)

WARNING:Simulator:29 - at 59.900 us: Warning: Timing violation in
   /network_proc_full_tb/uut/gpu_instance/ICache/inst/  $recovery( CLKA:59.900
   us, CLKB:59.900 us,1.000 ns)

WARNING:Simulator:29 - at 60.000 us: Warning: Timing violation in
   /network_proc_full_tb/uut/fifo_instance/ram_inst/inst/  $recovery(
   CLKB:60.000 us, CLKA:60.000 us,1.000 ns)

WARNING:Simulator:29 - at 60.000 us: Warning: Timing violation in
   /network_proc_full_tb/uut/fifo_instance/ram_inst/inst/  $recovery(
   CLKA:60.000 us, CLKB:60.000 us,1.000 ns)

WARNING:Simulator:29 - at 60.000 us: Warning: Timing violation in
   /network_proc_full_tb/uut/gpu_instance/ICache/inst/  $recovery( CLKB:60.000
   us, CLKA:60.000 us,1.000 ns)

WARNING:Simulator:29 - at 60.000 us: Warning: Timing violation in
   /network_proc_full_tb/uut/gpu_instance/ICache/inst/  $recovery( CLKA:60.000
   us, CLKB:60.000 us,1.000 ns)

WARNING:Simulator:29 - at 60.100 us: Warning: Timing violation in
   /network_proc_full_tb/uut/fifo_instance/ram_inst/inst/  $recovery(
   CLKB:60.100 us, CLKA:60.100 us,1.000 ns)

WARNING:Simulator:29 - at 60.100 us: Warning: Timing violation in
   /network_proc_full_tb/uut/fifo_instance/ram_inst/inst/  $recovery(
   CLKA:60.100 us, CLKB:60.100 us,1.000 ns)

WARNING:Simulator:29 - at 60.100 us: Warning: Timing violation in
   /network_proc_full_tb/uut/gpu_instance/ICache/inst/  $recovery( CLKB:60.100
   us, CLKA:60.100 us,1.000 ns)

WARNING:Simulator:29 - at 60.100 us: Warning: Timing violation in
   /network_proc_full_tb/uut/gpu_instance/ICache/inst/  $recovery( CLKA:60.100
   us, CLKB:60.100 us,1.000 ns)

WARNING:Simulator:29 - at 60.200 us: Warning: Timing violation in
   /network_proc_full_tb/uut/fifo_instance/ram_inst/inst/  $recovery(
   CLKB:60.200 us, CLKA:60.200 us,1.000 ns)

WARNING:Simulator:29 - at 60.200 us: Warning: Timing violation in
   /network_proc_full_tb/uut/fifo_instance/ram_inst/inst/  $recovery(
   CLKA:60.200 us, CLKB:60.200 us,1.000 ns)

WARNING:Simulator:29 - at 60.200 us: Warning: Timing violation in
   /network_proc_full_tb/uut/gpu_instance/ICache/inst/  $recovery( CLKB:60.200
   us, CLKA:60.200 us,1.000 ns)

WARNING:Simulator:29 - at 60.200 us: Warning: Timing violation in
   /network_proc_full_tb/uut/gpu_instance/ICache/inst/  $recovery( CLKA:60.200
   us, CLKB:60.200 us,1.000 ns)

WARNING:Simulator:29 - at 60.300 us: Warning: Timing violation in
   /network_proc_full_tb/uut/fifo_instance/ram_inst/inst/  $recovery(
   CLKB:60.300 us, CLKA:60.300 us,1.000 ns)

WARNING:Simulator:29 - at 60.300 us: Warning: Timing violation in
   /network_proc_full_tb/uut/fifo_instance/ram_inst/inst/  $recovery(
   CLKA:60.300 us, CLKB:60.300 us,1.000 ns)

WARNING:Simulator:29 - at 60.300 us: Warning: Timing violation in
   /network_proc_full_tb/uut/gpu_instance/ICache/inst/  $recovery( CLKB:60.300
   us, CLKA:60.300 us,1.000 ns)

WARNING:Simulator:29 - at 60.300 us: Warning: Timing violation in
   /network_proc_full_tb/uut/gpu_instance/ICache/inst/  $recovery( CLKA:60.300
   us, CLKB:60.300 us,1.000 ns)

WARNING:Simulator:29 - at 60.400 us: Warning: Timing violation in
   /network_proc_full_tb/uut/fifo_instance/ram_inst/inst/  $recovery(
   CLKB:60.400 us, CLKA:60.400 us,1.000 ns)

WARNING:Simulator:29 - at 60.400 us: Warning: Timing violation in
   /network_proc_full_tb/uut/fifo_instance/ram_inst/inst/  $recovery(
   CLKA:60.400 us, CLKB:60.400 us,1.000 ns)

WARNING:Simulator:29 - at 60.400 us: Warning: Timing violation in
   /network_proc_full_tb/uut/gpu_instance/ICache/inst/  $recovery( CLKB:60.400
   us, CLKA:60.400 us,1.000 ns)

WARNING:Simulator:29 - at 60.400 us: Warning: Timing violation in
   /network_proc_full_tb/uut/gpu_instance/ICache/inst/  $recovery( CLKA:60.400
   us, CLKB:60.400 us,1.000 ns)

WARNING:Simulator:29 - at 60.500 us: Warning: Timing violation in
   /network_proc_full_tb/uut/fifo_instance/ram_inst/inst/  $recovery(
   CLKB:60.500 us, CLKA:60.500 us,1.000 ns)

WARNING:Simulator:29 - at 60.500 us: Warning: Timing violation in
   /network_proc_full_tb/uut/fifo_instance/ram_inst/inst/  $recovery(
   CLKA:60.500 us, CLKB:60.500 us,1.000 ns)

WARNING:Simulator:29 - at 60.500 us: Warning: Timing violation in
   /network_proc_full_tb/uut/gpu_instance/ICache/inst/  $recovery( CLKB:60.500
   us, CLKA:60.500 us,1.000 ns)

WARNING:Simulator:29 - at 60.500 us: Warning: Timing violation in
   /network_proc_full_tb/uut/gpu_instance/ICache/inst/  $recovery( CLKA:60.500
   us, CLKB:60.500 us,1.000 ns)

WARNING:Simulator:29 - at 60.600 us: Warning: Timing violation in
   /network_proc_full_tb/uut/fifo_instance/ram_inst/inst/  $recovery(
   CLKB:60.600 us, CLKA:60.600 us,1.000 ns)

WARNING:Simulator:29 - at 60.600 us: Warning: Timing violation in
   /network_proc_full_tb/uut/fifo_instance/ram_inst/inst/  $recovery(
   CLKA:60.600 us, CLKB:60.600 us,1.000 ns)

WARNING:Simulator:29 - at 60.600 us: Warning: Timing violation in
   /network_proc_full_tb/uut/gpu_instance/ICache/inst/  $recovery( CLKB:60.600
   us, CLKA:60.600 us,1.000 ns)

WARNING:Simulator:29 - at 60.600 us: Warning: Timing violation in
   /network_proc_full_tb/uut/gpu_instance/ICache/inst/  $recovery( CLKA:60.600
   us, CLKB:60.600 us,1.000 ns)

WARNING:Simulator:29 - at 60.700 us: Warning: Timing violation in
   /network_proc_full_tb/uut/fifo_instance/ram_inst/inst/  $recovery(
   CLKB:60.700 us, CLKA:60.700 us,1.000 ns)

WARNING:Simulator:29 - at 60.700 us: Warning: Timing violation in
   /network_proc_full_tb/uut/fifo_instance/ram_inst/inst/  $recovery(
   CLKA:60.700 us, CLKB:60.700 us,1.000 ns)

WARNING:Simulator:29 - at 60.700 us: Warning: Timing violation in
   /network_proc_full_tb/uut/gpu_instance/ICache/inst/  $recovery( CLKB:60.700
   us, CLKA:60.700 us,1.000 ns)

WARNING:Simulator:29 - at 60.700 us: Warning: Timing violation in
   /network_proc_full_tb/uut/gpu_instance/ICache/inst/  $recovery( CLKA:60.700
   us, CLKB:60.700 us,1.000 ns)

WARNING:Simulator:29 - at 60.800 us: Warning: Timing violation in
   /network_proc_full_tb/uut/fifo_instance/ram_inst/inst/  $recovery(
   CLKB:60.800 us, CLKA:60.800 us,1.000 ns)

WARNING:Simulator:29 - at 60.800 us: Warning: Timing violation in
   /network_proc_full_tb/uut/fifo_instance/ram_inst/inst/  $recovery(
   CLKA:60.800 us, CLKB:60.800 us,1.000 ns)

WARNING:Simulator:29 - at 60.800 us: Warning: Timing violation in
   /network_proc_full_tb/uut/gpu_instance/ICache/inst/  $recovery( CLKB:60.800
   us, CLKA:60.800 us,1.000 ns)

WARNING:Simulator:29 - at 60.800 us: Warning: Timing violation in
   /network_proc_full_tb/uut/gpu_instance/ICache/inst/  $recovery( CLKA:60.800
   us, CLKB:60.800 us,1.000 ns)

WARNING:Simulator:29 - at 60.900 us: Warning: Timing violation in
   /network_proc_full_tb/uut/fifo_instance/ram_inst/inst/  $recovery(
   CLKB:60.900 us, CLKA:60.900 us,1.000 ns)

WARNING:Simulator:29 - at 60.900 us: Warning: Timing violation in
   /network_proc_full_tb/uut/fifo_instance/ram_inst/inst/  $recovery(
   CLKA:60.900 us, CLKB:60.900 us,1.000 ns)

WARNING:Simulator:29 - at 60.900 us: Warning: Timing violation in
   /network_proc_full_tb/uut/gpu_instance/ICache/inst/  $recovery( CLKB:60.900
   us, CLKA:60.900 us,1.000 ns)

WARNING:Simulator:29 - at 60.900 us: Warning: Timing violation in
   /network_proc_full_tb/uut/gpu_instance/ICache/inst/  $recovery( CLKA:60.900
   us, CLKB:60.900 us,1.000 ns)

WARNING:Simulator:29 - at 61.000 us: Warning: Timing violation in
   /network_proc_full_tb/uut/fifo_instance/ram_inst/inst/  $recovery(
   CLKB:61.000 us, CLKA:61.000 us,1.000 ns)

WARNING:Simulator:29 - at 61.000 us: Warning: Timing violation in
   /network_proc_full_tb/uut/fifo_instance/ram_inst/inst/  $recovery(
   CLKA:61.000 us, CLKB:61.000 us,1.000 ns)

WARNING:Simulator:29 - at 61.000 us: Warning: Timing violation in
   /network_proc_full_tb/uut/gpu_instance/ICache/inst/  $recovery( CLKB:61.000
   us, CLKA:61.000 us,1.000 ns)

WARNING:Simulator:29 - at 61.000 us: Warning: Timing violation in
   /network_proc_full_tb/uut/gpu_instance/ICache/inst/  $recovery( CLKA:61.000
   us, CLKB:61.000 us,1.000 ns)

WARNING:Simulator:29 - at 61.100 us: Warning: Timing violation in
   /network_proc_full_tb/uut/fifo_instance/ram_inst/inst/  $recovery(
   CLKB:61.100 us, CLKA:61.100 us,1.000 ns)

WARNING:Simulator:29 - at 61.100 us: Warning: Timing violation in
   /network_proc_full_tb/uut/fifo_instance/ram_inst/inst/  $recovery(
   CLKA:61.100 us, CLKB:61.100 us,1.000 ns)

WARNING:Simulator:29 - at 61.100 us: Warning: Timing violation in
   /network_proc_full_tb/uut/gpu_instance/ICache/inst/  $recovery( CLKB:61.100
   us, CLKA:61.100 us,1.000 ns)

WARNING:Simulator:29 - at 61.100 us: Warning: Timing violation in
   /network_proc_full_tb/uut/gpu_instance/ICache/inst/  $recovery( CLKA:61.100
   us, CLKB:61.100 us,1.000 ns)

WARNING:Simulator:29 - at 61.200 us: Warning: Timing violation in
   /network_proc_full_tb/uut/fifo_instance/ram_inst/inst/  $recovery(
   CLKB:61.200 us, CLKA:61.200 us,1.000 ns)

WARNING:Simulator:29 - at 61.200 us: Warning: Timing violation in
   /network_proc_full_tb/uut/fifo_instance/ram_inst/inst/  $recovery(
   CLKA:61.200 us, CLKB:61.200 us,1.000 ns)

WARNING:Simulator:29 - at 61.200 us: Warning: Timing violation in
   /network_proc_full_tb/uut/gpu_instance/ICache/inst/  $recovery( CLKB:61.200
   us, CLKA:61.200 us,1.000 ns)

WARNING:Simulator:29 - at 61.200 us: Warning: Timing violation in
   /network_proc_full_tb/uut/gpu_instance/ICache/inst/  $recovery( CLKA:61.200
   us, CLKB:61.200 us,1.000 ns)

WARNING:Simulator:29 - at 61.300 us: Warning: Timing violation in
   /network_proc_full_tb/uut/fifo_instance/ram_inst/inst/  $recovery(
   CLKB:61.300 us, CLKA:61.300 us,1.000 ns)

WARNING:Simulator:29 - at 61.300 us: Warning: Timing violation in
   /network_proc_full_tb/uut/fifo_instance/ram_inst/inst/  $recovery(
   CLKA:61.300 us, CLKB:61.300 us,1.000 ns)

WARNING:Simulator:29 - at 61.300 us: Warning: Timing violation in
   /network_proc_full_tb/uut/gpu_instance/ICache/inst/  $recovery( CLKB:61.300
   us, CLKA:61.300 us,1.000 ns)

WARNING:Simulator:29 - at 61.300 us: Warning: Timing violation in
   /network_proc_full_tb/uut/gpu_instance/ICache/inst/  $recovery( CLKA:61.300
   us, CLKB:61.300 us,1.000 ns)

WARNING:Simulator:29 - at 61.400 us: Warning: Timing violation in
   /network_proc_full_tb/uut/fifo_instance/ram_inst/inst/  $recovery(
   CLKB:61.400 us, CLKA:61.400 us,1.000 ns)

WARNING:Simulator:29 - at 61.400 us: Warning: Timing violation in
   /network_proc_full_tb/uut/fifo_instance/ram_inst/inst/  $recovery(
   CLKA:61.400 us, CLKB:61.400 us,1.000 ns)

WARNING:Simulator:29 - at 61.400 us: Warning: Timing violation in
   /network_proc_full_tb/uut/gpu_instance/ICache/inst/  $recovery( CLKB:61.400
   us, CLKA:61.400 us,1.000 ns)

WARNING:Simulator:29 - at 61.400 us: Warning: Timing violation in
   /network_proc_full_tb/uut/gpu_instance/ICache/inst/  $recovery( CLKA:61.400
   us, CLKB:61.400 us,1.000 ns)

WARNING:Simulator:29 - at 61.500 us: Warning: Timing violation in
   /network_proc_full_tb/uut/fifo_instance/ram_inst/inst/  $recovery(
   CLKB:61.500 us, CLKA:61.500 us,1.000 ns)

WARNING:Simulator:29 - at 61.500 us: Warning: Timing violation in
   /network_proc_full_tb/uut/fifo_instance/ram_inst/inst/  $recovery(
   CLKA:61.500 us, CLKB:61.500 us,1.000 ns)

WARNING:Simulator:29 - at 61.500 us: Warning: Timing violation in
   /network_proc_full_tb/uut/gpu_instance/ICache/inst/  $recovery( CLKB:61.500
   us, CLKA:61.500 us,1.000 ns)

WARNING:Simulator:29 - at 61.500 us: Warning: Timing violation in
   /network_proc_full_tb/uut/gpu_instance/ICache/inst/  $recovery( CLKA:61.500
   us, CLKB:61.500 us,1.000 ns)

WARNING:Simulator:29 - at 61.600 us: Warning: Timing violation in
   /network_proc_full_tb/uut/fifo_instance/ram_inst/inst/  $recovery(
   CLKB:61.600 us, CLKA:61.600 us,1.000 ns)

WARNING:Simulator:29 - at 61.600 us: Warning: Timing violation in
   /network_proc_full_tb/uut/fifo_instance/ram_inst/inst/  $recovery(
   CLKA:61.600 us, CLKB:61.600 us,1.000 ns)

WARNING:Simulator:29 - at 61.600 us: Warning: Timing violation in
   /network_proc_full_tb/uut/gpu_instance/ICache/inst/  $recovery( CLKB:61.600
   us, CLKA:61.600 us,1.000 ns)

WARNING:Simulator:29 - at 61.600 us: Warning: Timing violation in
   /network_proc_full_tb/uut/gpu_instance/ICache/inst/  $recovery( CLKA:61.600
   us, CLKB:61.600 us,1.000 ns)

WARNING:Simulator:29 - at 61.700 us: Warning: Timing violation in
   /network_proc_full_tb/uut/fifo_instance/ram_inst/inst/  $recovery(
   CLKB:61.700 us, CLKA:61.700 us,1.000 ns)

WARNING:Simulator:29 - at 61.700 us: Warning: Timing violation in
   /network_proc_full_tb/uut/fifo_instance/ram_inst/inst/  $recovery(
   CLKA:61.700 us, CLKB:61.700 us,1.000 ns)

WARNING:Simulator:29 - at 61.700 us: Warning: Timing violation in
   /network_proc_full_tb/uut/gpu_instance/ICache/inst/  $recovery( CLKB:61.700
   us, CLKA:61.700 us,1.000 ns)

WARNING:Simulator:29 - at 61.700 us: Warning: Timing violation in
   /network_proc_full_tb/uut/gpu_instance/ICache/inst/  $recovery( CLKA:61.700
   us, CLKB:61.700 us,1.000 ns)

WARNING:Simulator:29 - at 61.800 us: Warning: Timing violation in
   /network_proc_full_tb/uut/fifo_instance/ram_inst/inst/  $recovery(
   CLKB:61.800 us, CLKA:61.800 us,1.000 ns)

WARNING:Simulator:29 - at 61.800 us: Warning: Timing violation in
   /network_proc_full_tb/uut/fifo_instance/ram_inst/inst/  $recovery(
   CLKA:61.800 us, CLKB:61.800 us,1.000 ns)

WARNING:Simulator:29 - at 61.800 us: Warning: Timing violation in
   /network_proc_full_tb/uut/gpu_instance/ICache/inst/  $recovery( CLKB:61.800
   us, CLKA:61.800 us,1.000 ns)

WARNING:Simulator:29 - at 61.800 us: Warning: Timing violation in
   /network_proc_full_tb/uut/gpu_instance/ICache/inst/  $recovery( CLKA:61.800
   us, CLKB:61.800 us,1.000 ns)

WARNING:Simulator:29 - at 61.900 us: Warning: Timing violation in
   /network_proc_full_tb/uut/fifo_instance/ram_inst/inst/  $recovery(
   CLKB:61.900 us, CLKA:61.900 us,1.000 ns)

WARNING:Simulator:29 - at 61.900 us: Warning: Timing violation in
   /network_proc_full_tb/uut/fifo_instance/ram_inst/inst/  $recovery(
   CLKA:61.900 us, CLKB:61.900 us,1.000 ns)

WARNING:Simulator:29 - at 61.900 us: Warning: Timing violation in
   /network_proc_full_tb/uut/gpu_instance/ICache/inst/  $recovery( CLKB:61.900
   us, CLKA:61.900 us,1.000 ns)

WARNING:Simulator:29 - at 61.900 us: Warning: Timing violation in
   /network_proc_full_tb/uut/gpu_instance/ICache/inst/  $recovery( CLKA:61.900
   us, CLKB:61.900 us,1.000 ns)

WARNING:Simulator:29 - at 62.000 us: Warning: Timing violation in
   /network_proc_full_tb/uut/fifo_instance/ram_inst/inst/  $recovery(
   CLKB:62.000 us, CLKA:62.000 us,1.000 ns)

WARNING:Simulator:29 - at 62.000 us: Warning: Timing violation in
   /network_proc_full_tb/uut/fifo_instance/ram_inst/inst/  $recovery(
   CLKA:62.000 us, CLKB:62.000 us,1.000 ns)

WARNING:Simulator:29 - at 62.000 us: Warning: Timing violation in
   /network_proc_full_tb/uut/gpu_instance/ICache/inst/  $recovery( CLKB:62.000
   us, CLKA:62.000 us,1.000 ns)

WARNING:Simulator:29 - at 62.000 us: Warning: Timing violation in
   /network_proc_full_tb/uut/gpu_instance/ICache/inst/  $recovery( CLKA:62.000
   us, CLKB:62.000 us,1.000 ns)

WARNING:Simulator:29 - at 62.100 us: Warning: Timing violation in
   /network_proc_full_tb/uut/fifo_instance/ram_inst/inst/  $recovery(
   CLKB:62.100 us, CLKA:62.100 us,1.000 ns)

WARNING:Simulator:29 - at 62.100 us: Warning: Timing violation in
   /network_proc_full_tb/uut/fifo_instance/ram_inst/inst/  $recovery(
   CLKA:62.100 us, CLKB:62.100 us,1.000 ns)

WARNING:Simulator:29 - at 62.100 us: Warning: Timing violation in
   /network_proc_full_tb/uut/gpu_instance/ICache/inst/  $recovery( CLKB:62.100
   us, CLKA:62.100 us,1.000 ns)

WARNING:Simulator:29 - at 62.100 us: Warning: Timing violation in
   /network_proc_full_tb/uut/gpu_instance/ICache/inst/  $recovery( CLKA:62.100
   us, CLKB:62.100 us,1.000 ns)

WARNING:Simulator:29 - at 62.200 us: Warning: Timing violation in
   /network_proc_full_tb/uut/fifo_instance/ram_inst/inst/  $recovery(
   CLKB:62.200 us, CLKA:62.200 us,1.000 ns)

WARNING:Simulator:29 - at 62.200 us: Warning: Timing violation in
   /network_proc_full_tb/uut/fifo_instance/ram_inst/inst/  $recovery(
   CLKA:62.200 us, CLKB:62.200 us,1.000 ns)

WARNING:Simulator:29 - at 62.200 us: Warning: Timing violation in
   /network_proc_full_tb/uut/gpu_instance/ICache/inst/  $recovery( CLKB:62.200
   us, CLKA:62.200 us,1.000 ns)

WARNING:Simulator:29 - at 62.200 us: Warning: Timing violation in
   /network_proc_full_tb/uut/gpu_instance/ICache/inst/  $recovery( CLKA:62.200
   us, CLKB:62.200 us,1.000 ns)

WARNING:Simulator:29 - at 62.300 us: Warning: Timing violation in
   /network_proc_full_tb/uut/fifo_instance/ram_inst/inst/  $recovery(
   CLKB:62.300 us, CLKA:62.300 us,1.000 ns)

WARNING:Simulator:29 - at 62.300 us: Warning: Timing violation in
   /network_proc_full_tb/uut/fifo_instance/ram_inst/inst/  $recovery(
   CLKA:62.300 us, CLKB:62.300 us,1.000 ns)

WARNING:Simulator:29 - at 62.300 us: Warning: Timing violation in
   /network_proc_full_tb/uut/gpu_instance/ICache/inst/  $recovery( CLKB:62.300
   us, CLKA:62.300 us,1.000 ns)

WARNING:Simulator:29 - at 62.300 us: Warning: Timing violation in
   /network_proc_full_tb/uut/gpu_instance/ICache/inst/  $recovery( CLKA:62.300
   us, CLKB:62.300 us,1.000 ns)

WARNING:Simulator:29 - at 62.400 us: Warning: Timing violation in
   /network_proc_full_tb/uut/fifo_instance/ram_inst/inst/  $recovery(
   CLKB:62.400 us, CLKA:62.400 us,1.000 ns)

WARNING:Simulator:29 - at 62.400 us: Warning: Timing violation in
   /network_proc_full_tb/uut/fifo_instance/ram_inst/inst/  $recovery(
   CLKA:62.400 us, CLKB:62.400 us,1.000 ns)

WARNING:Simulator:29 - at 62.400 us: Warning: Timing violation in
   /network_proc_full_tb/uut/gpu_instance/ICache/inst/  $recovery( CLKB:62.400
   us, CLKA:62.400 us,1.000 ns)

WARNING:Simulator:29 - at 62.400 us: Warning: Timing violation in
   /network_proc_full_tb/uut/gpu_instance/ICache/inst/  $recovery( CLKA:62.400
   us, CLKB:62.400 us,1.000 ns)

WARNING:Simulator:29 - at 62.500 us: Warning: Timing violation in
   /network_proc_full_tb/uut/fifo_instance/ram_inst/inst/  $recovery(
   CLKB:62.500 us, CLKA:62.500 us,1.000 ns)

WARNING:Simulator:29 - at 62.500 us: Warning: Timing violation in
   /network_proc_full_tb/uut/fifo_instance/ram_inst/inst/  $recovery(
   CLKA:62.500 us, CLKB:62.500 us,1.000 ns)

WARNING:Simulator:29 - at 62.500 us: Warning: Timing violation in
   /network_proc_full_tb/uut/gpu_instance/ICache/inst/  $recovery( CLKB:62.500
   us, CLKA:62.500 us,1.000 ns)

WARNING:Simulator:29 - at 62.500 us: Warning: Timing violation in
   /network_proc_full_tb/uut/gpu_instance/ICache/inst/  $recovery( CLKA:62.500
   us, CLKB:62.500 us,1.000 ns)

WARNING:Simulator:29 - at 62.600 us: Warning: Timing violation in
   /network_proc_full_tb/uut/fifo_instance/ram_inst/inst/  $recovery(
   CLKB:62.600 us, CLKA:62.600 us,1.000 ns)

WARNING:Simulator:29 - at 62.600 us: Warning: Timing violation in
   /network_proc_full_tb/uut/fifo_instance/ram_inst/inst/  $recovery(
   CLKA:62.600 us, CLKB:62.600 us,1.000 ns)

WARNING:Simulator:29 - at 62.600 us: Warning: Timing violation in
   /network_proc_full_tb/uut/gpu_instance/ICache/inst/  $recovery( CLKB:62.600
   us, CLKA:62.600 us,1.000 ns)

WARNING:Simulator:29 - at 62.600 us: Warning: Timing violation in
   /network_proc_full_tb/uut/gpu_instance/ICache/inst/  $recovery( CLKA:62.600
   us, CLKB:62.600 us,1.000 ns)

WARNING:Simulator:29 - at 62.700 us: Warning: Timing violation in
   /network_proc_full_tb/uut/fifo_instance/ram_inst/inst/  $recovery(
   CLKB:62.700 us, CLKA:62.700 us,1.000 ns)

WARNING:Simulator:29 - at 62.700 us: Warning: Timing violation in
   /network_proc_full_tb/uut/fifo_instance/ram_inst/inst/  $recovery(
   CLKA:62.700 us, CLKB:62.700 us,1.000 ns)

WARNING:Simulator:29 - at 62.700 us: Warning: Timing violation in
   /network_proc_full_tb/uut/gpu_instance/ICache/inst/  $recovery( CLKB:62.700
   us, CLKA:62.700 us,1.000 ns)

WARNING:Simulator:29 - at 62.700 us: Warning: Timing violation in
   /network_proc_full_tb/uut/gpu_instance/ICache/inst/  $recovery( CLKA:62.700
   us, CLKB:62.700 us,1.000 ns)

WARNING:Simulator:29 - at 62.800 us: Warning: Timing violation in
   /network_proc_full_tb/uut/fifo_instance/ram_inst/inst/  $recovery(
   CLKB:62.800 us, CLKA:62.800 us,1.000 ns)

WARNING:Simulator:29 - at 62.800 us: Warning: Timing violation in
   /network_proc_full_tb/uut/fifo_instance/ram_inst/inst/  $recovery(
   CLKA:62.800 us, CLKB:62.800 us,1.000 ns)

WARNING:Simulator:29 - at 62.800 us: Warning: Timing violation in
   /network_proc_full_tb/uut/gpu_instance/ICache/inst/  $recovery( CLKB:62.800
   us, CLKA:62.800 us,1.000 ns)

WARNING:Simulator:29 - at 62.800 us: Warning: Timing violation in
   /network_proc_full_tb/uut/gpu_instance/ICache/inst/  $recovery( CLKA:62.800
   us, CLKB:62.800 us,1.000 ns)

WARNING:Simulator:29 - at 62.900 us: Warning: Timing violation in
   /network_proc_full_tb/uut/fifo_instance/ram_inst/inst/  $recovery(
   CLKB:62.900 us, CLKA:62.900 us,1.000 ns)

WARNING:Simulator:29 - at 62.900 us: Warning: Timing violation in
   /network_proc_full_tb/uut/fifo_instance/ram_inst/inst/  $recovery(
   CLKA:62.900 us, CLKB:62.900 us,1.000 ns)

WARNING:Simulator:29 - at 62.900 us: Warning: Timing violation in
   /network_proc_full_tb/uut/gpu_instance/ICache/inst/  $recovery( CLKB:62.900
   us, CLKA:62.900 us,1.000 ns)

WARNING:Simulator:29 - at 62.900 us: Warning: Timing violation in
   /network_proc_full_tb/uut/gpu_instance/ICache/inst/  $recovery( CLKA:62.900
   us, CLKB:62.900 us,1.000 ns)

WARNING:Simulator:29 - at 63.000 us: Warning: Timing violation in
   /network_proc_full_tb/uut/fifo_instance/ram_inst/inst/  $recovery(
   CLKB:63.000 us, CLKA:63.000 us,1.000 ns)

WARNING:Simulator:29 - at 63.000 us: Warning: Timing violation in
   /network_proc_full_tb/uut/fifo_instance/ram_inst/inst/  $recovery(
   CLKA:63.000 us, CLKB:63.000 us,1.000 ns)

WARNING:Simulator:29 - at 63.000 us: Warning: Timing violation in
   /network_proc_full_tb/uut/gpu_instance/ICache/inst/  $recovery( CLKB:63.000
   us, CLKA:63.000 us,1.000 ns)

WARNING:Simulator:29 - at 63.000 us: Warning: Timing violation in
   /network_proc_full_tb/uut/gpu_instance/ICache/inst/  $recovery( CLKA:63.000
   us, CLKB:63.000 us,1.000 ns)

WARNING:Simulator:29 - at 63.100 us: Warning: Timing violation in
   /network_proc_full_tb/uut/fifo_instance/ram_inst/inst/  $recovery(
   CLKB:63.100 us, CLKA:63.100 us,1.000 ns)

WARNING:Simulator:29 - at 63.100 us: Warning: Timing violation in
   /network_proc_full_tb/uut/fifo_instance/ram_inst/inst/  $recovery(
   CLKA:63.100 us, CLKB:63.100 us,1.000 ns)

WARNING:Simulator:29 - at 63.100 us: Warning: Timing violation in
   /network_proc_full_tb/uut/gpu_instance/ICache/inst/  $recovery( CLKB:63.100
   us, CLKA:63.100 us,1.000 ns)

WARNING:Simulator:29 - at 63.100 us: Warning: Timing violation in
   /network_proc_full_tb/uut/gpu_instance/ICache/inst/  $recovery( CLKA:63.100
   us, CLKB:63.100 us,1.000 ns)

WARNING:Simulator:29 - at 63.200 us: Warning: Timing violation in
   /network_proc_full_tb/uut/fifo_instance/ram_inst/inst/  $recovery(
   CLKB:63.200 us, CLKA:63.200 us,1.000 ns)

WARNING:Simulator:29 - at 63.200 us: Warning: Timing violation in
   /network_proc_full_tb/uut/fifo_instance/ram_inst/inst/  $recovery(
   CLKA:63.200 us, CLKB:63.200 us,1.000 ns)

WARNING:Simulator:29 - at 63.200 us: Warning: Timing violation in
   /network_proc_full_tb/uut/gpu_instance/ICache/inst/  $recovery( CLKB:63.200
   us, CLKA:63.200 us,1.000 ns)

WARNING:Simulator:29 - at 63.200 us: Warning: Timing violation in
   /network_proc_full_tb/uut/gpu_instance/ICache/inst/  $recovery( CLKA:63.200
   us, CLKB:63.200 us,1.000 ns)

WARNING:Simulator:29 - at 63.300 us: Warning: Timing violation in
   /network_proc_full_tb/uut/fifo_instance/ram_inst/inst/  $recovery(
   CLKB:63.300 us, CLKA:63.300 us,1.000 ns)

WARNING:Simulator:29 - at 63.300 us: Warning: Timing violation in
   /network_proc_full_tb/uut/fifo_instance/ram_inst/inst/  $recovery(
   CLKA:63.300 us, CLKB:63.300 us,1.000 ns)

WARNING:Simulator:29 - at 63.300 us: Warning: Timing violation in
   /network_proc_full_tb/uut/gpu_instance/ICache/inst/  $recovery( CLKB:63.300
   us, CLKA:63.300 us,1.000 ns)

WARNING:Simulator:29 - at 63.300 us: Warning: Timing violation in
   /network_proc_full_tb/uut/gpu_instance/ICache/inst/  $recovery( CLKA:63.300
   us, CLKB:63.300 us,1.000 ns)

WARNING:Simulator:29 - at 63.400 us: Warning: Timing violation in
   /network_proc_full_tb/uut/fifo_instance/ram_inst/inst/  $recovery(
   CLKB:63.400 us, CLKA:63.400 us,1.000 ns)

WARNING:Simulator:29 - at 63.400 us: Warning: Timing violation in
   /network_proc_full_tb/uut/fifo_instance/ram_inst/inst/  $recovery(
   CLKA:63.400 us, CLKB:63.400 us,1.000 ns)

WARNING:Simulator:29 - at 63.400 us: Warning: Timing violation in
   /network_proc_full_tb/uut/gpu_instance/ICache/inst/  $recovery( CLKB:63.400
   us, CLKA:63.400 us,1.000 ns)

WARNING:Simulator:29 - at 63.400 us: Warning: Timing violation in
   /network_proc_full_tb/uut/gpu_instance/ICache/inst/  $recovery( CLKA:63.400
   us, CLKB:63.400 us,1.000 ns)

WARNING:Simulator:29 - at 63.500 us: Warning: Timing violation in
   /network_proc_full_tb/uut/fifo_instance/ram_inst/inst/  $recovery(
   CLKB:63.500 us, CLKA:63.500 us,1.000 ns)

WARNING:Simulator:29 - at 63.500 us: Warning: Timing violation in
   /network_proc_full_tb/uut/fifo_instance/ram_inst/inst/  $recovery(
   CLKA:63.500 us, CLKB:63.500 us,1.000 ns)

WARNING:Simulator:29 - at 63.500 us: Warning: Timing violation in
   /network_proc_full_tb/uut/gpu_instance/ICache/inst/  $recovery( CLKB:63.500
   us, CLKA:63.500 us,1.000 ns)

WARNING:Simulator:29 - at 63.500 us: Warning: Timing violation in
   /network_proc_full_tb/uut/gpu_instance/ICache/inst/  $recovery( CLKA:63.500
   us, CLKB:63.500 us,1.000 ns)

WARNING:Simulator:29 - at 63.600 us: Warning: Timing violation in
   /network_proc_full_tb/uut/fifo_instance/ram_inst/inst/  $recovery(
   CLKB:63.600 us, CLKA:63.600 us,1.000 ns)

WARNING:Simulator:29 - at 63.600 us: Warning: Timing violation in
   /network_proc_full_tb/uut/fifo_instance/ram_inst/inst/  $recovery(
   CLKA:63.600 us, CLKB:63.600 us,1.000 ns)

WARNING:Simulator:29 - at 63.600 us: Warning: Timing violation in
   /network_proc_full_tb/uut/gpu_instance/ICache/inst/  $recovery( CLKB:63.600
   us, CLKA:63.600 us,1.000 ns)

WARNING:Simulator:29 - at 63.600 us: Warning: Timing violation in
   /network_proc_full_tb/uut/gpu_instance/ICache/inst/  $recovery( CLKA:63.600
   us, CLKB:63.600 us,1.000 ns)

WARNING:Simulator:29 - at 63.700 us: Warning: Timing violation in
   /network_proc_full_tb/uut/fifo_instance/ram_inst/inst/  $recovery(
   CLKB:63.700 us, CLKA:63.700 us,1.000 ns)

WARNING:Simulator:29 - at 63.700 us: Warning: Timing violation in
   /network_proc_full_tb/uut/fifo_instance/ram_inst/inst/  $recovery(
   CLKA:63.700 us, CLKB:63.700 us,1.000 ns)

WARNING:Simulator:29 - at 63.700 us: Warning: Timing violation in
   /network_proc_full_tb/uut/gpu_instance/ICache/inst/  $recovery( CLKB:63.700
   us, CLKA:63.700 us,1.000 ns)

WARNING:Simulator:29 - at 63.700 us: Warning: Timing violation in
   /network_proc_full_tb/uut/gpu_instance/ICache/inst/  $recovery( CLKA:63.700
   us, CLKB:63.700 us,1.000 ns)

WARNING:Simulator:29 - at 63.800 us: Warning: Timing violation in
   /network_proc_full_tb/uut/fifo_instance/ram_inst/inst/  $recovery(
   CLKB:63.800 us, CLKA:63.800 us,1.000 ns)

WARNING:Simulator:29 - at 63.800 us: Warning: Timing violation in
   /network_proc_full_tb/uut/fifo_instance/ram_inst/inst/  $recovery(
   CLKA:63.800 us, CLKB:63.800 us,1.000 ns)

WARNING:Simulator:29 - at 63.800 us: Warning: Timing violation in
   /network_proc_full_tb/uut/gpu_instance/ICache/inst/  $recovery( CLKB:63.800
   us, CLKA:63.800 us,1.000 ns)

WARNING:Simulator:29 - at 63.800 us: Warning: Timing violation in
   /network_proc_full_tb/uut/gpu_instance/ICache/inst/  $recovery( CLKA:63.800
   us, CLKB:63.800 us,1.000 ns)

WARNING:Simulator:29 - at 63.900 us: Warning: Timing violation in
   /network_proc_full_tb/uut/fifo_instance/ram_inst/inst/  $recovery(
   CLKB:63.900 us, CLKA:63.900 us,1.000 ns)

WARNING:Simulator:29 - at 63.900 us: Warning: Timing violation in
   /network_proc_full_tb/uut/fifo_instance/ram_inst/inst/  $recovery(
   CLKA:63.900 us, CLKB:63.900 us,1.000 ns)

WARNING:Simulator:29 - at 63.900 us: Warning: Timing violation in
   /network_proc_full_tb/uut/gpu_instance/ICache/inst/  $recovery( CLKB:63.900
   us, CLKA:63.900 us,1.000 ns)

WARNING:Simulator:29 - at 63.900 us: Warning: Timing violation in
   /network_proc_full_tb/uut/gpu_instance/ICache/inst/  $recovery( CLKA:63.900
   us, CLKB:63.900 us,1.000 ns)

WARNING:Simulator:29 - at 64.000 us: Warning: Timing violation in
   /network_proc_full_tb/uut/fifo_instance/ram_inst/inst/  $recovery(
   CLKB:64.000 us, CLKA:64.000 us,1.000 ns)

WARNING:Simulator:29 - at 64.000 us: Warning: Timing violation in
   /network_proc_full_tb/uut/fifo_instance/ram_inst/inst/  $recovery(
   CLKA:64.000 us, CLKB:64.000 us,1.000 ns)

WARNING:Simulator:29 - at 64.000 us: Warning: Timing violation in
   /network_proc_full_tb/uut/gpu_instance/ICache/inst/  $recovery( CLKB:64.000
   us, CLKA:64.000 us,1.000 ns)

WARNING:Simulator:29 - at 64.000 us: Warning: Timing violation in
   /network_proc_full_tb/uut/gpu_instance/ICache/inst/  $recovery( CLKA:64.000
   us, CLKB:64.000 us,1.000 ns)

WARNING:Simulator:29 - at 64.100 us: Warning: Timing violation in
   /network_proc_full_tb/uut/fifo_instance/ram_inst/inst/  $recovery(
   CLKB:64.100 us, CLKA:64.100 us,1.000 ns)

WARNING:Simulator:29 - at 64.100 us: Warning: Timing violation in
   /network_proc_full_tb/uut/fifo_instance/ram_inst/inst/  $recovery(
   CLKA:64.100 us, CLKB:64.100 us,1.000 ns)

WARNING:Simulator:29 - at 64.100 us: Warning: Timing violation in
   /network_proc_full_tb/uut/gpu_instance/ICache/inst/  $recovery( CLKB:64.100
   us, CLKA:64.100 us,1.000 ns)

WARNING:Simulator:29 - at 64.100 us: Warning: Timing violation in
   /network_proc_full_tb/uut/gpu_instance/ICache/inst/  $recovery( CLKA:64.100
   us, CLKB:64.100 us,1.000 ns)

WARNING:Simulator:29 - at 64.200 us: Warning: Timing violation in
   /network_proc_full_tb/uut/fifo_instance/ram_inst/inst/  $recovery(
   CLKB:64.200 us, CLKA:64.200 us,1.000 ns)

WARNING:Simulator:29 - at 64.200 us: Warning: Timing violation in
   /network_proc_full_tb/uut/fifo_instance/ram_inst/inst/  $recovery(
   CLKA:64.200 us, CLKB:64.200 us,1.000 ns)

WARNING:Simulator:29 - at 64.200 us: Warning: Timing violation in
   /network_proc_full_tb/uut/gpu_instance/ICache/inst/  $recovery( CLKB:64.200
   us, CLKA:64.200 us,1.000 ns)

WARNING:Simulator:29 - at 64.200 us: Warning: Timing violation in
   /network_proc_full_tb/uut/gpu_instance/ICache/inst/  $recovery( CLKA:64.200
   us, CLKB:64.200 us,1.000 ns)

WARNING:Simulator:29 - at 64.300 us: Warning: Timing violation in
   /network_proc_full_tb/uut/fifo_instance/ram_inst/inst/  $recovery(
   CLKB:64.300 us, CLKA:64.300 us,1.000 ns)

WARNING:Simulator:29 - at 64.300 us: Warning: Timing violation in
   /network_proc_full_tb/uut/fifo_instance/ram_inst/inst/  $recovery(
   CLKA:64.300 us, CLKB:64.300 us,1.000 ns)

WARNING:Simulator:29 - at 64.300 us: Warning: Timing violation in
   /network_proc_full_tb/uut/gpu_instance/ICache/inst/  $recovery( CLKB:64.300
   us, CLKA:64.300 us,1.000 ns)

WARNING:Simulator:29 - at 64.300 us: Warning: Timing violation in
   /network_proc_full_tb/uut/gpu_instance/ICache/inst/  $recovery( CLKA:64.300
   us, CLKB:64.300 us,1.000 ns)

WARNING:Simulator:29 - at 64.400 us: Warning: Timing violation in
   /network_proc_full_tb/uut/fifo_instance/ram_inst/inst/  $recovery(
   CLKB:64.400 us, CLKA:64.400 us,1.000 ns)

WARNING:Simulator:29 - at 64.400 us: Warning: Timing violation in
   /network_proc_full_tb/uut/fifo_instance/ram_inst/inst/  $recovery(
   CLKA:64.400 us, CLKB:64.400 us,1.000 ns)

WARNING:Simulator:29 - at 64.400 us: Warning: Timing violation in
   /network_proc_full_tb/uut/gpu_instance/ICache/inst/  $recovery( CLKB:64.400
   us, CLKA:64.400 us,1.000 ns)

WARNING:Simulator:29 - at 64.400 us: Warning: Timing violation in
   /network_proc_full_tb/uut/gpu_instance/ICache/inst/  $recovery( CLKA:64.400
   us, CLKB:64.400 us,1.000 ns)

WARNING:Simulator:29 - at 64.500 us: Warning: Timing violation in
   /network_proc_full_tb/uut/fifo_instance/ram_inst/inst/  $recovery(
   CLKB:64.500 us, CLKA:64.500 us,1.000 ns)

WARNING:Simulator:29 - at 64.500 us: Warning: Timing violation in
   /network_proc_full_tb/uut/fifo_instance/ram_inst/inst/  $recovery(
   CLKA:64.500 us, CLKB:64.500 us,1.000 ns)

WARNING:Simulator:29 - at 64.500 us: Warning: Timing violation in
   /network_proc_full_tb/uut/gpu_instance/ICache/inst/  $recovery( CLKB:64.500
   us, CLKA:64.500 us,1.000 ns)

WARNING:Simulator:29 - at 64.500 us: Warning: Timing violation in
   /network_proc_full_tb/uut/gpu_instance/ICache/inst/  $recovery( CLKA:64.500
   us, CLKB:64.500 us,1.000 ns)

WARNING:Simulator:29 - at 64.600 us: Warning: Timing violation in
   /network_proc_full_tb/uut/fifo_instance/ram_inst/inst/  $recovery(
   CLKB:64.600 us, CLKA:64.600 us,1.000 ns)

WARNING:Simulator:29 - at 64.600 us: Warning: Timing violation in
   /network_proc_full_tb/uut/fifo_instance/ram_inst/inst/  $recovery(
   CLKA:64.600 us, CLKB:64.600 us,1.000 ns)

WARNING:Simulator:29 - at 64.600 us: Warning: Timing violation in
   /network_proc_full_tb/uut/gpu_instance/ICache/inst/  $recovery( CLKB:64.600
   us, CLKA:64.600 us,1.000 ns)

WARNING:Simulator:29 - at 64.600 us: Warning: Timing violation in
   /network_proc_full_tb/uut/gpu_instance/ICache/inst/  $recovery( CLKA:64.600
   us, CLKB:64.600 us,1.000 ns)

WARNING:Simulator:29 - at 64.700 us: Warning: Timing violation in
   /network_proc_full_tb/uut/fifo_instance/ram_inst/inst/  $recovery(
   CLKB:64.700 us, CLKA:64.700 us,1.000 ns)

WARNING:Simulator:29 - at 64.700 us: Warning: Timing violation in
   /network_proc_full_tb/uut/fifo_instance/ram_inst/inst/  $recovery(
   CLKA:64.700 us, CLKB:64.700 us,1.000 ns)

WARNING:Simulator:29 - at 64.700 us: Warning: Timing violation in
   /network_proc_full_tb/uut/gpu_instance/ICache/inst/  $recovery( CLKB:64.700
   us, CLKA:64.700 us,1.000 ns)

WARNING:Simulator:29 - at 64.700 us: Warning: Timing violation in
   /network_proc_full_tb/uut/gpu_instance/ICache/inst/  $recovery( CLKA:64.700
   us, CLKB:64.700 us,1.000 ns)

WARNING:Simulator:29 - at 64.800 us: Warning: Timing violation in
   /network_proc_full_tb/uut/fifo_instance/ram_inst/inst/  $recovery(
   CLKB:64.800 us, CLKA:64.800 us,1.000 ns)

WARNING:Simulator:29 - at 64.800 us: Warning: Timing violation in
   /network_proc_full_tb/uut/fifo_instance/ram_inst/inst/  $recovery(
   CLKA:64.800 us, CLKB:64.800 us,1.000 ns)

WARNING:Simulator:29 - at 64.800 us: Warning: Timing violation in
   /network_proc_full_tb/uut/gpu_instance/ICache/inst/  $recovery( CLKB:64.800
   us, CLKA:64.800 us,1.000 ns)

WARNING:Simulator:29 - at 64.800 us: Warning: Timing violation in
   /network_proc_full_tb/uut/gpu_instance/ICache/inst/  $recovery( CLKA:64.800
   us, CLKB:64.800 us,1.000 ns)

WARNING:Simulator:29 - at 64.900 us: Warning: Timing violation in
   /network_proc_full_tb/uut/fifo_instance/ram_inst/inst/  $recovery(
   CLKB:64.900 us, CLKA:64.900 us,1.000 ns)

WARNING:Simulator:29 - at 64.900 us: Warning: Timing violation in
   /network_proc_full_tb/uut/fifo_instance/ram_inst/inst/  $recovery(
   CLKA:64.900 us, CLKB:64.900 us,1.000 ns)

WARNING:Simulator:29 - at 64.900 us: Warning: Timing violation in
   /network_proc_full_tb/uut/gpu_instance/ICache/inst/  $recovery( CLKB:64.900
   us, CLKA:64.900 us,1.000 ns)

WARNING:Simulator:29 - at 64.900 us: Warning: Timing violation in
   /network_proc_full_tb/uut/gpu_instance/ICache/inst/  $recovery( CLKA:64.900
   us, CLKB:64.900 us,1.000 ns)

WARNING:Simulator:29 - at 65.000 us: Warning: Timing violation in
   /network_proc_full_tb/uut/fifo_instance/ram_inst/inst/  $recovery(
   CLKB:65.000 us, CLKA:65.000 us,1.000 ns)

WARNING:Simulator:29 - at 65.000 us: Warning: Timing violation in
   /network_proc_full_tb/uut/fifo_instance/ram_inst/inst/  $recovery(
   CLKA:65.000 us, CLKB:65.000 us,1.000 ns)

WARNING:Simulator:29 - at 65.000 us: Warning: Timing violation in
   /network_proc_full_tb/uut/gpu_instance/ICache/inst/  $recovery( CLKB:65.000
   us, CLKA:65.000 us,1.000 ns)

WARNING:Simulator:29 - at 65.000 us: Warning: Timing violation in
   /network_proc_full_tb/uut/gpu_instance/ICache/inst/  $recovery( CLKA:65.000
   us, CLKB:65.000 us,1.000 ns)

WARNING:Simulator:29 - at 65.100 us: Warning: Timing violation in
   /network_proc_full_tb/uut/fifo_instance/ram_inst/inst/  $recovery(
   CLKB:65.100 us, CLKA:65.100 us,1.000 ns)

WARNING:Simulator:29 - at 65.100 us: Warning: Timing violation in
   /network_proc_full_tb/uut/fifo_instance/ram_inst/inst/  $recovery(
   CLKA:65.100 us, CLKB:65.100 us,1.000 ns)

WARNING:Simulator:29 - at 65.100 us: Warning: Timing violation in
   /network_proc_full_tb/uut/gpu_instance/ICache/inst/  $recovery( CLKB:65.100
   us, CLKA:65.100 us,1.000 ns)

WARNING:Simulator:29 - at 65.100 us: Warning: Timing violation in
   /network_proc_full_tb/uut/gpu_instance/ICache/inst/  $recovery( CLKA:65.100
   us, CLKB:65.100 us,1.000 ns)

WARNING:Simulator:29 - at 65.200 us: Warning: Timing violation in
   /network_proc_full_tb/uut/fifo_instance/ram_inst/inst/  $recovery(
   CLKB:65.200 us, CLKA:65.200 us,1.000 ns)

WARNING:Simulator:29 - at 65.200 us: Warning: Timing violation in
   /network_proc_full_tb/uut/fifo_instance/ram_inst/inst/  $recovery(
   CLKA:65.200 us, CLKB:65.200 us,1.000 ns)

WARNING:Simulator:29 - at 65.200 us: Warning: Timing violation in
   /network_proc_full_tb/uut/gpu_instance/ICache/inst/  $recovery( CLKB:65.200
   us, CLKA:65.200 us,1.000 ns)

WARNING:Simulator:29 - at 65.200 us: Warning: Timing violation in
   /network_proc_full_tb/uut/gpu_instance/ICache/inst/  $recovery( CLKA:65.200
   us, CLKB:65.200 us,1.000 ns)

WARNING:Simulator:29 - at 65.300 us: Warning: Timing violation in
   /network_proc_full_tb/uut/fifo_instance/ram_inst/inst/  $recovery(
   CLKB:65.300 us, CLKA:65.300 us,1.000 ns)

WARNING:Simulator:29 - at 65.300 us: Warning: Timing violation in
   /network_proc_full_tb/uut/fifo_instance/ram_inst/inst/  $recovery(
   CLKA:65.300 us, CLKB:65.300 us,1.000 ns)

WARNING:Simulator:29 - at 65.300 us: Warning: Timing violation in
   /network_proc_full_tb/uut/gpu_instance/ICache/inst/  $recovery( CLKB:65.300
   us, CLKA:65.300 us,1.000 ns)

WARNING:Simulator:29 - at 65.300 us: Warning: Timing violation in
   /network_proc_full_tb/uut/gpu_instance/ICache/inst/  $recovery( CLKA:65.300
   us, CLKB:65.300 us,1.000 ns)

WARNING:Simulator:29 - at 65.400 us: Warning: Timing violation in
   /network_proc_full_tb/uut/fifo_instance/ram_inst/inst/  $recovery(
   CLKB:65.400 us, CLKA:65.400 us,1.000 ns)

WARNING:Simulator:29 - at 65.400 us: Warning: Timing violation in
   /network_proc_full_tb/uut/fifo_instance/ram_inst/inst/  $recovery(
   CLKA:65.400 us, CLKB:65.400 us,1.000 ns)

WARNING:Simulator:29 - at 65.400 us: Warning: Timing violation in
   /network_proc_full_tb/uut/gpu_instance/ICache/inst/  $recovery( CLKB:65.400
   us, CLKA:65.400 us,1.000 ns)

WARNING:Simulator:29 - at 65.400 us: Warning: Timing violation in
   /network_proc_full_tb/uut/gpu_instance/ICache/inst/  $recovery( CLKA:65.400
   us, CLKB:65.400 us,1.000 ns)

WARNING:Simulator:29 - at 65.500 us: Warning: Timing violation in
   /network_proc_full_tb/uut/fifo_instance/ram_inst/inst/  $recovery(
   CLKB:65.500 us, CLKA:65.500 us,1.000 ns)

WARNING:Simulator:29 - at 65.500 us: Warning: Timing violation in
   /network_proc_full_tb/uut/fifo_instance/ram_inst/inst/  $recovery(
   CLKA:65.500 us, CLKB:65.500 us,1.000 ns)

WARNING:Simulator:29 - at 65.500 us: Warning: Timing violation in
   /network_proc_full_tb/uut/gpu_instance/ICache/inst/  $recovery( CLKB:65.500
   us, CLKA:65.500 us,1.000 ns)

WARNING:Simulator:29 - at 65.500 us: Warning: Timing violation in
   /network_proc_full_tb/uut/gpu_instance/ICache/inst/  $recovery( CLKA:65.500
   us, CLKB:65.500 us,1.000 ns)

WARNING:Simulator:29 - at 65.600 us: Warning: Timing violation in
   /network_proc_full_tb/uut/fifo_instance/ram_inst/inst/  $recovery(
   CLKB:65.600 us, CLKA:65.600 us,1.000 ns)

WARNING:Simulator:29 - at 65.600 us: Warning: Timing violation in
   /network_proc_full_tb/uut/fifo_instance/ram_inst/inst/  $recovery(
   CLKA:65.600 us, CLKB:65.600 us,1.000 ns)

WARNING:Simulator:29 - at 65.600 us: Warning: Timing violation in
   /network_proc_full_tb/uut/gpu_instance/ICache/inst/  $recovery( CLKB:65.600
   us, CLKA:65.600 us,1.000 ns)

WARNING:Simulator:29 - at 65.600 us: Warning: Timing violation in
   /network_proc_full_tb/uut/gpu_instance/ICache/inst/  $recovery( CLKA:65.600
   us, CLKB:65.600 us,1.000 ns)

WARNING:Simulator:29 - at 65.700 us: Warning: Timing violation in
   /network_proc_full_tb/uut/fifo_instance/ram_inst/inst/  $recovery(
   CLKB:65.700 us, CLKA:65.700 us,1.000 ns)

WARNING:Simulator:29 - at 65.700 us: Warning: Timing violation in
   /network_proc_full_tb/uut/fifo_instance/ram_inst/inst/  $recovery(
   CLKA:65.700 us, CLKB:65.700 us,1.000 ns)

WARNING:Simulator:29 - at 65.700 us: Warning: Timing violation in
   /network_proc_full_tb/uut/gpu_instance/ICache/inst/  $recovery( CLKB:65.700
   us, CLKA:65.700 us,1.000 ns)

WARNING:Simulator:29 - at 65.700 us: Warning: Timing violation in
   /network_proc_full_tb/uut/gpu_instance/ICache/inst/  $recovery( CLKA:65.700
   us, CLKB:65.700 us,1.000 ns)

WARNING:Simulator:29 - at 65.800 us: Warning: Timing violation in
   /network_proc_full_tb/uut/fifo_instance/ram_inst/inst/  $recovery(
   CLKB:65.800 us, CLKA:65.800 us,1.000 ns)

WARNING:Simulator:29 - at 65.800 us: Warning: Timing violation in
   /network_proc_full_tb/uut/fifo_instance/ram_inst/inst/  $recovery(
   CLKA:65.800 us, CLKB:65.800 us,1.000 ns)

WARNING:Simulator:29 - at 65.800 us: Warning: Timing violation in
   /network_proc_full_tb/uut/gpu_instance/ICache/inst/  $recovery( CLKB:65.800
   us, CLKA:65.800 us,1.000 ns)

WARNING:Simulator:29 - at 65.800 us: Warning: Timing violation in
   /network_proc_full_tb/uut/gpu_instance/ICache/inst/  $recovery( CLKA:65.800
   us, CLKB:65.800 us,1.000 ns)

WARNING:Simulator:29 - at 65.900 us: Warning: Timing violation in
   /network_proc_full_tb/uut/fifo_instance/ram_inst/inst/  $recovery(
   CLKB:65.900 us, CLKA:65.900 us,1.000 ns)

WARNING:Simulator:29 - at 65.900 us: Warning: Timing violation in
   /network_proc_full_tb/uut/fifo_instance/ram_inst/inst/  $recovery(
   CLKA:65.900 us, CLKB:65.900 us,1.000 ns)

WARNING:Simulator:29 - at 65.900 us: Warning: Timing violation in
   /network_proc_full_tb/uut/gpu_instance/ICache/inst/  $recovery( CLKB:65.900
   us, CLKA:65.900 us,1.000 ns)

WARNING:Simulator:29 - at 65.900 us: Warning: Timing violation in
   /network_proc_full_tb/uut/gpu_instance/ICache/inst/  $recovery( CLKA:65.900
   us, CLKB:65.900 us,1.000 ns)

WARNING:Simulator:29 - at 66.000 us: Warning: Timing violation in
   /network_proc_full_tb/uut/fifo_instance/ram_inst/inst/  $recovery(
   CLKB:66.000 us, CLKA:66.000 us,1.000 ns)

WARNING:Simulator:29 - at 66.000 us: Warning: Timing violation in
   /network_proc_full_tb/uut/fifo_instance/ram_inst/inst/  $recovery(
   CLKA:66.000 us, CLKB:66.000 us,1.000 ns)

WARNING:Simulator:29 - at 66.000 us: Warning: Timing violation in
   /network_proc_full_tb/uut/gpu_instance/ICache/inst/  $recovery( CLKB:66.000
   us, CLKA:66.000 us,1.000 ns)

WARNING:Simulator:29 - at 66.000 us: Warning: Timing violation in
   /network_proc_full_tb/uut/gpu_instance/ICache/inst/  $recovery( CLKA:66.000
   us, CLKB:66.000 us,1.000 ns)

WARNING:Simulator:29 - at 66.100 us: Warning: Timing violation in
   /network_proc_full_tb/uut/fifo_instance/ram_inst/inst/  $recovery(
   CLKB:66.100 us, CLKA:66.100 us,1.000 ns)

WARNING:Simulator:29 - at 66.100 us: Warning: Timing violation in
   /network_proc_full_tb/uut/fifo_instance/ram_inst/inst/  $recovery(
   CLKA:66.100 us, CLKB:66.100 us,1.000 ns)

WARNING:Simulator:29 - at 66.100 us: Warning: Timing violation in
   /network_proc_full_tb/uut/gpu_instance/ICache/inst/  $recovery( CLKB:66.100
   us, CLKA:66.100 us,1.000 ns)

WARNING:Simulator:29 - at 66.100 us: Warning: Timing violation in
   /network_proc_full_tb/uut/gpu_instance/ICache/inst/  $recovery( CLKA:66.100
   us, CLKB:66.100 us,1.000 ns)

WARNING:Simulator:29 - at 66.200 us: Warning: Timing violation in
   /network_proc_full_tb/uut/fifo_instance/ram_inst/inst/  $recovery(
   CLKB:66.200 us, CLKA:66.200 us,1.000 ns)

WARNING:Simulator:29 - at 66.200 us: Warning: Timing violation in
   /network_proc_full_tb/uut/fifo_instance/ram_inst/inst/  $recovery(
   CLKA:66.200 us, CLKB:66.200 us,1.000 ns)

WARNING:Simulator:29 - at 66.200 us: Warning: Timing violation in
   /network_proc_full_tb/uut/gpu_instance/ICache/inst/  $recovery( CLKB:66.200
   us, CLKA:66.200 us,1.000 ns)

WARNING:Simulator:29 - at 66.200 us: Warning: Timing violation in
   /network_proc_full_tb/uut/gpu_instance/ICache/inst/  $recovery( CLKA:66.200
   us, CLKB:66.200 us,1.000 ns)

WARNING:Simulator:29 - at 66.300 us: Warning: Timing violation in
   /network_proc_full_tb/uut/fifo_instance/ram_inst/inst/  $recovery(
   CLKB:66.300 us, CLKA:66.300 us,1.000 ns)

WARNING:Simulator:29 - at 66.300 us: Warning: Timing violation in
   /network_proc_full_tb/uut/fifo_instance/ram_inst/inst/  $recovery(
   CLKA:66.300 us, CLKB:66.300 us,1.000 ns)

WARNING:Simulator:29 - at 66.300 us: Warning: Timing violation in
   /network_proc_full_tb/uut/gpu_instance/ICache/inst/  $recovery( CLKB:66.300
   us, CLKA:66.300 us,1.000 ns)

WARNING:Simulator:29 - at 66.300 us: Warning: Timing violation in
   /network_proc_full_tb/uut/gpu_instance/ICache/inst/  $recovery( CLKA:66.300
   us, CLKB:66.300 us,1.000 ns)

WARNING:Simulator:29 - at 66.400 us: Warning: Timing violation in
   /network_proc_full_tb/uut/fifo_instance/ram_inst/inst/  $recovery(
   CLKB:66.400 us, CLKA:66.400 us,1.000 ns)

WARNING:Simulator:29 - at 66.400 us: Warning: Timing violation in
   /network_proc_full_tb/uut/fifo_instance/ram_inst/inst/  $recovery(
   CLKA:66.400 us, CLKB:66.400 us,1.000 ns)

WARNING:Simulator:29 - at 66.400 us: Warning: Timing violation in
   /network_proc_full_tb/uut/gpu_instance/ICache/inst/  $recovery( CLKB:66.400
   us, CLKA:66.400 us,1.000 ns)

WARNING:Simulator:29 - at 66.400 us: Warning: Timing violation in
   /network_proc_full_tb/uut/gpu_instance/ICache/inst/  $recovery( CLKA:66.400
   us, CLKB:66.400 us,1.000 ns)

WARNING:Simulator:29 - at 66.500 us: Warning: Timing violation in
   /network_proc_full_tb/uut/fifo_instance/ram_inst/inst/  $recovery(
   CLKB:66.500 us, CLKA:66.500 us,1.000 ns)

WARNING:Simulator:29 - at 66.500 us: Warning: Timing violation in
   /network_proc_full_tb/uut/fifo_instance/ram_inst/inst/  $recovery(
   CLKA:66.500 us, CLKB:66.500 us,1.000 ns)

WARNING:Simulator:29 - at 66.500 us: Warning: Timing violation in
   /network_proc_full_tb/uut/gpu_instance/ICache/inst/  $recovery( CLKB:66.500
   us, CLKA:66.500 us,1.000 ns)

WARNING:Simulator:29 - at 66.500 us: Warning: Timing violation in
   /network_proc_full_tb/uut/gpu_instance/ICache/inst/  $recovery( CLKA:66.500
   us, CLKB:66.500 us,1.000 ns)

WARNING:Simulator:29 - at 66.600 us: Warning: Timing violation in
   /network_proc_full_tb/uut/fifo_instance/ram_inst/inst/  $recovery(
   CLKB:66.600 us, CLKA:66.600 us,1.000 ns)

WARNING:Simulator:29 - at 66.600 us: Warning: Timing violation in
   /network_proc_full_tb/uut/fifo_instance/ram_inst/inst/  $recovery(
   CLKA:66.600 us, CLKB:66.600 us,1.000 ns)

WARNING:Simulator:29 - at 66.600 us: Warning: Timing violation in
   /network_proc_full_tb/uut/gpu_instance/ICache/inst/  $recovery( CLKB:66.600
   us, CLKA:66.600 us,1.000 ns)

WARNING:Simulator:29 - at 66.600 us: Warning: Timing violation in
   /network_proc_full_tb/uut/gpu_instance/ICache/inst/  $recovery( CLKA:66.600
   us, CLKB:66.600 us,1.000 ns)

WARNING:Simulator:29 - at 66.700 us: Warning: Timing violation in
   /network_proc_full_tb/uut/fifo_instance/ram_inst/inst/  $recovery(
   CLKB:66.700 us, CLKA:66.700 us,1.000 ns)

WARNING:Simulator:29 - at 66.700 us: Warning: Timing violation in
   /network_proc_full_tb/uut/fifo_instance/ram_inst/inst/  $recovery(
   CLKA:66.700 us, CLKB:66.700 us,1.000 ns)

WARNING:Simulator:29 - at 66.700 us: Warning: Timing violation in
   /network_proc_full_tb/uut/gpu_instance/ICache/inst/  $recovery( CLKB:66.700
   us, CLKA:66.700 us,1.000 ns)

WARNING:Simulator:29 - at 66.700 us: Warning: Timing violation in
   /network_proc_full_tb/uut/gpu_instance/ICache/inst/  $recovery( CLKA:66.700
   us, CLKB:66.700 us,1.000 ns)

WARNING:Simulator:29 - at 66.800 us: Warning: Timing violation in
   /network_proc_full_tb/uut/fifo_instance/ram_inst/inst/  $recovery(
   CLKB:66.800 us, CLKA:66.800 us,1.000 ns)

WARNING:Simulator:29 - at 66.800 us: Warning: Timing violation in
   /network_proc_full_tb/uut/fifo_instance/ram_inst/inst/  $recovery(
   CLKA:66.800 us, CLKB:66.800 us,1.000 ns)

WARNING:Simulator:29 - at 66.800 us: Warning: Timing violation in
   /network_proc_full_tb/uut/gpu_instance/ICache/inst/  $recovery( CLKB:66.800
   us, CLKA:66.800 us,1.000 ns)

WARNING:Simulator:29 - at 66.800 us: Warning: Timing violation in
   /network_proc_full_tb/uut/gpu_instance/ICache/inst/  $recovery( CLKA:66.800
   us, CLKB:66.800 us,1.000 ns)

WARNING:Simulator:29 - at 66.900 us: Warning: Timing violation in
   /network_proc_full_tb/uut/fifo_instance/ram_inst/inst/  $recovery(
   CLKB:66.900 us, CLKA:66.900 us,1.000 ns)

WARNING:Simulator:29 - at 66.900 us: Warning: Timing violation in
   /network_proc_full_tb/uut/fifo_instance/ram_inst/inst/  $recovery(
   CLKA:66.900 us, CLKB:66.900 us,1.000 ns)

WARNING:Simulator:29 - at 66.900 us: Warning: Timing violation in
   /network_proc_full_tb/uut/gpu_instance/ICache/inst/  $recovery( CLKB:66.900
   us, CLKA:66.900 us,1.000 ns)

WARNING:Simulator:29 - at 66.900 us: Warning: Timing violation in
   /network_proc_full_tb/uut/gpu_instance/ICache/inst/  $recovery( CLKA:66.900
   us, CLKB:66.900 us,1.000 ns)

WARNING:Simulator:29 - at 67.000 us: Warning: Timing violation in
   /network_proc_full_tb/uut/fifo_instance/ram_inst/inst/  $recovery(
   CLKB:67.000 us, CLKA:67.000 us,1.000 ns)

WARNING:Simulator:29 - at 67.000 us: Warning: Timing violation in
   /network_proc_full_tb/uut/fifo_instance/ram_inst/inst/  $recovery(
   CLKA:67.000 us, CLKB:67.000 us,1.000 ns)

WARNING:Simulator:29 - at 67.000 us: Warning: Timing violation in
   /network_proc_full_tb/uut/gpu_instance/ICache/inst/  $recovery( CLKB:67.000
   us, CLKA:67.000 us,1.000 ns)

WARNING:Simulator:29 - at 67.000 us: Warning: Timing violation in
   /network_proc_full_tb/uut/gpu_instance/ICache/inst/  $recovery( CLKA:67.000
   us, CLKB:67.000 us,1.000 ns)

WARNING:Simulator:29 - at 67.100 us: Warning: Timing violation in
   /network_proc_full_tb/uut/fifo_instance/ram_inst/inst/  $recovery(
   CLKB:67.100 us, CLKA:67.100 us,1.000 ns)

WARNING:Simulator:29 - at 67.100 us: Warning: Timing violation in
   /network_proc_full_tb/uut/fifo_instance/ram_inst/inst/  $recovery(
   CLKA:67.100 us, CLKB:67.100 us,1.000 ns)

WARNING:Simulator:29 - at 67.100 us: Warning: Timing violation in
   /network_proc_full_tb/uut/gpu_instance/ICache/inst/  $recovery( CLKB:67.100
   us, CLKA:67.100 us,1.000 ns)

WARNING:Simulator:29 - at 67.100 us: Warning: Timing violation in
   /network_proc_full_tb/uut/gpu_instance/ICache/inst/  $recovery( CLKA:67.100
   us, CLKB:67.100 us,1.000 ns)

WARNING:Simulator:29 - at 67.200 us: Warning: Timing violation in
   /network_proc_full_tb/uut/fifo_instance/ram_inst/inst/  $recovery(
   CLKB:67.200 us, CLKA:67.200 us,1.000 ns)

WARNING:Simulator:29 - at 67.200 us: Warning: Timing violation in
   /network_proc_full_tb/uut/fifo_instance/ram_inst/inst/  $recovery(
   CLKA:67.200 us, CLKB:67.200 us,1.000 ns)

WARNING:Simulator:29 - at 67.200 us: Warning: Timing violation in
   /network_proc_full_tb/uut/gpu_instance/ICache/inst/  $recovery( CLKB:67.200
   us, CLKA:67.200 us,1.000 ns)

WARNING:Simulator:29 - at 67.200 us: Warning: Timing violation in
   /network_proc_full_tb/uut/gpu_instance/ICache/inst/  $recovery( CLKA:67.200
   us, CLKB:67.200 us,1.000 ns)

WARNING:Simulator:29 - at 67.300 us: Warning: Timing violation in
   /network_proc_full_tb/uut/fifo_instance/ram_inst/inst/  $recovery(
   CLKB:67.300 us, CLKA:67.300 us,1.000 ns)

WARNING:Simulator:29 - at 67.300 us: Warning: Timing violation in
   /network_proc_full_tb/uut/fifo_instance/ram_inst/inst/  $recovery(
   CLKA:67.300 us, CLKB:67.300 us,1.000 ns)

WARNING:Simulator:29 - at 67.300 us: Warning: Timing violation in
   /network_proc_full_tb/uut/gpu_instance/ICache/inst/  $recovery( CLKB:67.300
   us, CLKA:67.300 us,1.000 ns)

WARNING:Simulator:29 - at 67.300 us: Warning: Timing violation in
   /network_proc_full_tb/uut/gpu_instance/ICache/inst/  $recovery( CLKA:67.300
   us, CLKB:67.300 us,1.000 ns)

WARNING:Simulator:29 - at 67.400 us: Warning: Timing violation in
   /network_proc_full_tb/uut/fifo_instance/ram_inst/inst/  $recovery(
   CLKB:67.400 us, CLKA:67.400 us,1.000 ns)

WARNING:Simulator:29 - at 67.400 us: Warning: Timing violation in
   /network_proc_full_tb/uut/fifo_instance/ram_inst/inst/  $recovery(
   CLKA:67.400 us, CLKB:67.400 us,1.000 ns)

WARNING:Simulator:29 - at 67.400 us: Warning: Timing violation in
   /network_proc_full_tb/uut/gpu_instance/ICache/inst/  $recovery( CLKB:67.400
   us, CLKA:67.400 us,1.000 ns)

WARNING:Simulator:29 - at 67.400 us: Warning: Timing violation in
   /network_proc_full_tb/uut/gpu_instance/ICache/inst/  $recovery( CLKA:67.400
   us, CLKB:67.400 us,1.000 ns)

WARNING:Simulator:29 - at 67.500 us: Warning: Timing violation in
   /network_proc_full_tb/uut/fifo_instance/ram_inst/inst/  $recovery(
   CLKB:67.500 us, CLKA:67.500 us,1.000 ns)

WARNING:Simulator:29 - at 67.500 us: Warning: Timing violation in
   /network_proc_full_tb/uut/fifo_instance/ram_inst/inst/  $recovery(
   CLKA:67.500 us, CLKB:67.500 us,1.000 ns)

WARNING:Simulator:29 - at 67.500 us: Warning: Timing violation in
   /network_proc_full_tb/uut/gpu_instance/ICache/inst/  $recovery( CLKB:67.500
   us, CLKA:67.500 us,1.000 ns)

WARNING:Simulator:29 - at 67.500 us: Warning: Timing violation in
   /network_proc_full_tb/uut/gpu_instance/ICache/inst/  $recovery( CLKA:67.500
   us, CLKB:67.500 us,1.000 ns)

WARNING:Simulator:29 - at 67.600 us: Warning: Timing violation in
   /network_proc_full_tb/uut/fifo_instance/ram_inst/inst/  $recovery(
   CLKB:67.600 us, CLKA:67.600 us,1.000 ns)

WARNING:Simulator:29 - at 67.600 us: Warning: Timing violation in
   /network_proc_full_tb/uut/fifo_instance/ram_inst/inst/  $recovery(
   CLKA:67.600 us, CLKB:67.600 us,1.000 ns)

WARNING:Simulator:29 - at 67.600 us: Warning: Timing violation in
   /network_proc_full_tb/uut/gpu_instance/ICache/inst/  $recovery( CLKB:67.600
   us, CLKA:67.600 us,1.000 ns)

